record_id,state,source_endpoint,source_doc_title,rcj_amount,cms_fy2026_allotment,delta,abs_pct_delta,tier1_agreement
ac0d55dc-52fb-4ec8-9a79-4d1838ea42eb,AK,documents,"AK - 2026 - RHTP Advisory Council Council Meeting Minutes July 1, 2026",272000000,272174856,-174856,6.42439946767162e-4,ROUNDED
78131ec1-5ae9-4f04-a291-bc756ec7b930,AK,documents,AK - 2025 - Alaska Has a Rare Opportunity to Transform Rural Health. We Must Think Bigger Than Individual Projects.,272000000,272174856,-174856,6.42439946767162e-4,ROUNDED
faf23400-76f0-4426-9245-ffbaaa7aec13,AK,documents,AK - 2026 - Advancing RHT: A Statewide Convening,272000000,272174856,-174856,6.42439946767162e-4,ROUNDED
227b2b82-b25c-4691-a656-dc312a364485,AK,documents,"AK - 2026 - Recap: RHTP Impacts: Strengthening Workforce, March 24, 2026",272000000,272174856,-174856,6.42439946767162e-4,ROUNDED
3e2ab1fb-52e8-44c8-a6e9-59d09eeec224,AK,documents,"AK - 2026 - RHTP Impacts: Pay for Value: Fiscal Sustainability Kickoff Session, April 1, 2026",272000000,272174856,-174856,6.42439946767162e-4,ROUNDED
b94e3a65-3355-410b-827c-5042933e5bd1,AK,documents,"AK - 2026 - Recap: RHTP Impacts: Healthy Communities Kickoff Session, March 23, 2026",272000000,272174856,-174856,6.42439946767162e-4,ROUNDED
a910fb8e-6329-47cf-8b36-88c727486c3d,AK,documents,"AK - 2026 - RHTP Impacts: Health Care Access Kickoff Session, March 31, 2026",272000000,272174856,-174856,6.42439946767162e-4,ROUNDED
f17b8aa1-ce34-43ad-a70c-f4c71c2cbe75,AK,documents,"AK - 2026 - Recap: RHTP Impacts: Healthy Beginnings, March 24, 2026",272000000,272174856,-174856,6.42439946767162e-4,ROUNDED
b8ac77e1-f0ec-4484-a198-f0db0dc08f7b,AK,opportunities,Alaska Federal RHTP Award (FY2026-FY2030),272000000,272174856,-174856,6.42439946767162e-4,ROUNDED
55a2f137-83bd-4ca5-b25f-d1bb785198c2,AK,documents,AK - 2025 - Alaska RHTP,272174855.72,272174856,-0.2799999713897705,1.0287503243494707e-9,ROUNDED
0bbfa9fa-8633-416c-8b16-a61ede72d8ff,AK,documents,AK - 2026 - Alaska RHTP,272174855.72,272174856,-0.2799999713897705,1.0287503243494707e-9,ROUNDED
85d23dc9-09d2-427e-ac16-d43979b2ff16,AK,documents,AK - 2026 - Alaska RHTP (021826-press-release-letter-of-interest-portal-opens-for-alaska-rural-health-transformation-program),272174856,272174856,0,0,EXACT
abffe38a-8be1-4d3a-9171-83e954b36f09,AL,documents,AL - 2025 - Alabama RHTP,203000000,203404327,-404327,0.0019877994040903564,ROUNDED
0691b87c-9f06-461d-9425-28223d3d090e,AL,opportunities,Alabama Federal RHTP Award (FY2026-FY2030),203000000,203404327,-404327,0.0019877994040903564,ROUNDED
e6cdee3c-9daa-430d-a34a-bee9551770aa,AL,documents,AL - 2026 - Alabama RHTP Frequently Asked Questions (FAQ) Compiled from Roadshow Sessions and Application Workshops (FAQ_2nd-Round-8.04.26-ADECA-Final),203404326.54,203404327,-0.46000000834465027,2.2615055202077893e-9,ROUNDED
df7d8be4-a509-4c17-a088-9ba32125b2d4,AL,documents,AL - 2026 - Alabama RHTP Frequently Asked Questions (FAQ),203404326.54,203404327,-0.46000000834465027,2.2615055202077893e-9,ROUNDED
3f9f7741-7d8f-4398-b667-781d9af27ccf,AR,documents,AR - 2026 - Sanders Announces Applications are Open for $209 Million in RHT Funds,209000000,208779396,220604,0.0010566368340293503,ROUNDED
db6da557-c80d-4b05-8c0b-bd85cc583b0f,AR,opportunities,Arkansas Federal RHTP Award (FY2026-FY2030),209000000,208779396,220604,0.0010566368340293503,ROUNDED
8f26f4ae-077a-461e-9004-854c17638b4d,AR,documents,AR - 2026 - Project Year 1 Budget Narrative for Arkansas RHTP (CMS-RHT-26-001),208779396.02,208779396,0.02000001072883606,9.579494486532598e-11,ROUNDED
d6e23bb8-2591-4531-a073-f2d292c5b424,AZ,documents,AZ - 2025 - Arizona RHTP (Initiatives),167000000,166988956,11044,6.613611022276228e-5,ROUNDED
c8583aa4-3439-418a-8b7b-d0ba9f0eb1ba,AZ,opportunities,Arizona Federal RHTP Award (FY2026-FY2030),167000000,166988956,11044,6.613611022276228e-5,ROUNDED
7ea0936e-8226-40a5-9b4b-646582a70f20,AZ,documents,AZ - 2026 - RHT Revised Budget (1/30/26),166988955,166988956,-1,5.988419976707921e-9,ROUNDED
a595e5a8-f8bd-4556-9ebb-2f1e7d24ccc0,AZ,documents,AZ - 2026 - RHT: Workforce Overview,166988956,166988956,0,0,EXACT
ad3996d5-05ac-4016-ae45-fd827faa86a8,AZ,documents,AZ - 2025 - Arizona RHTP (Arizona'sRHTP_ProgramWhitePaper),166988956,166988956,0,0,EXACT
e62a26f3-1bf4-4804-b552-9862fa0f8618,CA,opportunities,California Federal RHTP Award (FY2026-FY2030),234000000,233639308,360692,0.0015437984433680997,ROUNDED
5d8027b5-86ca-4b0c-bc44-8da5dfdebe3a,CA,documents,CA - 2026 - calrht (ef4930),233600000,233639308,-39308,1.6824223773167485e-4,ROUNDED
510665cc-74fe-45fc-a7b8-7c6d97a5ed86,CA,documents,CA - 2026 - === Web - 1 new result for [RHT] ===,233600000,233639308,-39308,1.6824223773167485e-4,ROUNDED
163ffc0b-5331-47a5-bf2c-f1faa66c6a2f,CA,documents,CA - 2026 - calrht,233600000,233639308,-39308,1.6824223773167485e-4,ROUNDED
ebf08a6e-7586-4880-adbc-a2c1d734b927,CA,documents,CA - 2025 - RHTP Subrecipient Agreement,233639308.47,233639308,0.4699999988079071,2.0116477951899562e-9,ROUNDED
ab545d10-3218-4d9d-a31a-2d6d7de3a004,CA,documents,CA - 2026 - Workforce Development Recruitment and Retention (WDRR) Program Frequently Asked Questions,233639308.46,233639308,0.46000000834465027,1.9688468189806924e-9,ROUNDED
5d9da64d-0680-43de-8594-241778be8ff7,CA,documents,CA - 2026 - CalRHT (California RHTP),233639308.46,233639308,0.46000000834465027,1.9688468189806924e-9,ROUNDED
fafdb840-2053-4c65-a2d9-29dd3b18d7b0,CA,documents,CA - 2026 - California RHT (CalRHT) Program Briefing (California-Rural-Health-Transformation-Program-Briefing-March-2026),233639308.46,233639308,0.46000000834465027,1.9688468189806924e-9,ROUNDED
dc45e00c-1261-45ae-a58c-c3e4ed6b9ea6,CA,documents,"CA - 2026 - Rural Health Policy Council Meeting #1 July 28, 2026 (calrht-rhpc-meeting-1-presentation)",233639308,233639308,0,0,EXACT
54ce75a3-a3ee-4501-98ab-6e3b6d25f119,CA,documents,"CA - 2026 - Rural Health Policy Council Meeting #1 July 28, 2026",233639308,233639308,0,0,EXACT
74c089db-b1ef-4b49-ba07-13760ca8bea8,CA,documents,CA - 2026 - California Rural Health Policy Council Guide,233639308,233639308,0,0,EXACT
9c813b90-e581-47a2-92f5-31fb3fda99e1,CA,documents,CA - 2026 - California RHT (CalRHT) Program Briefing,233639308,233639308,0,0,EXACT
96373ded-41cf-46ae-9124-0e5df709e261,CO,documents,CO - 2025 - Colorado First Colorado RHTP Advisory Committee meeting,200000000,200105604,-105604,5.277413420165884e-4,ROUNDED
63239918-7a58-4544-9803-e20dcc2eb088,CO,opportunities,Colorado Federal RHTP Award (FY2026-FY2030),200000000,200105604,-105604,5.277413420165884e-4,ROUNDED
c3929543-780e-4fab-bb82-8c2547b36d88,CO,documents,CO - 2025 - Eligible Applicants and Guidance for the Colorado RHTP (Eligible_Rural_Health_Providers_and_Partners_6-4-26),200105604.17,200105604,0.16999998688697815,8.495513543287781e-10,ROUNDED
23429261-216c-458c-907a-25563c2dff04,CO,documents,CO - 2025 - Eligible Applicants and Guidance for the Colorado RHTP,200105604.17,200105604,0.16999998688697815,8.495513543287781e-10,ROUNDED
57f581f8-fa5c-4bed-acdc-4f5b5da43096,CO,documents,CO - 2026 - RHTP History,200105604.17,200105604,0.16999998688697815,8.495513543287781e-10,ROUNDED
9aab0327-fe34-4f86-b918-8c4a0984d68c,CO,documents,CO - 2025 - Eligible Applicants for the Colorado RHTP,200105604.17,200105604,0.16999998688697815,8.495513543287781e-10,ROUNDED
e27e8df0-51d9-42c8-9cdf-e3610bd1d8af,CO,documents,CO - 2026 - Colorado RHTP Budget Overview (Colorado_RHTP_Budget_At-A-Glance_5.6.26_0),200105604.17,200105604,0.16999998688697815,8.495513543287781e-10,ROUNDED
dec8bf4b-721e-496a-ae21-9e8675ccb78d,CO,documents,CO - 2026 - Colorado RHTP Budget Overview (Colorado_RHTP_Budget_At-A-Glance),200105604.17,200105604,0.16999998688697815,8.495513543287781e-10,ROUNDED
f99effd1-cee6-423f-b9b3-7580a7707338,CO,documents,CO - 2025 - Colorado RHTP Project Narrative,200105604,200105604,0,0,EXACT
6309e0de-5769-4b2a-a5e2-720c52dfa0b3,CO,documents,CO - 2026 - Colorado RHTP Budget Overview,200105604,200105604,0,0,EXACT
61cf30a3-f4e9-468e-b23d-71a67c4be1e2,CO,documents,CO - 2025 - Colorado RHTP (3-25-26_RHTP_Advisory_Committee_Meeting_Transcript),200105604,200105604,0,0,EXACT
f261a304-bc51-4c22-bf87-c1773d10fe40,CO,documents,CO - 2026 - RHTP Advisory Committee,200105604,200105604,0,0,EXACT
61d05aac-d0a8-4a8f-9dd7-6b30919eeaa2,CT,documents,CT - 2026 - Governor Ned Lamont Fact Sheet: 2026 Legislative Proposal,154200000,154249106,-49106,3.183551676468063e-4,ROUNDED
c75781bb-07b2-42ae-ba47-4ef8afbd1461,CT,documents,CT - 2026 - Notice of Award for Connecticut RHTP,154249105.53,154249106,-0.4699999988079071,3.0470192728890573e-9,ROUNDED
d0faadba-fdc3-434e-90d3-1defc365934f,CT,documents,"CT - 2026 - Connecticut Department of Social Services - RHT Budget Narrative (April 7, 2026)",154249105.53,154249106,-0.4699999988079071,3.0470192728890573e-9,ROUNDED
dc5555df-3697-4485-b48c-7d824fa4e4db,CT,documents,"CT - 2026 - Connecticut Department of Social Services - RHT Budget Narrative (Updated April 7, 2026)",154249105.53,154249106,-0.4699999988079071,3.0470192728890573e-9,ROUNDED
2e6a8170-96fd-4e5b-afbb-2dbf5826fdab,CT,documents,CT - 2025 - Connecticut RHTP (budget-narrative-rht-noa-v3),154249105.53,154249106,-0.4699999988079071,3.0470192728890573e-9,ROUNDED
ffccf923-d85f-4cd6-9b49-e9446c43bcfd,CT,opportunities,Connecticut Federal RHTP Award (FY2026-FY2030),154249105.53,154249106,-0.4699999988079071,3.0470192728890573e-9,ROUNDED
ad6faa49-d0b7-4549-b175-fa4762a71d4d,DE,opportunities,Delaware Federal RHTP Award (FY2026-FY2030),157000000,157394964,-394964,0.002509381431034858,ROUNDED
bfb66c1e-e907-4560-ad43-4cfc6a74454e,DE,documents,DE - 2025 - Notice of Award for Delaware RHTP Cooperative Agreement,157394963.86,157394964,-0.13999998569488525,8.894819893658431e-10,ROUNDED
cb966a2a-7724-4062-9a51-62c9abba2bf7,DE,documents,DE - 2026 - Notice of Award RHTCMS332053-01-01,157394963.86,157394964,-0.13999998569488525,8.894819893658431e-10,ROUNDED
9647f180-2c22-4201-a5c6-26926524f87c,FL,documents,FL - 2025 - RON DESANTIS GOVERNOR,209000000,209938195,-938195,0.004468910481010851,ROUNDED
53b78c49-ae1c-42ad-b49c-36e4e57dbc72,FL,documents,FL - 2026 - RON DESANTIS GOVERNOR (4-14-26_RHTP_Procurement),209000000,209938195,-938195,0.004468910481010851,ROUNDED
d04bfbde-e732-4aeb-bdf8-34a29b1f6ccd,FL,documents,FL - 2025 - Florida RHTP (RHTP_FAQs_Updated_4-10-26),209000000,209938195,-938195,0.004468910481010851,ROUNDED
8e0f076f-d29b-4c9f-b561-eebf620bac56,FL,documents,FL - 2026 - Florida Agency for Health Care Administration Announces Funding and Procurement Opportunities for RHTP,209000000,209938195,-938195,0.004468910481010851,ROUNDED
33d551bd-4b9b-4a0b-9ff0-aeb308d05f26,FL,opportunities,Florida Federal RHTP Award (FY2026-FY2030),210000000,209938195,61805,2.9439616740536425e-4,ROUNDED
fc4b9fbd-a1ce-43ca-a0c8-a41241b6c252,FL,documents,FL - 2026 - Florida RHTP,209938195,209938195,0,0,EXACT
c828be2b-82b3-48d1-aa62-d55630698339,GA,documents,GA - 2025 - Georgia Rural Enhancement and Transformation of Health (GREAT Health) – RHTP Year 1 Award,218000000,218862170,-862170,0.003939328573777734,ROUNDED
cb38f956-d7fa-46c5-9a57-d66a2129ff05,GA,documents,"GA - 2025 - DCH & SORH: Looking Back, Looking Forward",218600000,218862170,-262170,0.001197877184531251,ROUNDED
55ea34cc-f04b-48fe-84ed-f85e612d71af,GA,opportunities,Georgia Federal RHTP Award (FY2026-FY2030),219000000,218862170,137830,6.297570749664046e-4,ROUNDED
7a0e5730-f35d-4092-ae8b-8f1d448a303d,GA,documents,GA - 2025 - RHTP First Year Award,218800000,218862170,-62170,2.840600547824231e-4,ROUNDED
37e428fa-08ad-4c8d-97cd-1a6388675176,GA,documents,GA - 2026 - GREAT Health Program: Georgia's RHT Strategic Summary,218900000,218862170,37830,1.7284851009199078e-4,ROUNDED
5eeec24d-4f22-4953-9f03-455022101c02,GA,documents,GA - 2026 - Georgia GREAT Health Program: RHT Federal Guidance & Application Process (2025-2026),218900000,218862170,37830,1.7284851009199078e-4,ROUNDED
9aff279b-60e5-4658-9d5d-9b02033d49d4,GA,documents,GA - 2026 - Notice of Award,218862169.63,218862170,-0.3700000047683716,1.6905617118224296e-9,ROUNDED
ae1f29af-f66c-4305-bb45-e06047a10c14,GA,documents,GA - 2023 - RHTP Year 1 Initiatives and Strategies in Georgia,218862170,218862170,0,0,EXACT
4598a36e-5691-4a43-b47f-019a62fae138,GA,documents,GA - 2026 - About Advocacy,218862170,218862170,0,0,EXACT
6f1a617f-fe31-4e9d-af79-db3c22a247e0,HI,documents,HI - 2026 - Hawai‘i RHTP,189000000,188892440,107560,5.694245889353751e-4,ROUNDED
fffc6eb1-bc06-4514-af10-474b7e9d839f,HI,opportunities,Hawaii Federal RHTP Award (FY2026-FY2030),189000000,188892440,107560,5.694245889353751e-4,ROUNDED
fc57522e-511a-4968-9795-e29904c7e05b,IA,documents,IA - 2025 - Vision for Iowa: Transforming Health Care in Iowa,209000000,209040064,-40064,1.9165704044177867e-4,ROUNDED
347e70bb-32da-4583-bd11-fccd2de523ac,IA,opportunities,Iowa Federal RHTP Award (FY2026-FY2030),209000000,209040064,-40064,1.9165704044177867e-4,ROUNDED
08f2dab0-96f5-4a6f-981d-4b67da4b51b7,ID,documents,ID - 2026 - Idaho RHTP Award Idaho’S RHT Plan,186644670,185974368,670302,0.0036042708853297463,ROUNDED
c26768d5-1658-4e83-b1d1-9250856efffd,ID,opportunities,Idaho Federal RHTP Award (FY2026-FY2030),186000000,185974368,25632,1.3782544484839976e-4,ROUNDED
e2185b3e-0a45-4b50-89ae-f9edda84f007,ID,documents,ID - 2026 - Idaho RHTP: Year 1 Implementation and Award Overview,185974367.81,185974368,-0.1899999976158142,1.0216461529570258e-9,ROUNDED
540b8d26-9645-46c6-a578-1c1140a3bdad,ID,documents,ID - 2025 - State of Idaho RHTP Budget Justification and Implementation Plan,185974368,185974368,0,0,EXACT
30ffbd4d-1b85-425a-939a-657f39491ca6,IL,opportunities,Illinois Federal RHTP Award (FY2026-FY2030),193000000,193418216,-418216,0.002162236880522153,ROUNDED
1b993315-008c-4afd-860b-62e9308e3076,IL,documents,IL - 2026 - Illinois awarded $193 million to expand healthcare access in rural areas,193418216,193418216,0,0,EXACT
52042083-af41-4537-8744-3659b6e5ac56,IN,documents,IN - 2026 - RHTP01: MOCC Operations Bid Documents,207000000,206927897,72103,3.484450431543312e-4,ROUNDED
e7b35a4a-d6dd-4226-8c52-7ed6ec64e16d,IN,opportunities,Indiana Federal RHTP Award (FY2026-FY2030),207000000,206927897,72103,3.484450431543312e-4,ROUNDED
f1046f2e-9b5a-4a97-9cc6-c8e235c5c83c,IN,documents,IN - 2026 - Indiana RHTP (RHTP-Initiative-Update-1),206927896.8,206927897,-0.19999998807907104,9.665201791475756e-10,ROUNDED
fcfd9ff0-2505-4674-b2f3-6572812c9449,IN,documents,IN - 2025 - Indiana RHTP (RHTP-GROW-Statewide-Presentation-3.2.26),206927896.8,206927897,-0.19999998807907104,9.665201791475756e-10,ROUNDED
e6b40927-6ed4-4fda-825f-cf44efb1de64,IN,documents,IN - 2025 - Indiana RHTP One Pager,206927896.8,206927897,-0.19999998807907104,9.665201791475756e-10,ROUNDED
7e79f0e9-dc49-41ea-a1f1-bb13fc755a15,KS,documents,"KS - 2026 - RHTP | KDHE, KS",221000000,221898008,-898008,0.004046940340266597,ROUNDED
111db0ac-e319-4f53-bcbc-d734e4841358,KS,opportunities,Kansas Federal RHTP Award (FY2026-FY2030),222000000,221898008,101992,4.5963459032043224e-4,ROUNDED
2a12284f-099b-4ec5-b042-76ce58c62fbc,KS,documents,"KS - 2026 - Emerging Technology Committee Meeting Summary June 4, 2026",221900000,221898008,1992,8.977097261729362e-6,ROUNDED
c81a5562-e9ed-4ce4-9b88-0f6c9471537b,KS,documents,"KS - 2026 - Kansas RHTP Emerging Technology Committee Background, Purpose, Goals and Timeline",221900000,221898008,1992,8.977097261729362e-6,ROUNDED
8a828338-4bea-44fe-8cc7-8d20f90ca3f7,KS,documents,KS - 2026 - Kansas RHT Plan Year 1 Budget Narrative Revision 1: April 2026,221898007.82,221898008,-0.18000000715255737,8.11183519739201e-10,ROUNDED
5a9e6a17-a376-4e67-ad52-48aefce3f40a,KY,opportunities,Kentucky Federal RHTP Award (FY2026-FY2030),213000000,212905591,94409,4.4343128593555815e-4,ROUNDED
b3d2cc22-7d2c-4679-a33d-4b178812c6f9,KY,documents,KY - 2026 - Education & Training Modernization Funding Guidance for EMS Agencies (RHT_E&T_Modernization_-_Narrative),212900000,212905591,-5591,2.6260465841876364e-5,ROUNDED
acf1955b-6d39-49db-bb7c-2d2cce3ab64a,KY,documents,KY - 2026 - Community Paramedicine Funding Guidance for EMS Agencies,212900000,212905591,-5591,2.6260465841876364e-5,ROUNDED
6338f727-5a6f-4fb2-af00-c7fc048cff16,KY,documents,KY - 2026 - Education & Training Modernization Funding Guidance for EMS Agencies,212900000,212905591,-5591,2.6260465841876364e-5,ROUNDED
5ac0bb97-657e-4e9d-b4ed-dba33f2ea8e8,KY,documents,KY - 2026 - Attachment B - CMS Notice of Award,212905590.56,212905591,-0.4399999976158142,2.066643696622388e-9,ROUNDED
0d7ea49e-5e6b-4844-a2d1-5252bd656a11,LA,documents,LA - 2027 - Louisiana Department of Health - RHTP Overview,208000000,208374448,-374448,0.0017969957621675379,ROUNDED
38432409-529f-4600-8bd2-75b9a100cdf1,LA,opportunities,Louisiana Federal RHTP Award (FY2026-FY2030),208000000,208374448,-374448,0.0017969957621675379,ROUNDED
afec454a-025a-449d-aae8-4dda2eb64204,LA,documents,LA - 2026 - Rural Health Atlas,208400000,208374448,25552,1.2262539982829372e-4,ROUNDED
a760b0c2-9617-4c46-8228-a7d92ce94ec2,LA,documents,"LA - 2026 - RHTP Advisory Council – August 20, 2026",208374448,208374448,0,0,EXACT
8cc5716b-d641-4603-8c7e-2c5918457b68,MA,opportunities,Massachusetts Federal RHTP Award (FY2026-FY2030),162000000,162005238,-5238,3.23322879226905e-5,ROUNDED
c46d6581-d13e-4fe6-85ab-bb20ce662b43,MD,documents,MD - 2026 - RHTP Grant Funding to Expand Access to Primary Care in Rural Maryland Frequently Asked Questions,168000000,168180838,-180838,0.0010752592397000663,ROUNDED
9124697a-d910-404c-926c-6cf7ac7e63af,MD,documents,MD - 2026 - MHCC Request for Applications: Maryland RHTP Grant Funding to Expand Access to Primary Care in Rural Maryland,168000000,168180838,-180838,0.0010752592397000663,ROUNDED
18a384e6-a08e-4e9b-8891-ae01c074bc21,MD,documents,MD - 2025 - Moore-Miller Administration Secures $168 million in Federal Funding to Advance Health Care in Rural Maryland Communities (fc3327),168000000,168180838,-180838,0.0010752592397000663,ROUNDED
18f754ce-8dff-4a79-bfb2-0dbd0e8b93b1,MD,opportunities,Maryland Federal RHTP Award (FY2026-FY2030),168000000,168180838,-180838,0.0010752592397000663,ROUNDED
cfa2846f-9d89-43c4-a64b-1ace0de5a75f,MD,documents,MD - 2026 - Maryland RHTP (MD-RHTP-FAQ-Public-Facing),168180837.61,168180838,-0.38999998569488525,2.3189323488499045e-9,ROUNDED
0583663d-4de1-4d46-9d43-2e5b45369998,ME,opportunities,Maine Federal RHTP Award (FY2026-FY2030),190000000,190008051,-8051,4.23718887574927e-5,ROUNDED
9841417b-78be-4437-9f7a-0c8bf7f26c5f,ME,documents,ME - 2025 - Department of Health and Human Services Notice of Award,190008051.09,190008051,0.09000000357627869,4.73664158453363e-10,ROUNDED
e9420d10-4330-49a1-a4d2-a7f6c19da960,ME,documents,ME - 2026 - Maine RHTP,190008051,190008051,0,0,EXACT
3cf37d87-d8e2-4dd8-a188-36df2d6939eb,MI,documents,MI - 2026 - State Of Michigan RHTP Budget Narrative,172905701.02,173128201,-222499.97999998927,0.0012851746781565026,ROUNDED
080ee5cf-a0b2-4ac1-b009-3f4b61d44a0d,MI,documents,MI - 2026 - April 2026 RHTP Advisory Council Update,173000000,173128201,-128201,7.404974998844931e-4,ROUNDED
46b423b4-193a-4a37-89b5-6786e53a820d,MI,documents,"MI - 2026 - RHTP newsletter is designed to share updates on program activities, progress across current initiatives and partner highlights",173000000,173128201,-128201,7.404974998844931e-4,ROUNDED
6add72d5-9bb9-46b5-a249-845197be1b23,MI,documents,MI - 2026 - Michigan’s RHTP,173000000,173128201,-128201,7.404974998844931e-4,ROUNDED
2f57f085-0099-4798-9f08-987d9167866d,MI,opportunities,Michigan Federal RHTP Award (FY2026-FY2030),173000000,173128201,-128201,7.404974998844931e-4,ROUNDED
dcd12613-3ada-4147-baf2-4c19f27093b6,MI,documents,MI - 2026 - Michigan Awarded $173 Million to Strengthen Rural Health,173128201,173128201,0,0,EXACT
d479f46c-7f93-44a4-9f98-d61e2eff3488,MI,documents,MI - 2026 - Michigan awarded more than $173 million in federal funding to strengthen rural health,173128201,173128201,0,0,EXACT
6645864a-6cad-4f4a-9b87-6911c381e7c3,MN,documents,MN - 2026 - Minnesota RHTP Year 1: Direct Allocation Grant Opportunities & Application Guidance (April 2026),193000000,193090618,-90618,4.693029673766956e-4,ROUNDED
44863725-ab52-4992-b6e1-a64a0fc14e45,MN,documents,MN - 2026 - Minnesota RHTP Grants –Rural Tribal Nations (Notice of Grant Opportunity),193000000,193090618,-90618,4.693029673766956e-4,ROUNDED
83974fc0-c514-4a92-9d04-85eae6a973d4,MN,documents,MN - 2026 - Minnesota RHTP Grants – Rural Certified Community Behavioral Health Clinics and Community Mental Health Centers Application,193000000,193090618,-90618,4.693029673766956e-4,ROUNDED
c5a461a1-dc5d-4526-97df-c6ccc053f95b,MN,documents,MN - 2026 - Minnesota RHTP: Year 1 Guidance and Application Instructions (FFY2026 Award),193000000,193090618,-90618,4.693029673766956e-4,ROUNDED
cde4f710-8a47-4d31-af7a-28e1eac06119,MN,documents,MN - 2026 - Minnesota RHTP Grants – Rural Federally Qualified Health Centers Application (Notice of Grant Opportunity),193000000,193090618,-90618,4.693029673766956e-4,ROUNDED
0a99135a-a8d0-4ee3-9963-2995381a2713,MN,documents,"MN - 2026 - Overview and Year 1 Direct Allocation Grant Opportunities: Minnesota RHTP, April 2026",193000000,193090618,-90618,4.693029673766956e-4,ROUNDED
4359d0b4-d306-4112-a424-af402b1140e4,MN,documents,MN - 2026 - Minnesota awarded $193 million for first year of RHTP,193000000,193090618,-90618,4.693029673766956e-4,ROUNDED
da577c22-b8e8-4c79-99c7-0d6cccf6b886,MN,opportunities,Minnesota Federal RHTP Award (FY2026-FY2030),193000000,193090618,-90618,4.693029673766956e-4,ROUNDED
c83d669e-695b-4491-a60a-77fdcbcd20c3,MO,documents,"MO - 2026 - DSS Shares RHTP Community Hub Boundaries, Opens Hub Anchor Applications",216000000,216276818,-276818,0.0012799245085989752,ROUNDED
25708f62-ab17-43f6-8193-cb70ee424f52,MO,documents,"MO - 2026 - RHTP Announces Home Visiting Funding, Launches Digital Backbone Roadshows",216000000,216276818,-276818,0.0012799245085989752,ROUNDED
a007df48-01a4-4af7-a3a6-3a389c31e09f,MO,documents,MO - 2026 - RHTP Funds To Help Expand Mobile Medical Services In Rural Missouri,216000000,216276818,-276818,0.0012799245085989752,ROUNDED
96e9d04e-73a0-42cd-8d50-fe7732afd5f5,MO,documents,MO - 2026 - Articles tagged with 'rural-health-transformation-program',216000000,216276818,-276818,0.0012799245085989752,ROUNDED
b9fcb022-dc6d-4e1f-8b72-9edaac9dc9e3,MO,documents,MO - 2025 - Missouri's RHTP: Year 1 Fund Distribution,216000000,216276818,-276818,0.0012799245085989752,ROUNDED
89f1fd32-e278-4929-8817-02c9b78a455a,MO,documents,MO - 2026 - The Digital Backbone: A connected technology foundation for rural care,216000000,216276818,-276818,0.0012799245085989752,ROUNDED
26013da4-d3b7-486d-9aa0-d59ab19dec6c,MO,documents,"MO - 2026 - Digital Backbone Overview and Statewide Digital Readiness Survey Results for Missouri RHTP, Year 1",216000000,216276818,-276818,0.0012799245085989752,ROUNDED
f46c20ac-0dfb-4004-85cb-1e25638d90be,MO,opportunities,Missouri Federal RHTP Award (FY2026-FY2030),216000000,216276818,-276818,0.0012799245085989752,ROUNDED
68cafb25-6e63-4f3f-bf35-b560a76ea500,MO,documents,MO - 2026 - Missouri RHTP Year 1 Implementation,216276817.66,216276818,-0.3400000035762787,1.5720593946239707e-9,ROUNDED
f05ccf55-a4f3-415e-845d-09105cd05a22,MS,documents,"MS - 2025 - Mississippi Medicaid Update – Mississippi Division of Medicaid (May 6, 2026, HFMA Region 9)",205000000,205907220,-907220,0.004405964977818651,ROUNDED
a5588553-1048-40cd-b460-9238970d8e13,MS,opportunities,Mississippi Federal RHTP Award (FY2026-FY2030),206000000,205907220,92780,4.505912905822341e-4,ROUNDED
b4f019eb-cffa-40f5-a8a0-26cc1c0a7177,MS,documents,MS - 2026 - Notice of Award – Mississippi RHTP State Transformation Plan Cooperative Agreement (Award# RHTCMS332063-01-03),205907220.16,205907220,0.1599999964237213,7.770489855757429e-10,ROUNDED
ca2f994a-165e-4508-ac0c-96650c1f875a,MT,documents,MT - 2026 - Important Milestones & Year 1 Work: RHTP Committee Meeting Update,233000000,233509359,-509359,0.002181321563218372,ROUNDED
55259d28-1fc9-4b26-a752-8daed664d171,MT,documents,MT - 2026 - Governor Gianforte and DPHHS Announce $233 Million RHTP Award for Montana,233000000,233509359,-509359,0.002181321563218372,ROUNDED
2030c9c1-5875-4f73-84fc-e778a43274b8,MT,documents,"MT - 2026 - Montana RHTP Stakeholder Advisory Committee January 22, 2026",233000000,233509359,-509359,0.002181321563218372,ROUNDED
dff779b9-6af3-4d97-bc94-d0a3ebeaf925,MT,documents,"MT - 2026 - Montana RHTP: Strategic Initiatives, Implementation, and Milestones",233000000,233509359,-509359,0.002181321563218372,ROUNDED
32b6efd5-dd81-40e0-b177-1cd3844f0d6a,MT,documents,MT - 2026 - RHT Plan (RHTP) Update,233000000,233509359,-509359,0.002181321563218372,ROUNDED
69f53af4-2855-4150-913e-100e1a050dbb,MT,documents,MT - 2026 - Your Guide to Applying for RHTP Grants,233000000,233509359,-509359,0.002181321563218372,ROUNDED
a4c44a06-f88f-4d2a-9098-744e6569e30d,MT,documents,MT - 2030 - Job Openings: RHTP,233000000,233509359,-509359,0.002181321563218372,ROUNDED
2eb66770-0213-446c-8555-7365337e81be,MT,documents,MT - 2026 - Montana RHTP,233000000,233509359,-509359,0.002181321563218372,ROUNDED
2402117b-7cf2-46d5-b068-3b65f08e92d9,MT,documents,MT - 2025 - Montana RHTP,233000000,233509359,-509359,0.002181321563218372,ROUNDED
34d8c82b-5621-4eda-a83b-40b7709cabe7,MT,opportunities,Montana Federal RHTP Award (FY2026-FY2030),234000000,233509359,490641,0.002101162035222751,ROUNDED
de4cd4fb-b882-4d78-8df5-ea679d01d6cd,MT,documents,MT - 2026 - Montana RHTP Vendor Fair FAQ and Program Guidance,233500000,233509359,-9359,4.007976399781047e-5,ROUNDED
b6940c4e-e077-4635-8332-30cdd4517da1,MT,documents,"MT - 2025 - April, 2026 Edition RHTP Newsletter",233509358.76,233509359,-0.24000000953674316,1.0277961044668157e-9,ROUNDED
cec34c6f-9572-4d90-82c6-b618bd22b7a6,MT,documents,MT - 2026 - Montana RHTP (RHTPVendorFair),233509358.76,233509359,-0.24000000953674316,1.0277961044668157e-9,ROUNDED
e38a06bf-d0c2-4bab-b816-53a44a643179,MT,documents,MT - 2026 - Montana RHTP (MT-RHTP-Stakeholder-Advisory-Committee-Meeting-Summary-012226),233509358.76,233509359,-0.24000000953674316,1.0277961044668157e-9,ROUNDED
58c8a221-fd9c-4982-9df4-746d99c65733,NC,documents,NC - 2026 - NC RHTP Advisory Committee (nc-rural-health-transformation-program-advisory-committee),213000000,213008356,-8356,3.9228508012145776e-5,ROUNDED
66954019-197e-43aa-b81e-a234c7de1e2b,NC,documents,NC - 2026 - CMS awards North Carolina $213 million through RHTP,213000000,213008356,-8356,3.9228508012145776e-5,ROUNDED
2bb5d34b-f629-4fe4-a39d-20d347a79882,NC,documents,"NC - 2025 - On Dec. 29, 2025, the Centers for Medicare and Medicaid Services (CMS) awarded North Carolina over $213 million in federal funding through the RHTP…",213000000,213008356,-8356,3.9228508012145776e-5,ROUNDED
f31e3819-77d0-46de-8971-ae9583933c3c,NC,documents,NC - 2026 - NC RHTP Advisory Committee,213000000,213008356,-8356,3.9228508012145776e-5,ROUNDED
5591f2cf-e457-4cb4-9d96-175341c362ad,NC,documents,NC - 2025 - CMS Awards North Carolina Over $213 Million for RHT,213000000,213008356,-8356,3.9228508012145776e-5,ROUNDED
06e53f12-fc7e-4ed2-a0d7-ec9e3fe53a6d,NC,documents,NC - 2026 - Welcome to the NCRHTP Newsletter,213000000,213008356,-8356,3.9228508012145776e-5,ROUNDED
f7648430-ef37-428e-8bdd-1971855fbb50,NC,documents,NC - 2026 - North Carolina RHTP Award Announcement,213000000,213008356,-8356,3.9228508012145776e-5,ROUNDED
a91814d5-9013-47f6-bce2-bfcd3d904fd7,NC,opportunities,North Carolina Federal RHTP Award (FY2026-FY2030),213000000,213008356,-8356,3.9228508012145776e-5,ROUNDED
66c14aaf-dd87-4330-96ee-01df9f9dad73,NC,documents,NC - 2026 - RHTP Grant Opportunities,213008356.47,213008356,0.4699999988079071,2.2064862037990056e-9,ROUNDED
f756fa73-34ee-4aac-b428-b7ea700a9d68,ND,documents,ND - 2026 - State hires RHT strategist,199000000,198936970,63030,3.168340203432273e-4,ROUNDED
6d419c11-351b-4aed-b4b7-7759b8cf2610,ND,documents,ND - 2026 - North Dakota Health and Human Services is announcing multiple RHTP funding opportunities now open for application across rural and tribal…,199000000,198936970,63030,3.168340203432273e-4,ROUNDED
bcae480a-4585-4fc6-b876-71840df9380d,ND,documents,"ND - 2026 - Hunnicutt, national wellness leader, joins North Dakota’s RHT effort",199000000,198936970,63030,3.168340203432273e-4,ROUNDED
6a8e57ba-7d97-41d2-9275-55ca3a148781,ND,documents,ND - 2026 - Award Announced - RHTP,199000000,198936970,63030,3.168340203432273e-4,ROUNDED
b6c69e2f-69a4-4519-b08e-098724cd548c,ND,opportunities,North Dakota Federal RHTP Award (FY2026-FY2030),199000000,198936970,63030,3.168340203432273e-4,ROUNDED
59fc02ec-b27f-4978-b7a7-74db97c77450,ND,documents,"ND - 2026 - RHTP Technical Assistance for Train In Place May 6, 2026",198900000,198936970,-36970,1.858377555463924e-4,ROUNDED
ce4d3fa0-1268-4589-a97d-abc9363789f3,NE,documents,NE - 2026 - View an accessible PDF,218000000,218529075,-529075,0.0024210737175362133,ROUNDED
b5a5c720-48fa-4033-84a4-d44b51d69428,NE,documents,NE - 2026 - DHHS Releases RFAs For RHTP Funding Opportunities,218500000,218529075,-29075,1.330486572553332e-4,ROUNDED
b60fdfc0-ebdd-42fa-8256-9e57bfbb48c6,NE,documents,NE - 2025 - Gov. Pillen Touts Huge RHTP Award,218529075,218529075,0,0,EXACT
c2b33768-3750-4a85-a99b-57b594d883e2,NH,documents,NH - 2026 - New Hampshire Moves Forward with Critical Rural Health Funding,204000000,204016550,-16550,8.112086985099983e-5,ROUNDED
9b93414a-e653-4778-a40e-6492191a7160,NH,documents,NH - 2026 - Council Unanimously Passes 4 GO-NORTH Federal Rural Health Grants,204000000,204016550,-16550,8.112086985099983e-5,ROUNDED
9520f4c9-55ad-4226-9c86-e3d814540e1e,NH,documents,NH - 2025 - Big investment in N.H. rural health secures key approval,204000000,204016550,-16550,8.112086985099983e-5,ROUNDED
d330870e-41d0-4dd7-b57d-fe98a20b5aa9,NH,documents,NH - 2026 - Executive Council approves recipients of GO-NORTH federal funding,204000000,204016550,-16550,8.112086985099983e-5,ROUNDED
25237cc8-2a88-48da-b147-8720b2c0f59a,NH,documents,NH - 2025 - NH - RHTP Application Preparation Resources,204000000,204016550,-16550,8.112086985099983e-5,ROUNDED
8ea239d8-0459-4f65-a38d-7ac62dcedc10,NH,documents,NH - 2026 - University System of New Hampshire Rural Healthcare Workforce Initiative,204000000,204016550,-16550,8.112086985099983e-5,ROUNDED
66f48cdf-eb04-41d8-bd37-a81af694eeda,NH,documents,NH - 2026 - Rural Healthcare Workforce Initiative,204000000,204016550,-16550,8.112086985099983e-5,ROUNDED
d40f6335-3381-4bf7-a267-504ae2e4c3a3,NH,documents,NH - 2026 - Community Development Finance Authority Rural Community Health Infrastructure Program,204000000,204016550,-16550,8.112086985099983e-5,ROUNDED
b08b4128-9496-4467-84d9-4737c9b0f38e,NH,documents,NH - 2026 - Foundation for Health Communities Investing in New Hampshire’s Rural Health Providers,204000000,204016550,-16550,8.112086985099983e-5,ROUNDED
e3e1a7f1-ff6a-495b-8861-947391df3170,NH,documents,NH - 2026 - New Hampshire Community Behavioral Health Association Investing in New Hampshire’s Community Mental Health System,204000000,204016550,-16550,8.112086985099983e-5,ROUNDED
2b43d23c-88bf-4063-b92a-b65e49eec242,NH,opportunities,New Hampshire Federal RHTP Award (FY2026-FY2030),204000000,204016550,-16550,8.112086985099983e-5,ROUNDED
e013d5a3-b2cd-4aec-9cc9-290f38f240ad,NH,documents,NH - 2026 - RHTP (Granite Strong. Future Ready.),204016550,204016550,0,0,EXACT
7f81fa66-1d7e-444b-b83f-fc9939800079,NH,documents,NH - 2026 - New Hampshire RHTP (NHRHTP),204016550,204016550,0,0,EXACT
4c3e0ea4-bfef-4bc3-b2ac-9a5d0be01f89,NH,documents,NH - 2026 - Foundation for Healthy Communities (FHC).pdf,204016550,204016550,0,0,EXACT
d9880e53-c3a0-4736-961c-03bf048ff07c,NH,documents,NH - 2026 - Community Development Finance Authority (CDFA).pdf,204016550,204016550,0,0,EXACT
8f06a57b-85fb-4e03-8d4f-28371f5cc88b,NH,documents,NH - 2026 - New Hampshire RHTP (771172),204016550,204016550,0,0,EXACT
b1e641dd-05d4-4cf3-8a0e-7e54c16b7ea0,NJ,opportunities,New Jersey Federal RHTP Award (FY2026-FY2030),147000000,147250806,-250806,0.001703257230388267,ROUNDED
f61ab278-752e-4aa3-9244-d5eb29304932,NM,documents,NM - 2025 - New Mexico RHTP Overview and Implementation Report,211000000,211484741,-484741,0.0022920849878242514,ROUNDED
18808943-3cce-43ef-b941-6e4b855f10f3,NM,opportunities,New Mexico Federal RHTP Award (FY2026-FY2030),211000000,211484741,-484741,0.0022920849878242514,ROUNDED
e13f232c-76d7-431e-b09f-0c55982abd35,NV,documents,NV - 2025 - Nevada Awarded RHTP Grant,180000000,179931608,68392,3.800999766533515e-4,ROUNDED
a98d833b-51c7-48ea-8f6a-76be617dbae4,NV,documents,NV - 2026 - Nevada Convenes Inaugural Meeting of the RHT Steering Committee to Strengthen Health Care Access and Support Rural Communities,180000000,179931608,68392,3.800999766533515e-4,ROUNDED
700944fd-37b2-4a33-af70-5e26ec552246,NV,documents,NV - 2026 - Nevada's RHT Program Award Information,180000000,179931608,68392,3.800999766533515e-4,ROUNDED
f58e30b7-0d47-462b-a446-1384fe441e20,NV,documents,NV - 2026 - Nevada RHTP (revised-project-narrative-01.30.2026),180000000,179931608,68392,3.800999766533515e-4,ROUNDED
8ff3c1e9-1852-42b7-9fd7-fea5049b6df4,NV,documents,NV - 2026 - Nevada RHT Project,180000000,179931608,68392,3.800999766533515e-4,ROUNDED
a8bb2dac-f347-498f-8cf4-cc3bd3b78127,NV,opportunities,Nevada Federal RHTP Award (FY2026-FY2030),180000000,179931608,68392,3.800999766533515e-4,ROUNDED
909a5609-8b97-45af-8015-871236ba9e50,NV,documents,NV - 2026 - Nevada RHTP (nevada-rht-information-sheet_apr2026),179931608.42,179931608,0.41999998688697815,2.3342201604010462e-9,ROUNDED
62369050-525c-4b52-a520-52f3f99888bf,NV,documents,"NV - 2026 - Joe Lombardo Stacie Weeks Governor Director Request for Application (RFA) and Request for Proposal (RFP) Processes Malinda Southard, Deputy Director March 11, 2026 NVHA.nv.gov Division Administrator NAME",179931608.42,179931608,0.41999998688697815,2.3342201604010462e-9,ROUNDED
da39145f-9b25-4d7c-b29f-6abef1804411,NV,documents,NV - 2026 - Nevada RHTP (nv-rht-timeline-graphic),179931608.42,179931608,0.41999998688697815,2.3342201604010462e-9,ROUNDED
879e7255-2430-493d-a952-e7ee68df872c,NV,documents,NV - 2025 - Nevada RHTP,179931608.42,179931608,0.41999998688697815,2.3342201604010462e-9,ROUNDED
b2fc2685-148c-43ff-a174-c345c2ff5d69,NV,documents,NV - 2026 - Nevada Announces First Round of Grants Under New RHTP,179931608,179931608,0,0,EXACT
fa4f08b3-d5cc-4a25-983d-170db3a8b00b,NV,documents,"NV - 2026 - Joe Lombardo Stacie Weeks Governor Director Winter Stakeholder Update Workshop January 27, 2026 nvha.nv.gov Division Administrator NAME",179931608,179931608,0,0,EXACT
eb5d8eaf-dcb2-4199-b42a-ee4e0662e525,NV,documents,NV - 2026 - Nevada RHTP (rht-stakeholder-meetings-02.26),179931608,179931608,0,0,EXACT
cd3e112f-9e77-4048-82d1-a1086e764588,NV,documents,NV - 2026 - RHTP (RHT),179931608,179931608,0,0,EXACT
3831e859-e7fc-4f7c-8386-f54f0873709d,NV,documents,NV - 2025 - Nevada RHT Program Overview_March 2026.pdf,179931608,179931608,0,0,EXACT
72c250d2-5372-437c-8702-f70b742cf70a,NY,opportunities,New York Federal RHTP Award (FY2026-FY2030),212000000,212058208,-58208,2.744906719196646e-4,ROUNDED
7347e343-97f3-40c1-95fe-ecc989264782,NY,documents,NY - 2025 - RHTP – Application & Process 1/16/2026| 1,212058207,212058208,-1,4.7156863647550955e-9,ROUNDED
2fb744b5-ab7d-4e1c-b543-517384798374,NY,documents,NY - 2026 - RHT Overview,212058207.8,212058208,-0.19999998807907104,9.43137216735657e-10,ROUNDED
f001d730-1204-4f69-8019-cd02a48f8caf,NY,documents,"NY - 2026 - Rural Community Health Integration Funding Guidance Overview June 23, 2026",212058207.8,212058208,-0.19999998807907104,9.43137216735657e-10,ROUNDED
aea488e6-e6bf-4286-93c3-da113192998d,OH,opportunities,Ohio Federal RHTP Award (FY2026-FY2030),202000000,202030262,-30262,1.4978944095018796e-4,ROUNDED
86dabd0c-dbc7-446e-9d06-185add37a285,OK,opportunities,Oklahoma Federal RHTP Award (FY2026-FY2030),223000000,223476949,-476949,0.00213422011591898,ROUNDED
bbe7e23e-d525-47d5-9faa-0f28f65ce4c2,OK,documents,"OK - 2026 - Rural Regional Reorientation South East & East Central Kickoff July 24, 2026",223500000,223476949,23051,1.0314710355205359e-4,ROUNDED
6a954b28-7d71-45e9-bd87-86a5939026b2,OK,documents,"OK - 2026 - Rural Regional Reorientation Southwest (SW) and Central Kickoff July 22, 2026",223500000,223476949,23051,1.0314710355205359e-4,ROUNDED
943e0654-de17-48b1-a759-a5a792515f94,OK,documents,"OK - 2026 - Rural Regional Reorientation North West & North Central Kickoff July 21, 2026",223500000,223476949,23051,1.0314710355205359e-4,ROUNDED
783eeadc-092d-490f-9a7e-7dffc05cf058,OK,documents,"OK - 2026 - Rural Regional Reorientation North East (NE) Kickoff July 21, 2026",223500000,223476949,23051,1.0314710355205359e-4,ROUNDED
0c68591e-17ec-4e9e-b4a0-22df15800596,OK,documents,"OK - 2026 - Legislative Quarterly Report Q2 April 1 - June 30, 2026",223500000,223476949,23051,1.0314710355205359e-4,ROUNDED
353c1b21-429c-4b2c-b1c8-2cde4ebdaa09,OK,documents,"OK - 2026 - Oklahoma Q1 Legislative Quarterly Report Jan 1 - March 31, 2026",223500000,223476949,23051,1.0314710355205359e-4,ROUNDED
e157f597-8fdd-40c3-be1a-5ee443367f06,OK,documents,"OK - 2026 - Legislative Quarterly Report Q1 Jan. 1 - March 31, 2026",223500000,223476949,23051,1.0314710355205359e-4,ROUNDED
e407bf2e-c7bc-40e3-9bf2-69f525eaf903,OK,documents,OK - 2027 - RHTP Frequently Asked Questions,223476948.62,223476949,-0.3799999952316284,1.7003990654607891e-9,ROUNDED
68407668-5427-4487-8970-30360a25e396,OK,documents,"OK - 2026 - Oklahoma has officially secured $223,476,948.62 for the first budget period of a five-year grant through the RHTP",223476948.62,223476949,-0.3799999952316284,1.7003990654607891e-9,ROUNDED
329514e1-52fe-4d53-93ec-1fd8e611ea00,OK,documents,OK - 2025 - Oklahoma RHTP Update and Year 1 Priorities,223476948.62,223476949,-0.3799999952316284,1.7003990654607891e-9,ROUNDED
448469b9-c9e7-4eec-b87c-af1ae9fde018,OK,documents,OK - 2026 - Emergency Medical Service & Community Paramedicine Vehicles NOFO Budget Summary (Supporting),223476948.62,223476949,-0.3799999952316284,1.7003990654607891e-9,ROUNDED
c0a7e8e0-c2cb-4431-9341-413cfe8e559a,OR,opportunities,Oregon Federal RHTP Award (FY2026-FY2030),197000000,197271578,-271578,0.001376670693028065,ROUNDED
94e47657-a2e4-44f6-b17b-23dc8b2309e0,OR,documents,"OR - 2026 - Oregon’s RHTP March 19, 2026",197300000,197271578,28422,1.440754937338211e-4,ROUNDED
8029cc18-c870-49ee-bfbb-261d2084a6f8,OR,documents,OR - 2026 - Building Oregon’s RHTP,197300000,197271578,28422,1.440754937338211e-4,ROUNDED
f6c8e968-6eea-426b-b4bd-faf617e0c220,OR,documents,OR - 2026 - What is the RHTP?,197300000,197271578,28422,1.440754937338211e-4,ROUNDED
fb14cf09-d69a-4527-b7cf-8dcfa4abd69a,OR,documents,OR - 2026 - Oregon organizations awarded federal funding to improve rural healthcare (hO_TIeiFZ4RWTV4jiY_t1Ji0Reri1cG7w7s0-9CbJuQ=452),197300000,197271578,28422,1.440754937338211e-4,ROUNDED
c8252f55-7b06-4be6-aa1f-c40fae5a0af9,OR,documents,OR - 2026 - 3.25.2026 RHTP Preparing for the RFGP 1,197300000,197271578,28422,1.440754937338211e-4,ROUNDED
979ac0ec-8fed-4082-97e5-837c739c48d8,OR,documents,OR - 2026 - Oregon RHTP Stakeholder Public Forum and 2026 Implementation Report,197300000,197271578,28422,1.440754937338211e-4,ROUNDED
11203423-e597-42b1-81a9-e9400f541d58,PA,documents,PA - 2025 - Shapiro Administration Secures $193 Million in Federal Funding to Improve Access to Health Care in Pennsylvania’s Rural Communities,193000000,193294054,-294054,0.0015212780420032993,ROUNDED
31b57337-dee3-40e0-85fc-cacbec0deffd,PA,documents,PA - 2025 - Pennsylvania’s RHT Plan,193000000,193294054,-294054,0.0015212780420032993,ROUNDED
8c59af5f-85f1-4655-968c-2fa8ebcf68c3,PA,opportunities,Pennsylvania Federal RHTP Award (FY2026-FY2030),193000000,193294054,-294054,0.0015212780420032993,ROUNDED
9a61dd61-cac1-43c4-b396-54645d564be0,RI,documents,RI - 2026 - Rhode Island Rural Health Budget Amendment Summary RHTP 2026,156000000,156169931,-169931,0.0010881159959019256,ROUNDED
90ccc35d-fb05-4a0d-8e80-a42d58f26da7,RI,opportunities,Rhode Island Federal RHTP Award (FY2026-FY2030),156000000,156169931,-169931,0.0010881159959019256,ROUNDED
3261bf4f-8f18-43b9-9669-c498cc4e7c06,SC,opportunities,South Carolina Federal RHTP Award (FY2026-FY2030),200000000,200030252,-30252,1.5123712387264302e-4,ROUNDED
62e5d0fd-24e1-4f2d-a2a5-b555d4feaad2,SC,documents,SC - 2026 - MB# 26-009 MEDICAID BULLETIN,200030252.32,200030252,0.3199999928474426,1.5997579848444256e-9,ROUNDED
c93256e8-00de-4ac0-b6af-e93de64a1db0,SC,documents,SC - 2026 - South Carolina RHTP ((2026-03-24)_RHTP_Grant_Applications_Powerpoint),200030252.32,200030252,0.3199999928474426,1.5997579848444256e-9,ROUNDED
fc5ae4ab-4adf-4af5-bfff-6076504b0c83,SC,documents,SC - 2026 - South Carolina Awarded $200 Million in RHTP Funding,200030252,200030252,0,0,EXACT
812dce39-596e-437b-a8fa-2bc2b1001d5f,SD,documents,SD - 2027 - South Dakota Health Link Announcement: Upcoming RFA for Digital Health Modernization and Technology Grant Program,189000000,189477607,-477607,0.0025206514245242713,ROUNDED
166fcd99-6167-4244-a9b7-ed95b81d2018,SD,opportunities,South Dakota Federal RHTP Award (FY2026-FY2030),189000000,189477607,-477607,0.0025206514245242713,ROUNDED
a748074c-974c-439a-94d5-19819cbb4af4,SD,documents,SD - 2026 - South Dakota RHTP,189400000,189477607,-77607,4.095840201317299e-4,ROUNDED
cc25a30e-ce2c-4390-826b-1fa65ef4f783,SD,documents,SD - 2026 - South Dakota RHT Project (CCBHC/Collaborative Care Initiative),189477607.26,189477607,0.25999999046325684,1.3721937625233827e-9,ROUNDED
5a9f32da-c4fb-4ebe-b416-9a7551b67f0c,SD,documents,SD - 2026 - South Dakota RHT Project – Digital Health Modernization and Technology Grant Program,189477607.26,189477607,0.25999999046325684,1.3721937625233827e-9,ROUNDED
eb3c24aa-7f4e-46e5-ac8e-8e174b2e28b3,TN,opportunities,Tennessee Federal RHTP Award (FY2026-FY2030),207000000,206888882,111118,5.370902434476881e-4,ROUNDED
1d67a3ec-1ff3-41cd-b29a-2056a94a050d,TX,documents,TX - 2024 - HHSC Hosting Rural Texas Strong Public Forum Aug. 19 in Big Spring,281319360.67,281319361,-0.32999998331069946,1.1730439815363418e-9,ROUNDED
077ed2ce-bb19-4ee3-8d9b-24077fb27975,TX,opportunities,Texas Federal RHTP Award (FY2026-FY2030),281319360.67,281319361,-0.32999998331069946,1.1730439815363418e-9,ROUNDED
4027dea7-4132-4989-ae80-b56ccde14d3b,UT,opportunities,Utah Federal RHTP Award (FY2026-FY2030),196000000,195743566,256434,0.0013100507221780152,ROUNDED
77a02e27-31ee-49a4-9d83-023f4ad52c94,UT,documents,UT - 2025 - Utah RHTP Year 1 Status and Strategic Update,195700000,195743566,-43566,2.2256670239674696e-4,ROUNDED
d212b2bd-2d50-4ce2-9044-18a2e06f1d34,UT,documents,UT - 2026 - Utah awarded $195 million from CMS for the first year of the RHTP,195743566,195743566,0,0,EXACT
a6c35143-587f-4013-99d3-73d6e341fe31,UT,documents,UT - 2025 - RHTP - Utah Department of Health and Human Services,195743566,195743566,0,0,EXACT
bdf93275-c730-4189-b071-fdc1db605425,VA,opportunities,Virginia Federal RHTP Award (FY2026-FY2030),190000000,189544888,455112,0.002401077680343455,ROUNDED
7ed835b3-b7f7-4747-af32-efccf1a96965,VA,documents,"VA - 2026 - Updates for Hospitals on RHT Funding to support GME and Remote Patient Monitoring Funding Overview and Submission Information July 30, 2026",189500000,189544888,-44888,2.3681989249955398e-4,ROUNDED
616bdd33-468d-4a79-8369-1e8d2755a50d,VT,documents,VT - 2026 - RHT Fund Grant - Pharmacy Test-to-Treat Notice of Award,195000000,195053740,-53740,2.755138148081652e-4,ROUNDED
f23b5492-5e63-45af-bb6f-fb77e98dbb35,VT,opportunities,Vermont Federal RHTP Award (FY2026-FY2030),195053740,195053740,0,0,EXACT
7b3213b0-b6f3-4804-82a2-a3ec30e2eea0,WA,documents,"WA - 2026 - Request for Applications for Activity 1.4—Rural Hospitals (Maternal, Emergency and Specialty Services)",181000000,181257515,-257515,0.0014207135080716515,ROUNDED
a00ca5a1-c6b5-4134-bb29-110401df9326,WA,documents,WA - 2026 - Request for applications posted for Rural Health Care Transformation Program,181000000,181257515,-257515,0.0014207135080716515,ROUNDED
7f3d845b-bf53-452a-b474-a28857e96b2f,WA,documents,WA - 2026 - Request for applications posted for Activities 4.2 and 6.4,181000000,181257515,-257515,0.0014207135080716515,ROUNDED
de5a063c-a536-4dce-8650-435c39299fc5,WA,documents,WA - 2025 - RHTP New competitive bid opportunities,181000000,181257515,-257515,0.0014207135080716515,ROUNDED
2efcdd5a-bbe9-460a-ae5d-1ca071ec06fc,WA,documents,WA - 2025 - Washington RHTP Overview,181000000,181257515,-257515,0.0014207135080716515,ROUNDED
293cce84-f547-47b3-8dfc-78c55a7b69bc,WA,opportunities,Washington Federal RHTP Award (FY2026-FY2030),181000000,181257515,-257515,0.0014207135080716515,ROUNDED
0d921eae-f7c6-4cce-a790-6818aaf5fd68,WI,opportunities,Wisconsin Federal RHTP Award (FY2026-FY2030),204000000,203670005,329995,0.0016202434914262412,ROUNDED
4c92867b-8903-4009-a56c-de3f5921d154,WI,documents,"WI - 2026 - RHTP Advisory Council April 23, 2026",203700000,203670005,29995,1.4727254511532026e-4,ROUNDED
330e7acd-372f-4d83-b727-2a5153fe88b6,WI,documents,WI - 2026 - Wisconsin Federal RHTP Award (FY2026-FY2030),203700000,203670005,29995,1.4727254511532026e-4,ROUNDED
a2c5930f-544d-4cd6-ba90-7e6324c3b4d1,WV,documents,WV - 2026 - West Virginia offers funding to improve rural healthcare access,200000000,199476099,523901,0.0026263848281893663,ROUNDED
4725925a-fe56-4523-b72e-80446f29d1bd,WV,documents,WV - 2026 - West Virginia Department of Health Announces Advisory Panel for RHTP,200000000,199476099,523901,0.0026263848281893663,ROUNDED
e28d0047-db72-4a01-85c7-456eb0ac6177,WV,documents,WV - 2026 - First Round Of RHT Funds Now Available - West Virginia Public Broadcasting (2026-05-17-listserv-RHTP News Digest),200000000,199476099,523901,0.0026263848281893663,ROUNDED
dc88bbba-6f74-4fa5-a5af-a270d02dfebb,WV,documents,WV - 2026 - Mountain State Care Force - Rural Healthcare Apprenticeships Announcement of Funding Availability (AFA) Guidance,200000000,199476099,523901,0.0026263848281893663,ROUNDED
f6249560-d339-42d0-8493-9c1590ade925,WV,documents,WV - 2026 - West Virginia Secures $199 Million in 2026 from Rural Healthcare Transformation Fund (rhtp),199000000,199476099,-476099,0.0023867470959515807,ROUNDED
ded70ac0-df08-4c97-a88a-18cad0f2e569,WV,documents,"WV - 2026 - Delay in Authorizing $199 Million RHTP Risks Federal Funding, Rural Health Access",199000000,199476099,-476099,0.0023867470959515807,ROUNDED
5be6fba3-de1c-472e-a8b2-67238876f317,WV,opportunities,West Virginia Federal RHTP Award (FY2026-FY2030),199000000,199476099,-476099,0.0023867470959515807,ROUNDED
1dde6842-1d08-4a4d-86f4-9b4a0b1e8d0e,WV,documents,WV - 2026 - West Virginia RHTP (2026-04-22-listserv),199476098.72,199476099,-0.2800000011920929,1.403676944735584e-9,ROUNDED
fc74dede-9ac2-40c9-96d6-f5d61025bebe,WV,documents,WV - 2026 - West Virginia RHTP (WV_RHTP_Frequently_Asked_Questions),199476098.72,199476099,-0.2800000011920929,1.403676944735584e-9,ROUNDED
8e80b008-0542-4ed8-8054-704d7aee31e0,WV,documents,WV - 2026 - RHTP Leadership,199476098.72,199476099,-0.2800000011920929,1.403676944735584e-9,ROUNDED
583ada57-bc7a-455f-8006-651f361c81ad,WY,documents,WY - 2026 - Governor Mark Gordon and U.S. Senator John Barrasso Announce the Final Approval of Wyoming’s RHTP by Feds,205000000,205004743,-4743,2.313605007665603e-5,ROUNDED
6c386d8e-dd0b-4887-b974-79fef9bf711d,WY,documents,WY - 2026 - RHT in Wyoming Revised project narrative submitted to the Centers for Medicare and Medicaid Services pursuant to post-award discussions and contingent upon budget approval,205004742,205004743,-1,4.877935921706943e-9,ROUNDED
be01df8d-ffad-4c19-80bc-bc2cbea88f1a,WY,opportunities,Wyoming Federal RHTP Award (FY2026-FY2030),205004742.95,205004743,-0.050000011920928955,2.4389685423487474e-10,ROUNDED
