record_id,state,state_name,source_doc_id,source_doc_title,source_doc_category,mined_org_name,mined_org_candidates,amount_announced,money_in_title,money_in_description,rcj_document_url,state_source_url,mining_basis
5f20072d-0bf3-460e-9535-69976b4f8986,CA,California,5f20072d-0bf3-460e-9535-69976b4f8986,CA - 2024 - Distressed Hospital Loan Program,AWARD_ANNOUNCEMENT,Distressed Hospital,Distressed Hospital,300000000,FALSE,TRUE,https://www.ruralcarejourney.com/api/documents/5f20072d-0bf3-460e-9535-69976b4f8986/file,NA,"§6.4: category AWARD_ANNOUNCEMENT; 1 organisation name(s) passing the §6.1 legal-entity and named-recipient tests; a dollar figure present; no /awards record shares this sourceDocument.id. UNASSIGNED candidate only — never promoted to SUBAWARD (§6.4, §13.18)."
5d8027b5-86ca-4b0c-bc44-8da5dfdebe3a,CA,California,5d8027b5-86ca-4b0c-bc44-8da5dfdebe3a,CA - 2026 - calrht (ef4930),REFERENCE,Department of Health Care Access and Information,Department of Health Care Access and Information,233600000,FALSE,FALSE,https://www.ruralcarejourney.com/api/documents/5d8027b5-86ca-4b0c-bc44-8da5dfdebe3a/file,https://hcai.ca.gov/rural-health/calrht/,"§6.4: category REFERENCE; 1 organisation name(s) passing the §6.1 legal-entity and named-recipient tests; a dollar figure present; no /awards record shares this sourceDocument.id. UNASSIGNED candidate only — never promoted to SUBAWARD (§6.4, §13.18)."
34d68967-0182-4dcf-936a-28430d5cae51,CO,Colorado,34d68967-0182-4dcf-936a-28430d5cae51,CO - 2026 - Colorado,REFERENCE,Department of Health Care Policy and Financing Colorado Rural,Department of Health Care Policy and Financing Colorado Rural | Department of Health Care Policy & Financing | Department of Health Care Policy &,NA,FALSE,TRUE,https://www.ruralcarejourney.com/api/documents/34d68967-0182-4dcf-936a-28430d5cae51/file,NA,"§6.4: category REFERENCE; 3 organisation name(s) passing the §6.1 legal-entity and named-recipient tests; a dollar figure present; no /awards record shares this sourceDocument.id. UNASSIGNED candidate only — never promoted to SUBAWARD (§6.4, §13.18)."
4be201ec-33e7-45c7-b7c2-8b4aef415dd0,CO,Colorado,4be201ec-33e7-45c7-b7c2-8b4aef415dd0,CO - 2026 - Colorado (2026-05-14-listserv-Colorado Rural Health Transformation Program - Interest Survey Now Open),REFERENCE,Department of Health Care Policy and Financing Colorado Rural,Department of Health Care Policy and Financing Colorado Rural | Department of Health Care Policy & Financing | Department of Health Care Policy &,NA,FALSE,TRUE,https://www.ruralcarejourney.com/api/documents/4be201ec-33e7-45c7-b7c2-8b4aef415dd0/file,NA,"§6.4: category REFERENCE; 3 organisation name(s) passing the §6.1 legal-entity and named-recipient tests; a dollar figure present; no /awards record shares this sourceDocument.id. UNASSIGNED candidate only — never promoted to SUBAWARD (§6.4, §13.18)."
63b8db90-3297-4d00-b0b0-9f5a0481bc35,CO,Colorado,63b8db90-3297-4d00-b0b0-9f5a0481bc35,"CO - 2030 - Home For Our Stakeholders Committees, Boards, and Collaboration Colorado RHTP",REFERENCE,The Colorado Rural Health Center,The Colorado Rural Health Center,NA,FALSE,TRUE,https://www.ruralcarejourney.com/api/documents/63b8db90-3297-4d00-b0b0-9f5a0481bc35/file,https://hcpf.colorado.gov/rural-health-transformation-program,"§6.4: category REFERENCE; 1 organisation name(s) passing the §6.1 legal-entity and named-recipient tests; a dollar figure present; no /awards record shares this sourceDocument.id. UNASSIGNED candidate only — never promoted to SUBAWARD (§6.4, §13.18)."
60c788f7-8071-4c52-99f6-670c6ee8d27f,FL,Florida,60c788f7-8071-4c52-99f6-670c6ee8d27f,FL - 2026 - Parrish Medical Center Awarded More Than 52 Million in Grants to Promote Rural Health Workforce Development in First Year of Floridas Rural Health Transformation Program,REFERENCE,Parrish Medical Center,Parrish Medical Center,NA,TRUE,TRUE,https://www.ruralcarejourney.com/api/documents/60c788f7-8071-4c52-99f6-670c6ee8d27f/file,NA,"§6.4: category REFERENCE; 1 organisation name(s) passing the §6.1 legal-entity and named-recipient tests; a dollar figure present; no /awards record shares this sourceDocument.id. UNASSIGNED candidate only — never promoted to SUBAWARD (§6.4, §13.18)."
6fbeb68d-dc15-4fe3-80d1-47e505d65d57,GA,Georgia,6fbeb68d-dc15-4fe3-80d1-47e505d65d57,GA - 2023 - Notice of Intent to Award: Coordination of Continuing Education Programs for Rural Providers,AWARD_ANNOUNCEMENT,Georgia Trauma Foundation,Georgia Trauma Foundation,275185,FALSE,TRUE,https://www.ruralcarejourney.com/api/documents/6fbeb68d-dc15-4fe3-80d1-47e505d65d57/file,NA,"§6.4: category AWARD_ANNOUNCEMENT; 1 organisation name(s) passing the §6.1 legal-entity and named-recipient tests; a dollar figure present; no /awards record shares this sourceDocument.id. UNASSIGNED candidate only — never promoted to SUBAWARD (§6.4, §13.18)."
d063862b-ea79-432e-8cec-63bdbb71a264,GA,Georgia,d063862b-ea79-432e-8cec-63bdbb71a264,GA - 2023 - Project Work Plan Template Appendix F,REFERENCE,Georgia Rural Hospital,Georgia Rural Hospital,833333,FALSE,FALSE,https://www.ruralcarejourney.com/api/documents/d063862b-ea79-432e-8cec-63bdbb71a264/file,NA,"§6.4: category REFERENCE; 1 organisation name(s) passing the §6.1 legal-entity and named-recipient tests; a dollar figure present; no /awards record shares this sourceDocument.id. UNASSIGNED candidate only — never promoted to SUBAWARD (§6.4, §13.18)."
4fdd79cf-bf7f-477f-a111-4bcc4894a0c5,GA,Georgia,4fdd79cf-bf7f-477f-a111-4bcc4894a0c5,GA - 2023 - Request for Grant Application (RFGA) Dual Track Rural Hospital Support Grant for Hospital Stabilization or Graduate Medical Education - Questions & Answers,REFERENCE,Dual Track Rural Hospital Support Grant for Hospital,Dual Track Rural Hospital Support Grant for Hospital | Georgia Dual Track Rural Hospital,500000,FALSE,TRUE,https://www.ruralcarejourney.com/api/documents/4fdd79cf-bf7f-477f-a111-4bcc4894a0c5/file,NA,"§6.4: category REFERENCE; 2 organisation name(s) passing the §6.1 legal-entity and named-recipient tests; a dollar figure present; no /awards record shares this sourceDocument.id. UNASSIGNED candidate only — never promoted to SUBAWARD (§6.4, §13.18)."
1ce9825f-8527-4d3e-8c4f-134cbe8a206f,GA,Georgia,1ce9825f-8527-4d3e-8c4f-134cbe8a206f,GA - 2023 - Rural Hospital Stabilization Grant Program 2023 - Notice of Intent to Award,AWARD_ANNOUNCEMENT,Rural Hospital,Rural Hospital | Award for the Rural Hospital,7000000,FALSE,TRUE,https://www.ruralcarejourney.com/api/documents/1ce9825f-8527-4d3e-8c4f-134cbe8a206f/file,NA,"§6.4: category AWARD_ANNOUNCEMENT; 2 organisation name(s) passing the §6.1 legal-entity and named-recipient tests; a dollar figure present; no /awards record shares this sourceDocument.id. UNASSIGNED candidate only — never promoted to SUBAWARD (§6.4, §13.18)."
cfb970e9-1b16-448a-9244-d6e7cb97085e,GA,Georgia,cfb970e9-1b16-448a-9244-d6e7cb97085e,GA - 2023 - Rural Hospital Stabilization Grant Program 2023 Notice of Award,AWARD_ANNOUNCEMENT,Rural Hospital,Rural Hospital,7000000,FALSE,TRUE,https://www.ruralcarejourney.com/api/documents/cfb970e9-1b16-448a-9244-d6e7cb97085e/file,NA,"§6.4: category AWARD_ANNOUNCEMENT; 1 organisation name(s) passing the §6.1 legal-entity and named-recipient tests; a dollar figure present; no /awards record shares this sourceDocument.id. UNASSIGNED candidate only — never promoted to SUBAWARD (§6.4, §13.18)."
fbe9b593-16b9-4075-aeae-d7c1f149b185,GA,Georgia,fbe9b593-16b9-4075-aeae-d7c1f149b185,GA - 2024 - Dual Track Rural Hospital Support Grant for Hospital Stabilization or Graduate Medical Education – TRACK 1 – Option 1.1,AWARD_ANNOUNCEMENT,Dual Track Rural Hospital Support Grant for Hospital,Dual Track Rural Hospital Support Grant for Hospital | Dual Track Rural Hospital,2500000,FALSE,TRUE,https://www.ruralcarejourney.com/api/documents/fbe9b593-16b9-4075-aeae-d7c1f149b185/file,NA,"§6.4: category AWARD_ANNOUNCEMENT; 2 organisation name(s) passing the §6.1 legal-entity and named-recipient tests; a dollar figure present; no /awards record shares this sourceDocument.id. UNASSIGNED candidate only — never promoted to SUBAWARD (§6.4, §13.18)."
903591dc-ca41-4b70-a865-a56f9aad63c8,GA,Georgia,903591dc-ca41-4b70-a865-a56f9aad63c8,GA - 2024 - Dual Track Rural Hospital Support Grant for Hospital Stabilization or Graduate Medical Education – TRACK 1 – Option 1.1 Notice of Intent to Award,AWARD_ANNOUNCEMENT,Dual Track Rural Hospital Support Grant for Hospital,Dual Track Rural Hospital Support Grant for Hospital | Award for the Dual Track Rural Hospital,2500000,FALSE,TRUE,https://www.ruralcarejourney.com/api/documents/903591dc-ca41-4b70-a865-a56f9aad63c8/file,NA,"§6.4: category AWARD_ANNOUNCEMENT; 2 organisation name(s) passing the §6.1 legal-entity and named-recipient tests; a dollar figure present; no /awards record shares this sourceDocument.id. UNASSIGNED candidate only — never promoted to SUBAWARD (§6.4, §13.18)."
b37cbb7a-b270-4e51-b2fa-654f159e8811,GA,Georgia,b37cbb7a-b270-4e51-b2fa-654f159e8811,GA - 2024 - Dual Track Rural Hospital Support Grant for Hospital Stabilization or Graduate Medical Education – TRACK 1 – Option 1.2,AWARD_ANNOUNCEMENT,Dual Track Rural Hospital Support Grant for Hospital,Dual Track Rural Hospital Support Grant for Hospital | Dual Track Rural Hospital,750000,FALSE,TRUE,https://www.ruralcarejourney.com/api/documents/b37cbb7a-b270-4e51-b2fa-654f159e8811/file,NA,"§6.4: category AWARD_ANNOUNCEMENT; 2 organisation name(s) passing the §6.1 legal-entity and named-recipient tests; a dollar figure present; no /awards record shares this sourceDocument.id. UNASSIGNED candidate only — never promoted to SUBAWARD (§6.4, §13.18)."
edf93f36-d45f-4341-9bb8-e0117fd40267,GA,Georgia,edf93f36-d45f-4341-9bb8-e0117fd40267,GA - 2024 - Dual Track Rural Hospital Support Grant for Hospital Stabilization or Graduate Medical Education – TRACK 1 – Option 1.2 - Notice of Intent to Award,AWARD_ANNOUNCEMENT,Dual Track Rural Hospital Support Grant for Hospital,Dual Track Rural Hospital Support Grant for Hospital | Dual Track Rural Hospital,750000,FALSE,TRUE,https://www.ruralcarejourney.com/api/documents/edf93f36-d45f-4341-9bb8-e0117fd40267/file,NA,"§6.4: category AWARD_ANNOUNCEMENT; 2 organisation name(s) passing the §6.1 legal-entity and named-recipient tests; a dollar figure present; no /awards record shares this sourceDocument.id. UNASSIGNED candidate only — never promoted to SUBAWARD (§6.4, §13.18)."
68c21424-5ce8-4934-8f5b-5b441a734f74,GA,Georgia,68c21424-5ce8-4934-8f5b-5b441a734f74,GA - 2024 - Dual Track Rural Hospital Support Grant for Hospital Stabilization or Graduate Medical Education – TRACK 2 – Option 2.1 & Option 2.2,AWARD_ANNOUNCEMENT,Dual Track Rural Hospital Support Grant for Hospital,Dual Track Rural Hospital Support Grant for Hospital | Dual Track Rural Hospital,2750000,FALSE,TRUE,https://www.ruralcarejourney.com/api/documents/68c21424-5ce8-4934-8f5b-5b441a734f74/file,NA,"§6.4: category AWARD_ANNOUNCEMENT; 2 organisation name(s) passing the §6.1 legal-entity and named-recipient tests; a dollar figure present; no /awards record shares this sourceDocument.id. UNASSIGNED candidate only — never promoted to SUBAWARD (§6.4, §13.18)."
faa3b7da-6807-454e-90c4-a8f3f3a46e79,GA,Georgia,faa3b7da-6807-454e-90c4-a8f3f3a46e79,GA - 2024 - Notice of Intent to Award - Dual Track Rural Hospital Support Grant for Hospital Stabilization or Graduate Medical Education – TRACK 2 – Option 2.1 & Option 2.2,AWARD_ANNOUNCEMENT,Dual Track Rural Hospital Support Grant for Hospital,Dual Track Rural Hospital Support Grant for Hospital | Dual Track Rural Hospital,2750000,FALSE,TRUE,https://www.ruralcarejourney.com/api/documents/faa3b7da-6807-454e-90c4-a8f3f3a46e79/file,NA,"§6.4: category AWARD_ANNOUNCEMENT; 2 organisation name(s) passing the §6.1 legal-entity and named-recipient tests; a dollar figure present; no /awards record shares this sourceDocument.id. UNASSIGNED candidate only — never promoted to SUBAWARD (§6.4, §13.18)."
0299ad84-088f-4ff6-b16f-a14073d7eb81,GA,Georgia,0299ad84-088f-4ff6-b16f-a14073d7eb81,GA - 2025 - Dual Track FY25 Rural Hospital Support Grant for Hospital Stabilization or Graduate Medical Education – Track 1 – Option 1.1 & Option 1.2,AWARD_ANNOUNCEMENT,Rural Hospital Support Grant for Hospital,Rural Hospital Support Grant for Hospital | Rural Hospital,3000000,FALSE,TRUE,https://www.ruralcarejourney.com/api/documents/0299ad84-088f-4ff6-b16f-a14073d7eb81/file,NA,"§6.4: category AWARD_ANNOUNCEMENT; 2 organisation name(s) passing the §6.1 legal-entity and named-recipient tests; a dollar figure present; no /awards record shares this sourceDocument.id. UNASSIGNED candidate only — never promoted to SUBAWARD (§6.4, §13.18)."
cf7206c4-2b1a-45d0-b9e6-048b17910bab,GA,Georgia,cf7206c4-2b1a-45d0-b9e6-048b17910bab,GA - 2025 - Dual Track FY25 Rural Hospital Support Grant for Hospital Stabilization or Graduate Medical Education – Track 2 – Option 2.1 & Option 2.2,AWARD_ANNOUNCEMENT,Rural Hospital Support Grant for Hospital,Rural Hospital Support Grant for Hospital | Dual Track Rural Hospital,1500000,FALSE,TRUE,https://www.ruralcarejourney.com/api/documents/cf7206c4-2b1a-45d0-b9e6-048b17910bab/file,NA,"§6.4: category AWARD_ANNOUNCEMENT; 2 organisation name(s) passing the §6.1 legal-entity and named-recipient tests; a dollar figure present; no /awards record shares this sourceDocument.id. UNASSIGNED candidate only — never promoted to SUBAWARD (§6.4, §13.18)."
b2207246-7cde-49b1-b10a-a40ef606cca0,GA,Georgia,b2207246-7cde-49b1-b10a-a40ef606cca0,GA - 2026 - Dual Track FY26 Rural Hospital Support Grant for Hospital Stabilization or Graduate Medical Education – Track 1 – Option 1.1 & Track 2 - Option 2.1 & 2.2 Notice of Award,AWARD_ANNOUNCEMENT,Rural Hospital Support Grant for Hospital,Rural Hospital Support Grant for Hospital,5500000,FALSE,TRUE,https://www.ruralcarejourney.com/api/documents/b2207246-7cde-49b1-b10a-a40ef606cca0/file,NA,"§6.4: category AWARD_ANNOUNCEMENT; 1 organisation name(s) passing the §6.1 legal-entity and named-recipient tests; a dollar figure present; no /awards record shares this sourceDocument.id. UNASSIGNED candidate only — never promoted to SUBAWARD (§6.4, §13.18)."
29cbe3b5-120a-42ae-b2ec-b9d4649c1dde,HI,Hawaii,29cbe3b5-120a-42ae-b2ec-b9d4649c1dde,HI - 2005 - Certificate of Need Application - Kula Hospital CAH and ER Expansion,REFERENCE,Kula Hospital,Kula Hospital,470000,FALSE,FALSE,https://www.ruralcarejourney.com/api/documents/29cbe3b5-120a-42ae-b2ec-b9d4649c1dde/file,NA,"§6.4: category REFERENCE; 1 organisation name(s) passing the §6.1 legal-entity and named-recipient tests; a dollar figure present; no /awards record shares this sourceDocument.id. UNASSIGNED candidate only — never promoted to SUBAWARD (§6.4, §13.18)."
049a0353-d638-4e4c-a461-cf6dd1044fa1,HI,Hawaii,049a0353-d638-4e4c-a461-cf6dd1044fa1,HI - 2025 - AHEAD Model,REFERENCE,Primary Care Association,Primary Care Association | Healthcare Association | Association of Hawai,12000000,FALSE,TRUE,https://www.ruralcarejourney.com/api/documents/049a0353-d638-4e4c-a461-cf6dd1044fa1/file,NA,"§6.4: category REFERENCE; 3 organisation name(s) passing the §6.1 legal-entity and named-recipient tests; a dollar figure present; no /awards record shares this sourceDocument.id. UNASSIGNED candidate only — never promoted to SUBAWARD (§6.4, §13.18)."
8ddd3d12-f183-4008-be4a-ad9673eb3b98,IA,Iowa,8ddd3d12-f183-4008-be4a-ad9673eb3b98,IA - 2026 - Iowa awarded $209 million for first year of federal RHTP,REFERENCE,"Excellence Marengo Memorial Hospital Cancer Iowa, Washington, Poweshiek, Benton Centers","Excellence Marengo Memorial Hospital Cancer Iowa, Washington, Poweshiek, Benton Centers | County Provider Specialty Cancer Health Hubs Technical Assistance Provider University | Prevention and Management Best and Brightest Provider Guttenberg Municipal Hospital | Disease Prevention Management Best and Brightest Provider Clarke County Hospital | Brightest Equipment Hawarden Regional Healthcare DBA Hawarden Community Hospital | Disease Prevention Management Best and Brightest Provider Davis County Hospital | Prevention and Management Best and Brightest Provider Hamilton County Hospital | Prevention and Management Best and Brightest Provider Decatur County Hospital | Behavorial Health Best and Brightest Equipment Adair County Memorial Hospital | Upgrade Monona Best and Brightest Equipment Crawford County Memorial Hospital | PET Scanner Decatur Best and Brightest Equipment Ellsworth Municipal Hospital | Care Co-Location Technical Assistance Provider Iowa Primary Care Association | Prevention and Management Best and Brightest Provider Hegg Memorial Hospital | Wright Best and Brightest Equipment Burgess Health Center Mammography System | Fayette Best and Brightest Equipment Mitchell County Regional Health Center | Prevention and Management Best and Brightest Provider Mercy Medical Center | MRI Carroll Best and Brightest Equipment Mercy Health Services-Iowa, Corp | Management Best and Brightest Provider Crawford County Memorial Hospital | Union Cancer, Cancer Best and Brightest Provider Guthrie County Hospital | MRI Clinton Best and Brightest Equipment MercyOne Elkader Medical Center | Cerro Gordo Best and Brightest Equipment MercyOne Oelwein Medical Center | Hospital of Missouri Valley, Iowa Advanced Registered Nurse Practitioner | Management Best and Brightest Provider Madison County Memorial Hospital | Mahaska Best and Brightest Equipment Manning Regional Healthcare Center | Management Best and Brightest Provider Greater Regional Medical Center | Best and Brightest Provider Whiting Commercial Development Corporation | MRI Shelby Best and Brightest Equipment Sioux Valley Memorial Hospital | Management Best and Brightest Provider Floyd County Memorial Hospital | Plymouth Best and Brightest Equipment Greater Regional Medical Center | Chickasaw Best and Brightest Equipment MercyOne Newton Medical Center | Best and Brightest Equipment St. Luke's Jones Regional Medical Center | Sioux Best and Brightest Equipment Humboldt County Memorial Hospital | MRI Humboldt Best and Brightest Equipment Lucas County Health Center | Dubuque Best and Brightest Equipment MercyOne Clinton Medical Center | Mitchell Best and Brightest Equipment Orange City Area Health System | Management Best and Brightest Provider Hancock County Health System | Child Health Best and Brightest Provider Virginia Gay Hospital, Inc | Best and Brightest Provider Ida County Iowa Community Hospital Inc | Best and Brightest Provider Mitchell County Regional Health Center | Jasper Best and Brightest Equipment MercyOne North Iowa Foundation | Brightest Equipment Shelby County Chris A Myrtue Memorial Hospital | Management Best and Brightest Provider Community Health Care, Inc | Management Best and Brightest Provider Iowa Family Counseling LLC | Brightest Provider Shelby County Chris A Myrtue Memorial Hospital | MRI Emmet Best and Brightest Equipment Belmond Community Hospital | Cherokee Best and Brightest Equipment St. Joseph's Mercy Hospital | Winneshiek Centers of Excellence Grinnell Regional Medical Center | Child Health Best and Brightest Provider Community Hospital, Inc | Child Health Best and Brightest Provider Iowa Specialty Hospital | MRI Crawford Best and Brightest Equipment Dallas County Hospital | Clayton Best and Brightest Equipment MercyOne Genesis Foundation | MRI Van Buren Best and Brightest Equipment Waverly Health Center | Best and Brightest Provider Stewart Memorial Community Hospital | Union Best and Brightest Equipment Hancock County Health System | Sioux Best and Brightest Equipment Pella Regional Health Center | Best and Brightest Provider Manning Regional Healthcare Center | MRI Lucas Best and Brightest Equipment Mahaska County Hospital | Best and Brightest Provider Humboldt County Memorial Hospital | Child Health Best and Brightest Provider Keokuk Area Hospital | Best and Brightest Provider Delaware County Memorial Hospital | Adair Best and Brightest Equipment Avera Holy Family Hospital | MRI Dallas Best and Brightest Equipment Davis County Hospital | A Best and Brightest Provider Adair County Memorial Hospital | Best and Brightest Provider Mercy Health Services-Iowa, Corp | Jones Best and Brightest Equipment Van Buren County Hospital | Best and Brightest Provider Priority Health Northwest, PLLC | Best and Brightest Provider Sioux Valley Memorial Hospital | Davis Best and Brightest Equipment Decatur County Hospital | Best and Brightest Provider Cass County Memorial Hospital | Best and Brightest Provider Alegent Health Mercy Hospital | Best and Brightest Provider Palmer Lutheran Health Center | Best and Brightest Provider St. Anthony Regional Hospital | Hardin Best and Brightest Equipment Floyd Valley Hospital | DBA Jones Regional Medical Center Robotic Surgical System | Bremer Best and Brightest Equipment Wayne County Hospital | Excellence Shelby County Chris A Myrtue Memorial Hospital | Best and Brightest Provider Pella Regional Health Center | Best and Brightest Provider Community Memorial Hospital | Best and Brightest Provider St. Joseph's Mercy Hospital | A Health Hubs Technical Assistance Provider University | Best and Brightest Provider Lucas County Health Center | Best and Brightest Provider Central Community Hospital | Best and Brightest Provider Osceola Community Hospital | Best and Brightest Provider Veterans Memorial Hospital | Best and Brightest Provider Marengo Memorial Hospital | Best and Brightest Provider Palo Alto County Hospital | Best and Brightest Provider Shenandoah Medical Center | Best and Brightest Provider Van Buren County Hospital | Best and Brightest Provider Ottumwa Health Group LLC | Best and Brightest Provider Ringgold County Hospital | Best and Brightest Provider Iowa Specialty Hospital | Best and Brightest Provider Kossuth County Hospital | Best and Brightest Provider Mahaska County Hospital | Best and Brightest Provider Monroe County Hospital | Best and Brightest Provider Boone County Hospital | Best and Brightest Provider Good Neighbor Society | Best and Brightest Provider Genesis Health System | Best and Brightest Provider Wayne County Hospital | Best and Brightest Provider Mercy Medical Center | Association Robotic-Arm Assisted Surgical System | Excellence Jennie Edmundson Memorial Hospital | Excellence Manning Regional Healthcare Center | Best and Brightest Provider Spencer Hospital | Excellence Central Iowa Hospital Corporation | Excellence Knoxville Hospital and Clinics | Excellence St. Anthony Regional Hospital | Excellence Guttenberg Municipal Hospital | DBA MercyOne Centerville Medical Center | MercyOne Genesis DeWitt Medical Center | Excellence Van Buren County Hospital | MercyOne New Hampton Medical Center | MercyOne Centerville Medical Center | MercyOne Dyersville Medical Center | MercyOne North Iowa Medical Center | Excellence Decatur County Hospital | Excellence Iowa Specialty Hospital | George C Grape Community Hospital | Cherokee Regional Medical Center | MercyOne Clinton Medical Center | MercyOne Elkader Medical Center | MercyOne Newton Medical Center | DBA Hansen Family Hospital | DBA Myrtue Medical Center | Van Diest Medical Center | Southeastern Iowa, Inc | Horn Memorial Hospital | Burgess Health Center | University of Iowa N | Iowa, Corp",NA,TRUE,TRUE,https://www.ruralcarejourney.com/api/documents/8ddd3d12-f183-4008-be4a-ad9673eb3b98/file,NA,"§6.4: category REFERENCE; 129 organisation name(s) passing the §6.1 legal-entity and named-recipient tests; a dollar figure present; no /awards record shares this sourceDocument.id. UNASSIGNED candidate only — never promoted to SUBAWARD (§6.4, §13.18)."
1b993315-008c-4afd-860b-62e9308e3076,IL,Illinois,1b993315-008c-4afd-860b-62e9308e3076,IL - 2026 - Illinois awarded $193 million to expand healthcare access in rural areas,AWARD_ANNOUNCEMENT,Department of Healthcare and Family Services,Department of Healthcare and Family Services,193418216,TRUE,TRUE,https://www.ruralcarejourney.com/api/documents/1b993315-008c-4afd-860b-62e9308e3076/file,NA,"§6.4: category AWARD_ANNOUNCEMENT; 1 organisation name(s) passing the §6.1 legal-entity and named-recipient tests; a dollar figure present; no /awards record shares this sourceDocument.id. UNASSIGNED candidate only — never promoted to SUBAWARD (§6.4, §13.18)."
a10ad786-f5cd-4e08-bd26-2f464a9a3167,KS,Kansas,a10ad786-f5cd-4e08-bd26-2f464a9a3167,"KS - 2025 - Kansas Landing Page (updated: August 25, 2026)",REFERENCE,Regional Partnership Grant Program and Rural Emergency Hospital,Regional Partnership Grant Program and Rural Emergency Hospital,NA,FALSE,TRUE,https://www.ruralcarejourney.com/api/documents/a10ad786-f5cd-4e08-bd26-2f464a9a3167/file,https://www.kdhe.ks.gov/2361/Rural-Health-Transformation-Program,"§6.4: category REFERENCE; 1 organisation name(s) passing the §6.1 legal-entity and named-recipient tests; a dollar figure present; no /awards record shares this sourceDocument.id. UNASSIGNED candidate only — never promoted to SUBAWARD (§6.4, §13.18)."
6add72d5-9bb9-46b5-a249-845197be1b23,MI,Michigan,6add72d5-9bb9-46b5-a249-845197be1b23,MI - 2026 - Michigan’s RHTP,REFERENCE,Michigan Health Association,Michigan Health Association,173000000,FALSE,TRUE,https://www.ruralcarejourney.com/api/documents/6add72d5-9bb9-46b5-a249-845197be1b23/file,NA,"§6.4: category REFERENCE; 1 organisation name(s) passing the §6.1 legal-entity and named-recipient tests; a dollar figure present; no /awards record shares this sourceDocument.id. UNASSIGNED candidate only — never promoted to SUBAWARD (§6.4, §13.18)."
67e6f7fc-f3cf-475e-85c3-fca3f02ab20b,MO,Missouri,67e6f7fc-f3cf-475e-85c3-fca3f02ab20b,MO - 2026 - RHTP Funds Will Help Expand Rural Maternal Health Care,AWARD_ANNOUNCEMENT,Missouri Doula Association,Missouri Doula Association,732000,FALSE,TRUE,https://www.ruralcarejourney.com/api/documents/67e6f7fc-f3cf-475e-85c3-fca3f02ab20b/file,NA,"§6.4: category AWARD_ANNOUNCEMENT; 1 organisation name(s) passing the §6.1 legal-entity and named-recipient tests; a dollar figure present; no /awards record shares this sourceDocument.id. UNASSIGNED candidate only — never promoted to SUBAWARD (§6.4, §13.18)."
55259d28-1fc9-4b26-a752-8daed664d171,MT,Montana,55259d28-1fc9-4b26-a752-8daed664d171,MT - 2026 - Governor Gianforte and DPHHS Announce $233 Million RHTP Award for Montana,AWARD_ANNOUNCEMENT,Montana State University,Montana State University,233000000,TRUE,TRUE,https://www.ruralcarejourney.com/api/documents/55259d28-1fc9-4b26-a752-8daed664d171/file,NA,"§6.4: category AWARD_ANNOUNCEMENT; 1 organisation name(s) passing the §6.1 legal-entity and named-recipient tests; a dollar figure present; no /awards record shares this sourceDocument.id. UNASSIGNED candidate only — never promoted to SUBAWARD (§6.4, §13.18)."
74d160f9-591b-4aa5-bc88-3ee3d5f3598c,NC,North Carolina,74d160f9-591b-4aa5-bc88-3ee3d5f3598c,NC - 2026 - NCDHHS Selects NC ROOTS Hub Leads (Press Release),REFERENCE,University of North Carolina Hospitals,"University of North Carolina Hospitals | Access East, Inc",NA,FALSE,TRUE,https://www.ruralcarejourney.com/api/documents/74d160f9-591b-4aa5-bc88-3ee3d5f3598c/file,NA,"§6.4: category REFERENCE; 2 organisation name(s) passing the §6.1 legal-entity and named-recipient tests; a dollar figure present; no /awards record shares this sourceDocument.id. UNASSIGNED candidate only — never promoted to SUBAWARD (§6.4, §13.18)."
85fc12aa-7943-4ae4-9988-869de51d9407,ND,North Dakota,85fc12aa-7943-4ae4-9988-869de51d9407,ND - 2026 - RHTP Competitive Funding Opportunity Application Guidance: Rural Hospital Clinical Equipment (Solicitation 210-312),REFERENCE,Rural Hospital,Rural Hospital,NA,FALSE,TRUE,https://www.ruralcarejourney.com/api/documents/85fc12aa-7943-4ae4-9988-869de51d9407/file,NA,"§6.4: category REFERENCE; 1 organisation name(s) passing the §6.1 legal-entity and named-recipient tests; a dollar figure present; no /awards record shares this sourceDocument.id. UNASSIGNED candidate only — never promoted to SUBAWARD (§6.4, §13.18)."
477fbff0-d12b-45b4-9728-f5e77ca5bac5,NE,Nebraska,477fbff0-d12b-45b4-9728-f5e77ca5bac5,NE - 2026 - Nebraska High Value Network Funding Recipients,AWARD_ANNOUNCEMENT,David City Jennie M. Melham Memorial Medical Center,David City Jennie M. Melham Memorial Medical Center | Applicant Award Amount Antelope Memorial Hospital | Beatrice Community Hospital & Health Center | Callaway Broken Bow Cherry County Hospital | Valentine Lexington Regional Health Center | Winnebago Comprehensive Healthcare System | West Point Sidney Regional Medical Center | Lexington Cozad Community Health System | Good Neighbor Community Health Center | Cambridge Harlan County Health System | Geneva Memorial Health Care Systems | Gothenburg Tri Valley Health System | Butler County Health Care Center | Alma Valley County Health System | Ord Howard County Medical Center | Chase County Community Hospital | Pawnee County Memorial Hospital | Aurora Fillmore County Hospital | Regional West Medical Center | Box Butte General Hospital | Boone County Health Center | Callaway District Hospital | Providence Medical Center | Heartland Health Center | Johnson County Hospital | Midtown Health Center | Brown County Hospital | Genoa Health Center,NA,FALSE,TRUE,https://www.ruralcarejourney.com/api/documents/477fbff0-d12b-45b4-9728-f5e77ca5bac5/file,NA,"§6.4: category AWARD_ANNOUNCEMENT; 28 organisation name(s) passing the §6.1 legal-entity and named-recipient tests; a dollar figure present; no /awards record shares this sourceDocument.id. UNASSIGNED candidate only — never promoted to SUBAWARD (§6.4, §13.18)."
0850d192-0610-4982-88f0-745d7e9ebe08,NH,New Hampshire,0850d192-0610-4982-88f0-745d7e9ebe08,NH - 2026 - Coordination and Support for CMHCs/CCBHCs under New Hampshire's RHT Plan (RHTP),AWARD_ANNOUNCEMENT,NH Community Behavioral Health Association,NH Community Behavioral Health Association,131648590,FALSE,TRUE,https://www.ruralcarejourney.com/api/documents/0850d192-0610-4982-88f0-745d7e9ebe08/file,NA,"§6.4: category AWARD_ANNOUNCEMENT; 1 organisation name(s) passing the §6.1 legal-entity and named-recipient tests; a dollar figure present; no /awards record shares this sourceDocument.id. UNASSIGNED candidate only — never promoted to SUBAWARD (§6.4, §13.18)."
4c3e0ea4-bfef-4bc3-b2ac-9a5d0be01f89,NH,New Hampshire,4c3e0ea4-bfef-4bc3-b2ac-9a5d0be01f89,NH - 2026 - Foundation for Healthy Communities (FHC).pdf,AWARD_ANNOUNCEMENT,Foundation for Healthy Communities,Foundation for Healthy Communities | Foundation for Healthy Communities for,204016550,FALSE,TRUE,https://www.ruralcarejourney.com/api/documents/4c3e0ea4-bfef-4bc3-b2ac-9a5d0be01f89/file,NA,"§6.4: category AWARD_ANNOUNCEMENT; 2 organisation name(s) passing the §6.1 legal-entity and named-recipient tests; a dollar figure present; no /awards record shares this sourceDocument.id. UNASSIGNED candidate only — never promoted to SUBAWARD (§6.4, §13.18)."
7f81fa66-1d7e-444b-b83f-fc9939800079,NH,New Hampshire,7f81fa66-1d7e-444b-b83f-fc9939800079,NH - 2026 - New Hampshire RHTP (NHRHTP),AWARD_ANNOUNCEMENT,University System,University System,204016550,FALSE,TRUE,https://www.ruralcarejourney.com/api/documents/7f81fa66-1d7e-444b-b83f-fc9939800079/file,NA,"§6.4: category AWARD_ANNOUNCEMENT; 1 organisation name(s) passing the §6.1 legal-entity and named-recipient tests; a dollar figure present; no /awards record shares this sourceDocument.id. UNASSIGNED candidate only — never promoted to SUBAWARD (§6.4, §13.18)."
8bd3eadb-e13e-4da5-93d2-cbcf102d2fd1,NH,New Hampshire,8bd3eadb-e13e-4da5-93d2-cbcf102d2fd1,NH - 2026 - RHTP (NH RHTP Workforce Initiative),AWARD_ANNOUNCEMENT,Community College System,Community College System,37773537,FALSE,FALSE,https://www.ruralcarejourney.com/api/documents/8bd3eadb-e13e-4da5-93d2-cbcf102d2fd1/file,NA,"§6.4: category AWARD_ANNOUNCEMENT; 1 organisation name(s) passing the §6.1 legal-entity and named-recipient tests; a dollar figure present; no /awards record shares this sourceDocument.id. UNASSIGNED candidate only — never promoted to SUBAWARD (§6.4, §13.18)."
6800e396-35f1-4fed-8924-253ae85115a8,NH,New Hampshire,6800e396-35f1-4fed-8924-253ae85115a8,NH - 2026 - RHTP - FHC,REFERENCE,Foundation for Healthy Communities,Foundation for Healthy Communities,66500000,FALSE,TRUE,https://www.ruralcarejourney.com/api/documents/6800e396-35f1-4fed-8924-253ae85115a8/file,https://healthynh.org/initiatives/rural-health-transformation-program,"§6.4: category REFERENCE; 1 organisation name(s) passing the §6.1 legal-entity and named-recipient tests; a dollar figure present; no /awards record shares this sourceDocument.id. UNASSIGNED candidate only — never promoted to SUBAWARD (§6.4, §13.18)."
c9ffb02c-0b83-46c4-af9d-fa8af15e60da,NJ,New Jersey,c9ffb02c-0b83-46c4-af9d-fa8af15e60da,NJ - 2026 - NJ RHT Resource Directory,REFERENCE,Babyscripts Yes Barr Campbell Family Yes Foundation,Babyscripts Yes Barr Campbell Family Yes Foundation | Planned Systems International Yes Yes Yes Company | Bergen New Bridge Yes Yes Medical Center | Public Benefit Corporation,NA,FALSE,TRUE,https://www.ruralcarejourney.com/api/documents/c9ffb02c-0b83-46c4-af9d-fa8af15e60da/file,NA,"§6.4: category REFERENCE; 4 organisation name(s) passing the §6.1 legal-entity and named-recipient tests; a dollar figure present; no /awards record shares this sourceDocument.id. UNASSIGNED candidate only — never promoted to SUBAWARD (§6.4, §13.18)."
dd139a43-49d6-4a3f-b2fd-3b2db76191b5,OR,Oregon,dd139a43-49d6-4a3f-b2fd-3b2db76191b5,OR - 2026 - Harney District Hospital Secures 2 4 Million Catalyst Grant to Modernize Rural Healthcare Tech,REFERENCE,Harney District Hospital,Harney District Hospital,NA,TRUE,TRUE,https://www.ruralcarejourney.com/api/documents/dd139a43-49d6-4a3f-b2fd-3b2db76191b5/file,NA,"§6.4: category REFERENCE; 1 organisation name(s) passing the §6.1 legal-entity and named-recipient tests; a dollar figure present; no /awards record shares this sourceDocument.id. UNASSIGNED candidate only — never promoted to SUBAWARD (§6.4, §13.18)."
8ff1a6fd-9877-4d49-9042-1e97fec65bc6,TN,Tennessee,8ff1a6fd-9877-4d49-9042-1e97fec65bc6,TN - 2026 - Tennessee Hospital Association RHTP – Compliance & Reporting Requirements April 2026,REFERENCE,Tennessee Hospital Association,Tennessee Hospital Association,NA,FALSE,TRUE,https://www.ruralcarejourney.com/api/documents/8ff1a6fd-9877-4d49-9042-1e97fec65bc6/file,NA,"§6.4: category REFERENCE; 1 organisation name(s) passing the §6.1 legal-entity and named-recipient tests; a dollar figure present; no /awards record shares this sourceDocument.id. UNASSIGNED candidate only — never promoted to SUBAWARD (§6.4, §13.18)."
8321d103-7358-4366-a906-8d1ab606bbda,TX,Texas,8321d103-7358-4366-a906-8d1ab606bbda,TX - 2025 - Request for Applications No. HHS0015180: Rural Hospital Debt Reduction,REFERENCE,Rural Hospital,Rural Hospital,NA,FALSE,TRUE,https://www.ruralcarejourney.com/api/documents/8321d103-7358-4366-a906-8d1ab606bbda/file,NA,"§6.4: category REFERENCE; 1 organisation name(s) passing the §6.1 legal-entity and named-recipient tests; a dollar figure present; no /awards record shares this sourceDocument.id. UNASSIGNED candidate only — never promoted to SUBAWARD (§6.4, §13.18)."
c6dd814b-d3e6-480b-a25e-90de18223d07,TX,Texas,c6dd814b-d3e6-480b-a25e-90de18223d07,TX - 2025 - Request for Applications No. HHS0015677 Rural Hospital Improvement,REFERENCE,Rural Hospital,Rural Hospital,NA,FALSE,TRUE,https://www.ruralcarejourney.com/api/documents/c6dd814b-d3e6-480b-a25e-90de18223d07/file,NA,"§6.4: category REFERENCE; 1 organisation name(s) passing the §6.1 legal-entity and named-recipient tests; a dollar figure present; no /awards record shares this sourceDocument.id. UNASSIGNED candidate only — never promoted to SUBAWARD (§6.4, §13.18)."
9bc3f893-cce2-4b8c-af7f-02ef91499077,VA,Virginia,9bc3f893-cce2-4b8c-af7f-02ef91499077,VA - 2026 - Governor Spanberger Announces Virginia Highlands Community College in Abingdon Receives First RHT Grant,AWARD_ANNOUNCEMENT,Governor Spanberger Announces Virginia Highlands Community College,Governor Spanberger Announces Virginia Highlands Community College | Virginia Highlands Community College,127500,FALSE,TRUE,https://www.ruralcarejourney.com/api/documents/9bc3f893-cce2-4b8c-af7f-02ef91499077/file,NA,"§6.4: category AWARD_ANNOUNCEMENT; 2 organisation name(s) passing the §6.1 legal-entity and named-recipient tests; a dollar figure present; no /awards record shares this sourceDocument.id. UNASSIGNED candidate only — never promoted to SUBAWARD (§6.4, §13.18)."
54c33232-cb2f-4f8c-821d-162fe000ed53,WA,Washington,54c33232-cb2f-4f8c-821d-162fe000ed53,WA - 2026 - In a crisis? Free or low-cost health care,REFERENCE,Health Care Authority,Health Care Authority,NA,FALSE,TRUE,https://www.ruralcarejourney.com/api/documents/54c33232-cb2f-4f8c-821d-162fe000ed53/file,NA,"§6.4: category REFERENCE; 1 organisation name(s) passing the §6.1 legal-entity and named-recipient tests; a dollar figure present; no /awards record shares this sourceDocument.id. UNASSIGNED candidate only — never promoted to SUBAWARD (§6.4, §13.18)."
