state,named_organization,org_type,context,source,status,confirmed_recipient,confirmation_source,reviewed_by
CT,Aging and Disability Services,STATE_AGENCY,Named subrecipient/sub-awardee,CMS_ABSTRACT_PREAWARD,CANDIDATE_ONLY,,,
CT,Connecticut Office of Rural Health,STATE_AGENCY,Named subrecipient/sub-awardee,CMS_ABSTRACT_PREAWARD,CANDIDATE_ONLY,,,
CT,Dept of Agriculture,STATE_AGENCY,Named subrecipient/sub-awardee,CMS_ABSTRACT_PREAWARD,CANDIDATE_ONLY,,,
CT,Dept of Energy and Environmental Protection,STATE_AGENCY,Named subrecipient/sub-awardee,CMS_ABSTRACT_PREAWARD,CANDIDATE_ONLY,,,
CT,Dept of Mental Health and Addiction Services,STATE_AGENCY,Named subrecipient/sub-awardee,CMS_ABSTRACT_PREAWARD,CANDIDATE_ONLY,,,
CT,Dept of Public Health,STATE_AGENCY,Named subrecipient/sub-awardee,CMS_ABSTRACT_PREAWARD,CANDIDATE_ONLY,,,
CT,Office of Early Childhood,STATE_AGENCY,Named subrecipient/sub-awardee,CMS_ABSTRACT_PREAWARD,CANDIDATE_ONLY,,,
CT,Office of Health Strategy,STATE_AGENCY,Named subrecipient/sub-awardee,CMS_ABSTRACT_PREAWARD,CANDIDATE_ONLY,,,
CT,Office of Policy and Management,STATE_AGENCY,Named subrecipient/sub-awardee,CMS_ABSTRACT_PREAWARD,CANDIDATE_ONLY,,,
CT,State Dept of Education,STATE_AGENCY,Named subrecipient/sub-awardee,CMS_ABSTRACT_PREAWARD,CANDIDATE_ONLY,,,
DE,Bayhealth,HOSPITAL_OR_SYSTEM,Listed as Known Partner Organization,CMS_ABSTRACT_PREAWARD,CANDIDATE_ONLY,,,
DE,Beebe Healthcare,HOSPITAL_OR_SYSTEM,Listed as Known Partner Organization,CMS_ABSTRACT_PREAWARD,CANDIDATE_ONLY,,,
DE,ChristianaCare,HOSPITAL_OR_SYSTEM,Listed as Known Partner Organization,CMS_ABSTRACT_PREAWARD,CANDIDATE_ONLY,,,
DE,Delaware Council on Farm & Food Policy,STATE_AGENCY,Listed as Known Partner Organization,CMS_ABSTRACT_PREAWARD,CANDIDATE_ONLY,,,
DE,Delaware Division of Libraries,STATE_AGENCY,Listed as Known Partner Organization,CMS_ABSTRACT_PREAWARD,CANDIDATE_ONLY,,,
DE,Delaware Health Care Commission,STATE_AGENCY,Listed as Known Partner Organization,CMS_ABSTRACT_PREAWARD,CANDIDATE_ONLY,,,
DE,Delaware Health Information Network (DHIN),VENDOR_OR_CONTRACTOR,Listed as Known Partner Organization,CMS_ABSTRACT_PREAWARD,CANDIDATE_ONLY,,,
DE,Delaware State Housing Authority,LOCAL_GOVT_OR_PUBLIC_HEALTH,Listed as Known Partner Organization,CMS_ABSTRACT_PREAWARD,CANDIDATE_ONLY,,,
DE,Delaware State University,UNIVERSITY_OR_AHC,Listed as Known Partner Organization,CMS_ABSTRACT_PREAWARD,CANDIDATE_ONLY,,,
DE,Delaware Technical Community College,UNIVERSITY_OR_AHC,Listed as Known Partner Organization,CMS_ABSTRACT_PREAWARD,CANDIDATE_ONLY,,,
DE,Highmark Health Options,VENDOR_OR_CONTRACTOR,Listed as Known Partner Organization,CMS_ABSTRACT_PREAWARD,CANDIDATE_ONLY,,,
DE,La Red Health Center,FQHC_OR_RHC,Listed as Known Partner Organization,CMS_ABSTRACT_PREAWARD,CANDIDATE_ONLY,,,
DE,Nemours Children's Health,HOSPITAL_OR_SYSTEM,Listed as Known Partner Organization,CMS_ABSTRACT_PREAWARD,CANDIDATE_ONLY,,,
DE,Smart Health Network,VENDOR_OR_CONTRACTOR,Listed as Known Partner Organization,CMS_ABSTRACT_PREAWARD,CANDIDATE_ONLY,,,
DE,Tidal Health,HOSPITAL_OR_SYSTEM,Listed as Known Partner Organization,CMS_ABSTRACT_PREAWARD,CANDIDATE_ONLY,,,
DE,University of Delaware,UNIVERSITY_OR_AHC,Listed as Known Partner Organization,CMS_ABSTRACT_PREAWARD,CANDIDATE_ONLY,,,
DE,Westside Family Healthcare,FQHC_OR_RHC,Listed as Known Partner Organization,CMS_ABSTRACT_PREAWARD,CANDIDATE_ONLY,,,
GA,Deloitte,VENDOR_OR_CONTRACTOR,Named sub-recipient,CMS_ABSTRACT_PREAWARD,CANDIDATE_ONLY,,,
GA,Department of Human Services,STATE_AGENCY,Named sub-recipient,CMS_ABSTRACT_PREAWARD,CANDIDATE_ONLY,,,
GA,Department of Public Health,STATE_AGENCY,Named sub-recipient,CMS_ABSTRACT_PREAWARD,CANDIDATE_ONLY,,,
GA,Dept of Behavioral Health and Developmental Disabilities,STATE_AGENCY,Named sub-recipient,CMS_ABSTRACT_PREAWARD,CANDIDATE_ONLY,,,
GA,Georgia Board of Health Care Workforce,STATE_AGENCY,Named sub-recipient,CMS_ABSTRACT_PREAWARD,CANDIDATE_ONLY,,,
GA,Georgia EMS Assoc / Georgia Ambulance Providers Assoc,EMS_OR_PSAP,Named sub-recipient,CMS_ABSTRACT_PREAWARD,CANDIDATE_ONLY,,,
GA,RSM,VENDOR_OR_CONTRACTOR,Named sub-recipient,CMS_ABSTRACT_PREAWARD,CANDIDATE_ONLY,,,
GA,ShareCare,VENDOR_OR_CONTRACTOR,Named sub-recipient,CMS_ABSTRACT_PREAWARD,CANDIDATE_ONLY,,,
GA,Side by Side,NONPROFIT_CBO,Named sub-recipient,CMS_ABSTRACT_PREAWARD,CANDIDATE_ONLY,,,
GA,State Office of Rural Health,STATE_AGENCY,Named sub-recipient,CMS_ABSTRACT_PREAWARD,CANDIDATE_ONLY,,,
GA,University System of Georgia,UNIVERSITY_OR_AHC,Named sub-recipient,CMS_ABSTRACT_PREAWARD,CANDIDATE_ONLY,,,
HI,State Department of Health,STATE_AGENCY,Named subawardee for initiative leads,CMS_ABSTRACT_PREAWARD,CANDIDATE_ONLY,,,
HI,State Department of Human Services,STATE_AGENCY,Named subawardee for initiative leads,CMS_ABSTRACT_PREAWARD,CANDIDATE_ONLY,,,
HI,State Health Planning and Development Agency,STATE_AGENCY,Named subawardee for initiative leads,CMS_ABSTRACT_PREAWARD,CANDIDATE_ONLY,,,
HI,UH John A. Burns School of Medicine,UNIVERSITY_OR_AHC,Named subawardee for initiative leads,CMS_ABSTRACT_PREAWARD,CANDIDATE_ONLY,,,
HI,Univ of Hawaii Telecommunication and Social Informatics Program,UNIVERSITY_OR_AHC,Named subawardee for initiative leads,CMS_ABSTRACT_PREAWARD,CANDIDATE_ONLY,,,
IL,Community Behavioral Health Association,NONPROFIT_CBO,Expected subrecipient,CMS_ABSTRACT_PREAWARD,CANDIDATE_ONLY,,,
IL,Hospitals (unnamed),HOSPITAL_OR_SYSTEM,Expected subrecipient,CMS_ABSTRACT_PREAWARD,CANDIDATE_ONLY,,,
IL,Illinois Community College Board,UNIVERSITY_OR_AHC,Expected subrecipient,CMS_ABSTRACT_PREAWARD,CANDIDATE_ONLY,,,
IL,Illinois Critical Access Hospital Network (ICAHN),NONPROFIT_CBO,Expected subrecipient,CMS_ABSTRACT_PREAWARD,CANDIDATE_ONLY,,,
IL,Illinois Department of Public Health,STATE_AGENCY,Expected subrecipient,CMS_ABSTRACT_PREAWARD,CANDIDATE_ONLY,,,
IL,Illinois Primary Health Care Association,NONPROFIT_CBO,Expected subrecipient,CMS_ABSTRACT_PREAWARD,CANDIDATE_ONLY,,,
IL,Illinois State University System,UNIVERSITY_OR_AHC,Expected subrecipient,CMS_ABSTRACT_PREAWARD,CANDIDATE_ONLY,,,
IL,University of Illinois Chicago,UNIVERSITY_OR_AHC,Expected subrecipient,CMS_ABSTRACT_PREAWARD,CANDIDATE_ONLY,,,
MD,Chesapeake Regional Information System for our Patients (CRISP),VENDOR_OR_CONTRACTOR,Known subrecipient,CMS_ABSTRACT_PREAWARD,CANDIDATE_ONLY,,,
MD,Local Emergency Medical Services,EMS_OR_PSAP,Known subrecipient,CMS_ABSTRACT_PREAWARD,CANDIDATE_ONLY,,,
MD,Local Health Departments,LOCAL_GOVT_OR_PUBLIC_HEALTH,Known subrecipient,CMS_ABSTRACT_PREAWARD,CANDIDATE_ONLY,,,
MD,MD Dept of Agriculture,STATE_AGENCY,Known subrecipient,CMS_ABSTRACT_PREAWARD,CANDIDATE_ONLY,,,
MD,MD Dept of Emergency Management,STATE_AGENCY,Known subrecipient,CMS_ABSTRACT_PREAWARD,CANDIDATE_ONLY,,,
MD,MD Dept of Housing and Community Development,STATE_AGENCY,Known subrecipient,CMS_ABSTRACT_PREAWARD,CANDIDATE_ONLY,,,
MD,MD Dept of Labor,STATE_AGENCY,Known subrecipient,CMS_ABSTRACT_PREAWARD,CANDIDATE_ONLY,,,
MD,Maryland Area Health Education Center,AHEC,Known subrecipient,CMS_ABSTRACT_PREAWARD,CANDIDATE_ONLY,,,
MD,Rural Maryland Council,NONPROFIT_CBO,Known subrecipient,CMS_ABSTRACT_PREAWARD,CANDIDATE_ONLY,,,
NC,Duke-Margolis Health Policy Center,UNIVERSITY_OR_AHC,Key subrecipient,CMS_ABSTRACT_PREAWARD,CANDIDATE_ONLY,,,
NC,UNC Cecil G. Sheps Center for Health Services Research,UNIVERSITY_OR_AHC,Key subrecipient,CMS_ABSTRACT_PREAWARD,CANDIDATE_ONLY,,,
NE,Community colleges / private colleges,UNIVERSITY_OR_AHC,"Named subrecipient, by initiative",CMS_ABSTRACT_PREAWARD,CANDIDATE_ONLY,,,
NE,Creighton University,UNIVERSITY_OR_AHC,"Named subrecipient, by initiative",CMS_ABSTRACT_PREAWARD,CANDIDATE_ONLY,,,
NE,Local Health Departments,LOCAL_GOVT_OR_PUBLIC_HEALTH,"Named subrecipient, by initiative",CMS_ABSTRACT_PREAWARD,CANDIDATE_ONLY,,,
NE,Nebraska Association of Local Health Departments,NONPROFIT_CBO,"Named subrecipient, by initiative",CMS_ABSTRACT_PREAWARD,CANDIDATE_ONLY,,,
NE,Nebraska County Extension Offices,LOCAL_GOVT_OR_PUBLIC_HEALTH,"Named subrecipient, by initiative",CMS_ABSTRACT_PREAWARD,CANDIDATE_ONLY,,,
NE,Nebraska Department of Education,STATE_AGENCY,"Named subrecipient, by initiative",CMS_ABSTRACT_PREAWARD,CANDIDATE_ONLY,,,
NE,Nebraska Enhanced Services Pharmacies,VENDOR_OR_CONTRACTOR,"Named subrecipient, by initiative",CMS_ABSTRACT_PREAWARD,CANDIDATE_ONLY,,,
NE,Nebraska Hospital Association,NONPROFIT_CBO,"Named subrecipient, by initiative",CMS_ABSTRACT_PREAWARD,CANDIDATE_ONLY,,,
NE,Nebraska Medical Association,NONPROFIT_CBO,"Named subrecipient, by initiative",CMS_ABSTRACT_PREAWARD,CANDIDATE_ONLY,,,
NE,Nebraska Perinatal Quality Improvement Collaborative,NONPROFIT_CBO,"Named subrecipient, by initiative",CMS_ABSTRACT_PREAWARD,CANDIDATE_ONLY,,,
NE,Rural hospitals and clinics (unnamed),HOSPITAL_OR_SYSTEM,"Named subrecipient, by initiative",CMS_ABSTRACT_PREAWARD,CANDIDATE_ONLY,,,
NE,Tribal Organizations,TRIBAL_ORG,"Named subrecipient, by initiative",CMS_ABSTRACT_PREAWARD,CANDIDATE_ONLY,,,
NE,UNMC School of Dentistry,UNIVERSITY_OR_AHC,"Named subrecipient, by initiative",CMS_ABSTRACT_PREAWARD,CANDIDATE_ONLY,,,
NE,University of Nebraska Kearney,UNIVERSITY_OR_AHC,"Named subrecipient, by initiative",CMS_ABSTRACT_PREAWARD,CANDIDATE_ONLY,,,
NE,University of Nebraska system,UNIVERSITY_OR_AHC,"Named subrecipient, by initiative",CMS_ABSTRACT_PREAWARD,CANDIDATE_ONLY,,,
NH,Community Behavioral Health Association,NONPROFIT_CBO,Named subrecipient/sub-awardee,CMS_ABSTRACT_PREAWARD,CANDIDATE_ONLY,,,
NH,Community College System of New Hampshire,UNIVERSITY_OR_AHC,Named subrecipient/sub-awardee,CMS_ABSTRACT_PREAWARD,CANDIDATE_ONLY,,,
NH,Community Development Finance Authority,STATE_AGENCY,Named subrecipient/sub-awardee,CMS_ABSTRACT_PREAWARD,CANDIDATE_ONLY,,,
NH,Foundation for Healthy Communities,NONPROFIT_CBO,Named subrecipient/sub-awardee,CMS_ABSTRACT_PREAWARD,CANDIDATE_ONLY,,,
NH,NH Alcohol and Drug Abuse Counselors,NONPROFIT_CBO,Named subrecipient/sub-awardee,CMS_ABSTRACT_PREAWARD,CANDIDATE_ONLY,,,
NH,New Hampshire Department of Education,STATE_AGENCY,Named subrecipient/sub-awardee,CMS_ABSTRACT_PREAWARD,CANDIDATE_ONLY,,,
NH,University System of New Hampshire,UNIVERSITY_OR_AHC,Named subrecipient/sub-awardee,CMS_ABSTRACT_PREAWARD,CANDIDATE_ONLY,,,
NJ,Montclair University,UNIVERSITY_OR_AHC,Named partner,CMS_ABSTRACT_PREAWARD,CANDIDATE_ONLY,,,
NJ,SciTech Scity,VENDOR_OR_CONTRACTOR,Named partner,CMS_ABSTRACT_PREAWARD,CANDIDATE_ONLY,,,
NJ,University Hospital,HOSPITAL_OR_SYSTEM,Named partner,CMS_ABSTRACT_PREAWARD,CANDIDATE_ONLY,,,
OK,Health Workforce Training Commission,STATE_AGENCY,Named administering agency/subrecipient,CMS_ABSTRACT_PREAWARD,CANDIDATE_ONLY,,,
OK,Oklahoma Association of Rural Councils,NONPROFIT_CBO,Named administering agency/subrecipient,CMS_ABSTRACT_PREAWARD,CANDIDATE_ONLY,,,
OK,Oklahoma Department of Career and Technical Education,STATE_AGENCY,Named administering agency/subrecipient,CMS_ABSTRACT_PREAWARD,CANDIDATE_ONLY,,,
OK,Oklahoma Health Care Authority,STATE_AGENCY,Named administering agency/subrecipient,CMS_ABSTRACT_PREAWARD,CANDIDATE_ONLY,,,
OK,Oklahoma State Department of Education,STATE_AGENCY,Named administering agency/subrecipient,CMS_ABSTRACT_PREAWARD,CANDIDATE_ONLY,,,
OR,Nine Federally Recognized Tribes of Oregon,TRIBAL_ORG,Named set-aside recipient,CMS_ABSTRACT_PREAWARD,CANDIDATE_ONLY,,,
PA,PA Area Health Education Center (AHEC),AHEC,Named sub-awardee organization,CMS_ABSTRACT_PREAWARD,CANDIDATE_ONLY,,,
PA,Partnerships for Regional Economic Performance regions (8),NONPROFIT_CBO,Named sub-awardee organization,CMS_ABSTRACT_PREAWARD,CANDIDATE_ONLY,,,
PA,University of Pittsburgh-Medicaid Research Center,UNIVERSITY_OR_AHC,Named sub-awardee organization,CMS_ABSTRACT_PREAWARD,CANDIDATE_ONLY,,,
RI,Block Island Health Services,NONPROFIT_CBO,Named subrecipient,CMS_ABSTRACT_PREAWARD,CANDIDATE_ONLY,,,
RI,Care Transformation Collaborative of Rhode Island (CTC-RI),NONPROFIT_CBO,Named subrecipient,CMS_ABSTRACT_PREAWARD,CANDIDATE_ONLY,,,
RI,Eleanor Slater Hospital (Zambarano campus),HOSPITAL_OR_SYSTEM,Named site of a funded initiative (Initiative 7 special-care dental center),CMS_ABSTRACT_PREAWARD,CANDIDATE_ONLY,,,
RI,Hospital Association of Rhode Island (HARI),NONPROFIT_CBO,Named subrecipient,CMS_ABSTRACT_PREAWARD,CANDIDATE_ONLY,,,
RI,Narragansett Indian Tribe,TRIBAL_ORG,Named subrecipient,CMS_ABSTRACT_PREAWARD,CANDIDATE_ONLY,,,
RI,Rhode Island Health Center Association (RIHCA),NONPROFIT_CBO,Named subrecipient,CMS_ABSTRACT_PREAWARD,CANDIDATE_ONLY,,,
RI,Rhode Island League of Cities and Towns,LOCAL_GOVT_OR_PUBLIC_HEALTH,Named subrecipient,CMS_ABSTRACT_PREAWARD,CANDIDATE_ONLY,,,
VA,Hospitals and health systems (unnamed),HOSPITAL_OR_SYSTEM,Additional subrecipients to be competitively selected,CMS_ABSTRACT_PREAWARD,CANDIDATE_ONLY,,,
VA,Virginia Center for Health Innovation,NONPROFIT_CBO,Named subrecipient organization (evaluation partner),CMS_ABSTRACT_PREAWARD,CANDIDATE_ONLY,,,
VA,Virginia Department of Education,STATE_AGENCY,Named subrecipient organization,CMS_ABSTRACT_PREAWARD,CANDIDATE_ONLY,,,
VA,Virginia Foundation for Community College Education,NONPROFIT_CBO,Named subrecipient organization,CMS_ABSTRACT_PREAWARD,CANDIDATE_ONLY,,,
VA,Virginia Health Care Foundation,NONPROFIT_CBO,Named subrecipient organization,CMS_ABSTRACT_PREAWARD,CANDIDATE_ONLY,,,
VA,Virginia Hospital Research and Education Foundation,NONPROFIT_CBO,Named subrecipient organization,CMS_ABSTRACT_PREAWARD,CANDIDATE_ONLY,,,
VA,Virginia Innovation Partnership Corporation,NONPROFIT_CBO,Named subrecipient organization,CMS_ABSTRACT_PREAWARD,CANDIDATE_ONLY,,,
VA,Virginia Works,STATE_AGENCY,Named subrecipient organization,CMS_ABSTRACT_PREAWARD,CANDIDATE_ONLY,,,
WA,Area Agencies on Aging,LOCAL_GOVT_OR_PUBLIC_HEALTH,Named subrecipient/sub-awardee,CMS_ABSTRACT_PREAWARD,CANDIDATE_ONLY,,,
WA,Department of Health (incl. State Office of Rural Health),STATE_AGENCY,Named subrecipient/sub-awardee,CMS_ABSTRACT_PREAWARD,CANDIDATE_ONLY,,,
WA,Department of Social and Health Services,STATE_AGENCY,Named subrecipient/sub-awardee,CMS_ABSTRACT_PREAWARD,CANDIDATE_ONLY,,,
WA,Project Extension for Community Health Outcomes (ECHO),UNIVERSITY_OR_AHC,Named subrecipient/sub-awardee,CMS_ABSTRACT_PREAWARD,CANDIDATE_ONLY,,,
WA,Rural Health Redesign Center,NONPROFIT_CBO,Named subrecipient/sub-awardee,CMS_ABSTRACT_PREAWARD,CANDIDATE_ONLY,,,
WA,The Rural Collaborative,NONPROFIT_CBO,Named subrecipient/sub-awardee,CMS_ABSTRACT_PREAWARD,CANDIDATE_ONLY,,,
WA,University of Washington,UNIVERSITY_OR_AHC,Named subrecipient/sub-awardee,CMS_ABSTRACT_PREAWARD,CANDIDATE_ONLY,,,
WA,Washington State Hospital Association,NONPROFIT_CBO,Named subrecipient/sub-awardee,CMS_ABSTRACT_PREAWARD,CANDIDATE_ONLY,,,
WA,Washington State University (WSU),UNIVERSITY_OR_AHC,Named subrecipient/sub-awardee,CMS_ABSTRACT_PREAWARD,CANDIDATE_ONLY,,,
