state,row_no,awardee,awardee_as_published,spelling_differs,award_pool,amount,project_title,project_description,recipient_type,recipient_type_from_release_spelling,flow_type,distributed_to_hospital,hospital_benefiting,determination_basis,validation_source_type,state_source_url,source_archive_path,note
AR,1,ARCARE,ARcare,TRUE,THRIVE,2571095,ARcare Rural Transformation Program,"ARcare Rural Transformation Program (Woodruff, Izard, Baxter, Jackson, Franklin, White, Cross, Benton, Independence, Miller, Faulkner, and Jefferson counties) will upgrade remote patient monitoring, telehealth micro-clinics, EHR interoperability, cybersecurity, network infrastructure, and patient engagement tools through HOME, VIRTUAL, and TECH Fund activities.",NONPROFIT_CBO,NONPROFIT_CBO,NON_HOSPITAL,No,No,"Recipient is named but the source does not state its organisational form; §8 settled fallback (session 10). §10.2 NON_HOSPITAL: the named recipient is not a hospital (§0.3a -- judged on the recipient, not the activity), and the source does not mention hospitals anywhere in the funded work.",GOVERNOR_PRESS_RELEASE,https://governor.arkansas.gov/news_post/sanders-announces-nearly-150-million-awarded-in-rural-health-transformation-funds/,data/evidence/AR/2026-08-27_governor_sanders_nearly_150_million_awarded.html,"THE SAME MONEY AS `ar_year1_awardees.csv`, AT A FINER GRAIN. NEVER ADD THE TWO FILES: the 50 rows here and the 37 there are one $149,177,618.45, read from two publishers. This file exists for the project DESCRIPTION, which the award list does not carry, and for the Governor's own count of 50, which is neither 31 organisations nor 37 award actions. `recipient_type` is derived from the AWARD LIST's spelling of the name (the primary source, §8); `recipient_type_from_release_spelling` records what the release's own spelling would give, which differs for Arkansas Children's and is worth $301,400."
AR,2,Arkansas Ambulance Association,Arkansas Ambulance Association,FALSE,THRIVE,10000000,"EMS Coordinated Network for Emergency Navigation, Community Care and Telehealth (EMS-Connect)","EMS Coordinated Network for Emergency Navigation, Community Care and Telehealth (EMS-Connect) (statewide) will replace ambulances and add telehealth communications, connectivity and patient-monitoring equipment, data sharing, training, and a Patient Navigation Hub.",EMS_OR_PSAP,EMS_OR_PSAP,NON_HOSPITAL,No,No,"Recipient name rule: name states an EMS entity. §10.2 NON_HOSPITAL: the named recipient is not a hospital (§0.3a -- judged on the recipient, not the activity), and the source does not mention hospitals anywhere in the funded work.",GOVERNOR_PRESS_RELEASE,https://governor.arkansas.gov/news_post/sanders-announces-nearly-150-million-awarded-in-rural-health-transformation-funds/,data/evidence/AR/2026-08-27_governor_sanders_nearly_150_million_awarded.html,"THE SAME MONEY AS `ar_year1_awardees.csv`, AT A FINER GRAIN. NEVER ADD THE TWO FILES: the 50 rows here and the 37 there are one $149,177,618.45, read from two publishers. This file exists for the project DESCRIPTION, which the award list does not carry, and for the Governor's own count of 50, which is neither 31 organisations nor 37 award actions. `recipient_type` is derived from the AWARD LIST's spelling of the name (the primary source, §8); `recipient_type_from_release_spelling` records what the release's own spelling would give, which differs for Arkansas Children's and is worth $301,400."
AR,3,Arkansas Baptist Childrens Homes and Family Ministries,Arkansas Baptist Children’s Homes and Family Ministries,TRUE,THRIVE,423761.29,Living Well Rural Connect Initiative,"Living Well Rural Connect Initiative (Crittenden, Lee, Union, Jefferson, Ouachita, and Hempstead counties) will expand rural behavioral health access through telebehavioral health services, community access points, secure counselor technology, cloud-based systems, cybersecurity improvements, and startup support.",NONPROFIT_CBO,NONPROFIT_CBO,NON_HOSPITAL,No,No,"Recipient is named but the source does not state its organisational form; §8 settled fallback (session 10). §10.2 NON_HOSPITAL: the named recipient is not a hospital (§0.3a -- judged on the recipient, not the activity), and the source does not mention hospitals anywhere in the funded work.",GOVERNOR_PRESS_RELEASE,https://governor.arkansas.gov/news_post/sanders-announces-nearly-150-million-awarded-in-rural-health-transformation-funds/,data/evidence/AR/2026-08-27_governor_sanders_nearly_150_million_awarded.html,"THE SAME MONEY AS `ar_year1_awardees.csv`, AT A FINER GRAIN. NEVER ADD THE TWO FILES: the 50 rows here and the 37 there are one $149,177,618.45, read from two publishers. This file exists for the project DESCRIPTION, which the award list does not carry, and for the Governor's own count of 50, which is neither 31 organisations nor 37 award actions. `recipient_type` is derived from the AWARD LIST's spelling of the name (the primary source, §8); `recipient_type_from_release_spelling` records what the release's own spelling would give, which differs for Arkansas Children's and is worth $301,400."
AR,4,Arkansas Children's Hospital,Arkansas Children’s,TRUE,THRIVE,210000,Rural Health Management Network for Children with Chronic Disease,"Rural Health Management Network for Children with Chronic Disease (statewide) will provide remote monitoring and virtual care coordination for rural children with asthma, diabetes, cystic fibrosis, inflammatory bowel disease, and single-ventricle heart disease.",HOSPITAL_OR_SYSTEM,NONPROFIT_CBO,DIRECT,Yes,Yes,Recipient name rule: name states a hospital. §10.2 DIRECT: the named recipient is a hospital or hospital system and the state's award document names both the recipient and the amount.,GOVERNOR_PRESS_RELEASE,https://governor.arkansas.gov/news_post/sanders-announces-nearly-150-million-awarded-in-rural-health-transformation-funds/,data/evidence/AR/2026-08-27_governor_sanders_nearly_150_million_awarded.html,"THE SAME MONEY AS `ar_year1_awardees.csv`, AT A FINER GRAIN. NEVER ADD THE TWO FILES: the 50 rows here and the 37 there are one $149,177,618.45, read from two publishers. This file exists for the project DESCRIPTION, which the award list does not carry, and for the Governor's own count of 50, which is neither 31 organisations nor 37 award actions. `recipient_type` is derived from the AWARD LIST's spelling of the name (the primary source, §8); `recipient_type_from_release_spelling` records what the release's own spelling would give, which differs for Arkansas Children's and is worth $301,400."
AR,5,Arkansas Children's Hospital,Arkansas Children’s,TRUE,THRIVE,91400,Rural Newborn Alliance,"Rural Newborn Alliance (Jefferson County and the 11 Southeast Arkansas counties served by Jefferson Regional in Year 1) will provide prenatal diagnostics, TeleNICU access, neonatal education, standardized care pathways, bridge-to-home services, and rural newborn care coordination.",HOSPITAL_OR_SYSTEM,NONPROFIT_CBO,DIRECT,Yes,Yes,Recipient name rule: name states a hospital. §10.2 DIRECT: the named recipient is a hospital or hospital system and the state's award document names both the recipient and the amount.,GOVERNOR_PRESS_RELEASE,https://governor.arkansas.gov/news_post/sanders-announces-nearly-150-million-awarded-in-rural-health-transformation-funds/,data/evidence/AR/2026-08-27_governor_sanders_nearly_150_million_awarded.html,"THE SAME MONEY AS `ar_year1_awardees.csv`, AT A FINER GRAIN. NEVER ADD THE TWO FILES: the 50 rows here and the 37 there are one $149,177,618.45, read from two publishers. This file exists for the project DESCRIPTION, which the award list does not carry, and for the Governor's own count of 50, which is neither 31 organisations nor 37 award actions. `recipient_type` is derived from the AWARD LIST's spelling of the name (the primary source, §8); `recipient_type_from_release_spelling` records what the release's own spelling would give, which differs for Arkansas Children's and is worth $301,400."
AR,6,Arkansas Rural Health Partnership,Arkansas Rural Health Partnership,FALSE,THRIVE,2245031,Arkansas Rural Emergency Tele-Consultation and EMS Tele-Triage Network (,"Arkansas Rural Emergency Tele-Consultation and EMS Tele-Triage Network ( Woodruff, White, Independence, Saline, Monroe, Lonoke, Cross, Prairie, St. Francis, Garland, Miller, Jefferson, Crittenden, Arkansas, Lincoln, Bradley, Grant, Chicot, Ashley, Lee, Phillips, Sebastian, Pulaski, Clay, Randolph, Lawrence, Greene, Fulton, Sevier, Hot Spring, and Howard counties) will equip rural hospitals and EMS providers for emergency teleconsultation and triage, including platform onboarding, workflow development, training, implementation, and evaluation.",NONPROFIT_CBO,NONPROFIT_CBO,IN_KIND_BENEFIT,No,Yes,"Recipient is named but the source does not state its organisational form; §8 settled fallback (session 10). §10.2 IN_KIND_BENEFIT: the recipient is not a hospital and keeps the funds, and the source names hospitals among the parties the funded work serves. These dollars must never enter a 'funds distributed to hospitals' total; they are kept visible rather than discarded.",GOVERNOR_PRESS_RELEASE,https://governor.arkansas.gov/news_post/sanders-announces-nearly-150-million-awarded-in-rural-health-transformation-funds/,data/evidence/AR/2026-08-27_governor_sanders_nearly_150_million_awarded.html,"THE SAME MONEY AS `ar_year1_awardees.csv`, AT A FINER GRAIN. NEVER ADD THE TWO FILES: the 50 rows here and the 37 there are one $149,177,618.45, read from two publishers. This file exists for the project DESCRIPTION, which the award list does not carry, and for the Governor's own count of 50, which is neither 31 organisations nor 37 award actions. `recipient_type` is derived from the AWARD LIST's spelling of the name (the primary source, §8); `recipient_type_from_release_spelling` records what the release's own spelling would give, which differs for Arkansas Children's and is worth $301,400."
AR,7,Arkansas Rural Health Partnership,Arkansas Rural Health Partnership,FALSE,THRIVE,5651924,ARHP TECH: Rural Chronic Care Initiative,"ARHP TECH: Rural Chronic Care Initiative (Polk, Independence, Desha, Dallas, Bradley, Howard, Ashley, Jefferson, Chicot, Hempstead, Union, Phillips, Arkansas, Sevier, Ouachita, Little River, and St. Francis counties) will support technology-enabled chronic disease management through remote patient-monitoring devices, site readiness, patient onboarding, staff training, care coordination, and ZOLL heart-failure monitoring for high-risk patients.",NONPROFIT_CBO,NONPROFIT_CBO,NON_HOSPITAL,No,No,"Recipient is named but the source does not state its organisational form; §8 settled fallback (session 10). §10.2 NON_HOSPITAL: the named recipient is not a hospital (§0.3a -- judged on the recipient, not the activity), and the source does not mention hospitals anywhere in the funded work.",GOVERNOR_PRESS_RELEASE,https://governor.arkansas.gov/news_post/sanders-announces-nearly-150-million-awarded-in-rural-health-transformation-funds/,data/evidence/AR/2026-08-27_governor_sanders_nearly_150_million_awarded.html,"THE SAME MONEY AS `ar_year1_awardees.csv`, AT A FINER GRAIN. NEVER ADD THE TWO FILES: the 50 rows here and the 37 there are one $149,177,618.45, read from two publishers. This file exists for the project DESCRIPTION, which the award list does not carry, and for the Governor's own count of 50, which is neither 31 organisations nor 37 award actions. `recipient_type` is derived from the AWARD LIST's spelling of the name (the primary source, §8); `recipient_type_from_release_spelling` records what the release's own spelling would give, which differs for Arkansas Children's and is worth $301,400."
AR,8,Baptist Health,Baptist Health,FALSE,THRIVE,1139512,Expanding & Enhancing Specialty Care Across Rural Arkansas: A Cardiology Pilot Initiative,"Expanding & Enhancing Specialty Care Across Rural Arkansas: A Cardiology Pilot Initiative (Hot Spring, Clark, Cleburne, Union, Drew, Arkansas, and Columbia counties) will launch virtual cardiology rounds and post-discharge follow-up at rural hospitals without reliable on-site cardiology access, with capacity for expansion beyond the pilot.",NONPROFIT_CBO,NONPROFIT_CBO,IN_KIND_BENEFIT,No,Yes,"Recipient is named but the source does not state its organisational form; §8 settled fallback (session 10). §10.2 IN_KIND_BENEFIT: the recipient is not a hospital and keeps the funds, and the source names hospitals among the parties the funded work serves. These dollars must never enter a 'funds distributed to hospitals' total; they are kept visible rather than discarded.",GOVERNOR_PRESS_RELEASE,https://governor.arkansas.gov/news_post/sanders-announces-nearly-150-million-awarded-in-rural-health-transformation-funds/,data/evidence/AR/2026-08-27_governor_sanders_nearly_150_million_awarded.html,"THE SAME MONEY AS `ar_year1_awardees.csv`, AT A FINER GRAIN. NEVER ADD THE TWO FILES: the 50 rows here and the 37 there are one $149,177,618.45, read from two publishers. This file exists for the project DESCRIPTION, which the award list does not carry, and for the Governor's own count of 50, which is neither 31 organisations nor 37 award actions. `recipient_type` is derived from the AWARD LIST's spelling of the name (the primary source, §8); `recipient_type_from_release_spelling` records what the release's own spelling would give, which differs for Arkansas Children's and is worth $301,400."
AR,9,Baptist Health,Baptist Health,FALSE,THRIVE,197542,Magnolia Regional Medical Center Information Technology & Virtual Care Transition to Baptist Health,"Magnolia Regional Medical Center Information Technology & Virtual Care Transition to Baptist Health (Columbia County) will add Caregility virtual care, telemetry, licensing, endpoint technology, cabling, and cybersecurity infrastructure as Magnolia Regional Medical Center joins the Baptist Health system.",NONPROFIT_CBO,NONPROFIT_CBO,NON_HOSPITAL,No,No,"Recipient is named but the source does not state its organisational form; §8 settled fallback (session 10). §10.2 NON_HOSPITAL: the named recipient is not a hospital (§0.3a -- judged on the recipient, not the activity), and the source does not mention hospitals anywhere in the funded work.",GOVERNOR_PRESS_RELEASE,https://governor.arkansas.gov/news_post/sanders-announces-nearly-150-million-awarded-in-rural-health-transformation-funds/,data/evidence/AR/2026-08-27_governor_sanders_nearly_150_million_awarded.html,"THE SAME MONEY AS `ar_year1_awardees.csv`, AT A FINER GRAIN. NEVER ADD THE TWO FILES: the 50 rows here and the 37 there are one $149,177,618.45, read from two publishers. This file exists for the project DESCRIPTION, which the award list does not carry, and for the Governor's own count of 50, which is neither 31 organisations nor 37 award actions. `recipient_type` is derived from the AWARD LIST's spelling of the name (the primary source, §8); `recipient_type_from_release_spelling` records what the release's own spelling would give, which differs for Arkansas Children's and is worth $301,400."
AR,10,Baptist Health,Baptist Health,FALSE,THRIVE,589378,South Arkansas Regional Hospital Information Technology & Virtual Care Transition to Baptist Health,"South Arkansas Regional Hospital Information Technology & Virtual Care Transition to Baptist Health (Union County) will add virtual care, telemetry, licensing, endpoint technology, cabling, and cybersecurity infrastructure as South Arkansas Regional Hospital transitions to Baptist Health Medical Center-El Dorado.",NONPROFIT_CBO,NONPROFIT_CBO,IN_KIND_BENEFIT,No,Yes,"Recipient is named but the source does not state its organisational form; §8 settled fallback (session 10). §10.2 IN_KIND_BENEFIT: the recipient is not a hospital and keeps the funds, and the source names hospitals among the parties the funded work serves. These dollars must never enter a 'funds distributed to hospitals' total; they are kept visible rather than discarded.",GOVERNOR_PRESS_RELEASE,https://governor.arkansas.gov/news_post/sanders-announces-nearly-150-million-awarded-in-rural-health-transformation-funds/,data/evidence/AR/2026-08-27_governor_sanders_nearly_150_million_awarded.html,"THE SAME MONEY AS `ar_year1_awardees.csv`, AT A FINER GRAIN. NEVER ADD THE TWO FILES: the 50 rows here and the 37 there are one $149,177,618.45, read from two publishers. This file exists for the project DESCRIPTION, which the award list does not carry, and for the Governor's own count of 50, which is neither 31 organisations nor 37 award actions. `recipient_type` is derived from the AWARD LIST's spelling of the name (the primary source, §8); `recipient_type_from_release_spelling` records what the release's own spelling would give, which differs for Arkansas Children's and is worth $301,400."
AR,11,Baxter Health,Baxter Health,FALSE,THRIVE,7738729.91,Baxter Health THRIVE at Home,"Baxter Health THRIVE at Home (Baxter, Fulton, Marion, Boone, Izard, and Stone counties) will expand home-based and virtual care through EMS equipment, community paramedicine, hospital-at-home services, remote patient monitoring, telehealth, chronic care support, cybersecurity, and interoperability planning.",NONPROFIT_CBO,NONPROFIT_CBO,IN_KIND_BENEFIT,No,Yes,"Recipient is named but the source does not state its organisational form; §8 settled fallback (session 10). §10.2 IN_KIND_BENEFIT: the recipient is not a hospital and keeps the funds, and the source names hospitals among the parties the funded work serves. These dollars must never enter a 'funds distributed to hospitals' total; they are kept visible rather than discarded.",GOVERNOR_PRESS_RELEASE,https://governor.arkansas.gov/news_post/sanders-announces-nearly-150-million-awarded-in-rural-health-transformation-funds/,data/evidence/AR/2026-08-27_governor_sanders_nearly_150_million_awarded.html,"THE SAME MONEY AS `ar_year1_awardees.csv`, AT A FINER GRAIN. NEVER ADD THE TWO FILES: the 50 rows here and the 37 there are one $149,177,618.45, read from two publishers. This file exists for the project DESCRIPTION, which the award list does not carry, and for the Governor's own count of 50, which is neither 31 organisations nor 37 award actions. `recipient_type` is derived from the AWARD LIST's spelling of the name (the primary source, §8); `recipient_type_from_release_spelling` records what the release's own spelling would give, which differs for Arkansas Children's and is worth $301,400."
AR,12,"Carriage Hill Family Care, PLLC","Carriage Hill Family Care, PLC",TRUE,THRIVE,150000,Carriage Hill Rural Digital Health Transformation Initiative,"Carriage Hill Rural Digital Health Transformation Initiative (Greene County) will replace its electronic medical record system and improve cybersecurity, staff workflows, patient communications, and information exchange with hospitals, specialists, laboratories, and other care partners.",PHYSICIAN_PRACTICE,PHYSICIAN_PRACTICE,IN_KIND_BENEFIT,No,Yes,"Recipient name rule: name states a clinical practice. §10.2 IN_KIND_BENEFIT: the recipient is not a hospital and keeps the funds, and the source names hospitals among the parties the funded work serves. These dollars must never enter a 'funds distributed to hospitals' total; they are kept visible rather than discarded.",GOVERNOR_PRESS_RELEASE,https://governor.arkansas.gov/news_post/sanders-announces-nearly-150-million-awarded-in-rural-health-transformation-funds/,data/evidence/AR/2026-08-27_governor_sanders_nearly_150_million_awarded.html,"THE SAME MONEY AS `ar_year1_awardees.csv`, AT A FINER GRAIN. NEVER ADD THE TWO FILES: the 50 rows here and the 37 there are one $149,177,618.45, read from two publishers. This file exists for the project DESCRIPTION, which the award list does not carry, and for the Governor's own count of 50, which is neither 31 organisations nor 37 award actions. `recipient_type` is derived from the AWARD LIST's spelling of the name (the primary source, §8); `recipient_type_from_release_spelling` records what the release's own spelling would give, which differs for Arkansas Children's and is worth $301,400."
AR,13,"Community Health Centers of Arkansas, Inc.","Community Health Centers of Arkansas, Inc.",FALSE,THRIVE,1911394,Arkansas Community Health Intelligence Platform,"Arkansas Community Health Intelligence Platform (Arkansas, Ashley, Baxter, Boone, Bradley, Calhoun, Carroll, Chicot, Clark, Clay, Cleburne, Cleveland, Columbia, Conway, Crawford, Crittenden, Cross, Dallas, Desha, Drew, Franklin, Fulton, Grant, Greene, Hempstead, Hot Spring, Howard, Independence, Izard, Jackson, Jefferson, Johnson, Lafayette, Lawrence, Lee, Lincoln, Little River, Logan, Lonoke, Madison, Marion, Miller, Mississippi, Monroe, Montgomery, Nevada, Newton, Ouachita, Perry, Phillips, Pike, Poinsett, Polk, Prairie, Randolph, Scott, Searcy, Sevier, Sharp, St. Francis, Stone, Union, Van Buren, White, Woodruff, and Yell counties) will build a shared technology platform for Arkansas’ 13 federally qualified health centers, including health information exchange connections, population health analytics, interoperability tools, cybersecurity services, and implementation support.",FQHC_OR_RHC,FQHC_OR_RHC,NON_HOSPITAL,No,No,"Recipient name rule: community/primary health center. §10.2 NON_HOSPITAL: the named recipient is not a hospital (§0.3a -- judged on the recipient, not the activity), and the source does not mention hospitals anywhere in the funded work.",GOVERNOR_PRESS_RELEASE,https://governor.arkansas.gov/news_post/sanders-announces-nearly-150-million-awarded-in-rural-health-transformation-funds/,data/evidence/AR/2026-08-27_governor_sanders_nearly_150_million_awarded.html,"THE SAME MONEY AS `ar_year1_awardees.csv`, AT A FINER GRAIN. NEVER ADD THE TWO FILES: the 50 rows here and the 37 there are one $149,177,618.45, read from two publishers. This file exists for the project DESCRIPTION, which the award list does not carry, and for the Governor's own count of 50, which is neither 31 organisations nor 37 award actions. `recipient_type` is derived from the AWARD LIST's spelling of the name (the primary source, §8); `recipient_type_from_release_spelling` records what the release's own spelling would give, which differs for Arkansas Children's and is worth $301,400."
AR,14,"Community Health Centers of Arkansas, Inc.","Community Health Centers of Arkansas, Inc.",FALSE,THRIVE,130410,Arkansas FQHC Clinical Decision Support & Specialty Access Initiative,"Arkansas FQHC Clinical Decision Support & Specialty Access Initiative (Arkansas, Ashley, Baxter, Boone, Bradley, Calhoun, Carroll, Chicot, Clark, Clay, Cleburne, Cleveland, Columbia, Conway, Crawford, Crittenden, Cross, Dallas, Desha, Drew, Franklin, Fulton, Grant, Greene, Hempstead, Hot Spring, Howard, Independence, Izard, Jackson, Jefferson, Johnson, Lafayette, Lawrence, Lee, Lincoln, Little River, Logan, Lonoke, Madison, Marion, Miller, Mississippi, Monroe, Montgomery, Nevada, Newton, Ouachita, Perry, Phillips, Pike, Poinsett, Polk, Prairie, Randolph, Scott, Searcy, Sevier, Sharp, St. Francis, Stone, Union, Van Buren, White, Woodruff, and Yell counties) will implement VisualDx software, training, and program management to help participating FQHC clinicians diagnose and manage conditions that often require specialty input.",FQHC_OR_RHC,FQHC_OR_RHC,NON_HOSPITAL,No,No,"Recipient name rule: community/primary health center. §10.2 NON_HOSPITAL: the named recipient is not a hospital (§0.3a -- judged on the recipient, not the activity), and the source does not mention hospitals anywhere in the funded work.",GOVERNOR_PRESS_RELEASE,https://governor.arkansas.gov/news_post/sanders-announces-nearly-150-million-awarded-in-rural-health-transformation-funds/,data/evidence/AR/2026-08-27_governor_sanders_nearly_150_million_awarded.html,"THE SAME MONEY AS `ar_year1_awardees.csv`, AT A FINER GRAIN. NEVER ADD THE TWO FILES: the 50 rows here and the 37 there are one $149,177,618.45, read from two publishers. This file exists for the project DESCRIPTION, which the award list does not carry, and for the Governor's own count of 50, which is neither 31 organisations nor 37 award actions. `recipient_type` is derived from the AWARD LIST's spelling of the name (the primary source, §8); `recipient_type_from_release_spelling` records what the release's own spelling would give, which differs for Arkansas Children's and is worth $301,400."
AR,15,Harbor House Inc. of Fort Smith Arkansas,Harbor House Inc. of Fort Smith Arkansas,FALSE,THRIVE,37230,THRIVE Rural TeleCounseling Project,"THRIVE Rural TeleCounseling Project (Washington, Sebastian, Garland, and Benton counties) will expand one-on-one telecounseling with licensed mental health professionals for rural Arkansans with substance-use and mental health needs.",NONPROFIT_CBO,NONPROFIT_CBO,NON_HOSPITAL,No,No,"Recipient is named but the source does not state its organisational form; §8 settled fallback (session 10). §10.2 NON_HOSPITAL: the named recipient is not a hospital (§0.3a -- judged on the recipient, not the activity), and the source does not mention hospitals anywhere in the funded work.",GOVERNOR_PRESS_RELEASE,https://governor.arkansas.gov/news_post/sanders-announces-nearly-150-million-awarded-in-rural-health-transformation-funds/,data/evidence/AR/2026-08-27_governor_sanders_nearly_150_million_awarded.html,"THE SAME MONEY AS `ar_year1_awardees.csv`, AT A FINER GRAIN. NEVER ADD THE TWO FILES: the 50 rows here and the 37 there are one $149,177,618.45, read from two publishers. This file exists for the project DESCRIPTION, which the award list does not carry, and for the Governor's own count of 50, which is neither 31 organisations nor 37 award actions. `recipient_type` is derived from the AWARD LIST's spelling of the name (the primary source, §8); `recipient_type_from_release_spelling` records what the release's own spelling would give, which differs for Arkansas Children's and is worth $301,400."
AR,16,Johnson Regional Medical Center,Johnson Regional Medical Center,FALSE,THRIVE,974455,Tele-Cardiology Access Initiative and Network Infrastructure and Cybersecurity Modernization,"Tele-Cardiology Access Initiative and Network Infrastructure and Cybersecurity Modernization (Johnson County) will modernize wireless and network infrastructure, add telecardiology carts, and provide managed cybersecurity needed for local virtual cardiology consultations.",HOSPITAL_OR_SYSTEM,HOSPITAL_OR_SYSTEM,DIRECT,Yes,Yes,Recipient name rule: name states a medical center. §10.2 DIRECT: the named recipient is a hospital or hospital system and the state's award document names both the recipient and the amount.,GOVERNOR_PRESS_RELEASE,https://governor.arkansas.gov/news_post/sanders-announces-nearly-150-million-awarded-in-rural-health-transformation-funds/,data/evidence/AR/2026-08-27_governor_sanders_nearly_150_million_awarded.html,"THE SAME MONEY AS `ar_year1_awardees.csv`, AT A FINER GRAIN. NEVER ADD THE TWO FILES: the 50 rows here and the 37 there are one $149,177,618.45, read from two publishers. This file exists for the project DESCRIPTION, which the award list does not carry, and for the Governor's own count of 50, which is neither 31 organisations nor 37 award actions. `recipient_type` is derived from the AWARD LIST's spelling of the name (the primary source, §8); `recipient_type_from_release_spelling` records what the release's own spelling would give, which differs for Arkansas Children's and is worth $301,400."
AR,17,LilyLink/The Perinatal Center,LilyLink in partnership with the Perinatal Center,TRUE,THRIVE,871736,Rural Arkansas Technology-Enabled Maternal Diabetes Program,"Rural Arkansas Technology-Enabled Maternal Diabetes Program (Benton County) will provide connected glucose devices, patient onboarding, diabetes education, weekly clinical review, treatment adjustment, and postpartum follow-up for rural pregnant patients with gestational or pre-existing diabetes.",NONPROFIT_CBO,NONPROFIT_CBO,NON_HOSPITAL,No,No,"Recipient is named but the source does not state its organisational form; §8 settled fallback (session 10). §10.2 NON_HOSPITAL: the named recipient is not a hospital (§0.3a -- judged on the recipient, not the activity), and the source does not mention hospitals anywhere in the funded work.",GOVERNOR_PRESS_RELEASE,https://governor.arkansas.gov/news_post/sanders-announces-nearly-150-million-awarded-in-rural-health-transformation-funds/,data/evidence/AR/2026-08-27_governor_sanders_nearly_150_million_awarded.html,"THE SAME MONEY AS `ar_year1_awardees.csv`, AT A FINER GRAIN. NEVER ADD THE TWO FILES: the 50 rows here and the 37 there are one $149,177,618.45, read from two publishers. This file exists for the project DESCRIPTION, which the award list does not carry, and for the Governor's own count of 50, which is neither 31 organisations nor 37 award actions. `recipient_type` is derived from the AWARD LIST's spelling of the name (the primary source, §8); `recipient_type_from_release_spelling` records what the release's own spelling would give, which differs for Arkansas Children's and is worth $301,400."
AR,18,Mercy Health Fort Smith Communities,Mercy Health Fort Smith Communities,FALSE,THRIVE,6340043,Mercy Arkansas Rural Digital Health Initiative,"Mercy Arkansas Rural Digital Health Initiative (Carroll, Logan, Franklin, Scott, and Sebastian counties) will upgrade rural hospitals and clinics with specialty telehealth, AI-enabled SMART rooms, telemetry and imaging equipment, digital integration, and emergency teleconsultation capability.",NONPROFIT_CBO,NONPROFIT_CBO,IN_KIND_BENEFIT,No,Yes,"Recipient is named but the source does not state its organisational form; §8 settled fallback (session 10). §10.2 IN_KIND_BENEFIT: the recipient is not a hospital and keeps the funds, and the source names hospitals among the parties the funded work serves. These dollars must never enter a 'funds distributed to hospitals' total; they are kept visible rather than discarded.",GOVERNOR_PRESS_RELEASE,https://governor.arkansas.gov/news_post/sanders-announces-nearly-150-million-awarded-in-rural-health-transformation-funds/,data/evidence/AR/2026-08-27_governor_sanders_nearly_150_million_awarded.html,"THE SAME MONEY AS `ar_year1_awardees.csv`, AT A FINER GRAIN. NEVER ADD THE TWO FILES: the 50 rows here and the 37 there are one $149,177,618.45, read from two publishers. This file exists for the project DESCRIPTION, which the award list does not carry, and for the Governor's own count of 50, which is neither 31 organisations nor 37 award actions. `recipient_type` is derived from the AWARD LIST's spelling of the name (the primary source, §8); `recipient_type_from_release_spelling` records what the release's own spelling would give, which differs for Arkansas Children's and is worth $301,400."
AR,19,Methodist Le Bonheur Community Outreach,Methodist Le Bonheur Community Outreach,FALSE,THRIVE,340725,Le Bonheur Jonesboro Outpatient Center Telehealth Expansion,"Le Bonheur Jonesboro Outpatient Center Telehealth Expansion (Craighead County) will add Level 2 fetal ultrasounds, EEG epileptology screenings, and pediatric subspecialty consultations at the Jonesboro Outpatient Center.",NONPROFIT_CBO,NONPROFIT_CBO,NON_HOSPITAL,No,No,"Recipient is named but the source does not state its organisational form; §8 settled fallback (session 10). §10.2 NON_HOSPITAL: the named recipient is not a hospital (§0.3a -- judged on the recipient, not the activity), and the source does not mention hospitals anywhere in the funded work.",GOVERNOR_PRESS_RELEASE,https://governor.arkansas.gov/news_post/sanders-announces-nearly-150-million-awarded-in-rural-health-transformation-funds/,data/evidence/AR/2026-08-27_governor_sanders_nearly_150_million_awarded.html,"THE SAME MONEY AS `ar_year1_awardees.csv`, AT A FINER GRAIN. NEVER ADD THE TWO FILES: the 50 rows here and the 37 there are one $149,177,618.45, read from two publishers. This file exists for the project DESCRIPTION, which the award list does not carry, and for the Governor's own count of 50, which is neither 31 organisations nor 37 award actions. `recipient_type` is derived from the AWARD LIST's spelling of the name (the primary source, §8); `recipient_type_from_release_spelling` records what the release's own spelling would give, which differs for Arkansas Children's and is worth $301,400."
AR,20,St. Bernards Development Foundation,St. Bernards Development Foundation,FALSE,THRIVE,5000000,St. Bernards Rural Care Connectivity Network,"St. Bernards Rural Care Connectivity Network (Baxter, Cross, Randolph, Fulton, Mississippi, Lawrence, Clay, and Craighead counties) will expand telehealth, remote patient monitoring, smart-room technology, interoperability, cybersecurity, digital care coordination, and selected emergency-response tools.",NONPROFIT_CBO,NONPROFIT_CBO,NON_HOSPITAL,No,No,"Recipient is named but the source does not state its organisational form; §8 settled fallback (session 10). §10.2 NON_HOSPITAL: the named recipient is not a hospital (§0.3a -- judged on the recipient, not the activity), and the source does not mention hospitals anywhere in the funded work.",GOVERNOR_PRESS_RELEASE,https://governor.arkansas.gov/news_post/sanders-announces-nearly-150-million-awarded-in-rural-health-transformation-funds/,data/evidence/AR/2026-08-27_governor_sanders_nearly_150_million_awarded.html,"THE SAME MONEY AS `ar_year1_awardees.csv`, AT A FINER GRAIN. NEVER ADD THE TWO FILES: the 50 rows here and the 37 there are one $149,177,618.45, read from two publishers. This file exists for the project DESCRIPTION, which the award list does not carry, and for the Governor's own count of 50, which is neither 31 organisations nor 37 award actions. `recipient_type` is derived from the AWARD LIST's spelling of the name (the primary source, §8); `recipient_type_from_release_spelling` records what the release's own spelling would give, which differs for Arkansas Children's and is worth $301,400."
AR,21,University of Arkansas,University of Arkansas,FALSE,THRIVE,176847,Rural Telehealth Readiness Initiative for Older Adults and Caregivers in Arkansas,"Rural Telehealth Readiness Initiative for Older Adults and Caregivers in Arkansas (Dallas County) will pilot telehealth-readiness training for older adults and caregivers through training materials, a resource website, AI-supported navigation, train-the-trainer workshops, and community education.",UNIVERSITY_OR_AHC,UNIVERSITY_OR_AHC,NON_HOSPITAL,No,No,"Recipient name rule: name states a university or college. §10.2 NON_HOSPITAL: the named recipient is not a hospital (§0.3a -- judged on the recipient, not the activity), and the source does not mention hospitals anywhere in the funded work.",GOVERNOR_PRESS_RELEASE,https://governor.arkansas.gov/news_post/sanders-announces-nearly-150-million-awarded-in-rural-health-transformation-funds/,data/evidence/AR/2026-08-27_governor_sanders_nearly_150_million_awarded.html,"THE SAME MONEY AS `ar_year1_awardees.csv`, AT A FINER GRAIN. NEVER ADD THE TWO FILES: the 50 rows here and the 37 there are one $149,177,618.45, read from two publishers. This file exists for the project DESCRIPTION, which the award list does not carry, and for the Governor's own count of 50, which is neither 31 organisations nor 37 award actions. `recipient_type` is derived from the AWARD LIST's spelling of the name (the primary source, §8); `recipient_type_from_release_spelling` records what the release's own spelling would give, which differs for Arkansas Children's and is worth $301,400."
AR,22,University of Arkansas,University of Arkansas,FALSE,THRIVE,777351,Rural Access Data Analytics and Resource Platform,"Rural Access Data Analytics and Resource Platform (statewide) will expand the Arkansas Health Survey into THRIVE RADAR, an interactive rural health dashboard covering providers, telehealth, service gaps, workforce, broadband, transportation, health indicators, and geographic mapping.",UNIVERSITY_OR_AHC,UNIVERSITY_OR_AHC,NON_HOSPITAL,No,No,"Recipient name rule: name states a university or college. §10.2 NON_HOSPITAL: the named recipient is not a hospital (§0.3a -- judged on the recipient, not the activity), and the source does not mention hospitals anywhere in the funded work.",GOVERNOR_PRESS_RELEASE,https://governor.arkansas.gov/news_post/sanders-announces-nearly-150-million-awarded-in-rural-health-transformation-funds/,data/evidence/AR/2026-08-27_governor_sanders_nearly_150_million_awarded.html,"THE SAME MONEY AS `ar_year1_awardees.csv`, AT A FINER GRAIN. NEVER ADD THE TWO FILES: the 50 rows here and the 37 there are one $149,177,618.45, read from two publishers. This file exists for the project DESCRIPTION, which the award list does not carry, and for the Governor's own count of 50, which is neither 31 organisations nor 37 award actions. `recipient_type` is derived from the AWARD LIST's spelling of the name (the primary source, §8); `recipient_type_from_release_spelling` records what the release's own spelling would give, which differs for Arkansas Children's and is worth $301,400."
AR,23,University of Arkansas for Medical Sciences,University of Arkansas for Medical Sciences,FALSE,THRIVE,2337402,Virtu-RURAL (Remote Upgrades to Rural Arkansas Locations),"Virtu-RURAL (Remote Upgrades to Rural Arkansas Locations) (Searcy, Bradley, Carroll, Johnson, Jefferson, and Pulaski counties) will provide telehealth assessments, infrastructure upgrades, access points, and digital health training through seven rural partners.",UNIVERSITY_OR_AHC,UNIVERSITY_OR_AHC,NON_HOSPITAL,No,No,"Recipient name rule: name states a university or college. §10.2 NON_HOSPITAL: the named recipient is not a hospital (§0.3a -- judged on the recipient, not the activity), and the source does not mention hospitals anywhere in the funded work.",GOVERNOR_PRESS_RELEASE,https://governor.arkansas.gov/news_post/sanders-announces-nearly-150-million-awarded-in-rural-health-transformation-funds/,data/evidence/AR/2026-08-27_governor_sanders_nearly_150_million_awarded.html,"THE SAME MONEY AS `ar_year1_awardees.csv`, AT A FINER GRAIN. NEVER ADD THE TWO FILES: the 50 rows here and the 37 there are one $149,177,618.45, read from two publishers. This file exists for the project DESCRIPTION, which the award list does not carry, and for the Governor's own count of 50, which is neither 31 organisations nor 37 award actions. `recipient_type` is derived from the AWARD LIST's spelling of the name (the primary source, §8); `recipient_type_from_release_spelling` records what the release's own spelling would give, which differs for Arkansas Children's and is worth $301,400."
AR,24,University of Arkansas for Medical Sciences,University of Arkansas for Medical Sciences,FALSE,THRIVE,5438244,Stroke Pathways to Advance Rural Knowledge (SPARK),"Stroke Pathways to Advance Rural Knowledge (SPARK) (24 rural Delta communities in Year 1) will connect communities, EMS, emergency departments, primary care, and stroke specialists through education, virtual neurology decision support, survivor navigation, workflow tools, and performance tracking.",UNIVERSITY_OR_AHC,UNIVERSITY_OR_AHC,NON_HOSPITAL,No,No,"Recipient name rule: name states a university or college. §10.2 NON_HOSPITAL: the named recipient is not a hospital (§0.3a -- judged on the recipient, not the activity), and the source does not mention hospitals anywhere in the funded work.",GOVERNOR_PRESS_RELEASE,https://governor.arkansas.gov/news_post/sanders-announces-nearly-150-million-awarded-in-rural-health-transformation-funds/,data/evidence/AR/2026-08-27_governor_sanders_nearly_150_million_awarded.html,"THE SAME MONEY AS `ar_year1_awardees.csv`, AT A FINER GRAIN. NEVER ADD THE TWO FILES: the 50 rows here and the 37 there are one $149,177,618.45, read from two publishers. This file exists for the project DESCRIPTION, which the award list does not carry, and for the Governor's own count of 50, which is neither 31 organisations nor 37 award actions. `recipient_type` is derived from the AWARD LIST's spelling of the name (the primary source, §8); `recipient_type_from_release_spelling` records what the release's own spelling would give, which differs for Arkansas Children's and is worth $301,400."
AR,25,"Wolfe Street Foundation, Inc.","Wolfe Street Foundation, Inc.",FALSE,THRIVE,369619,Rural Recovery Connect,"Rural Recovery Connect (Pulaski, Clark, Saline, Faulkner, Sevier, Garland, Hot Spring, Polk, Montgomery, Pope, Grant, Miller, Yell, Franklin, Van Buren, Searcy, Sebastian, Craighead, Logan, and Hempstead counties) will install tablet-based telehealth kiosks, train providers, and offer clinic-supported peer recovery services at rural clinics and detention centers, with later connections from overdose response to peer support.",NONPROFIT_CBO,NONPROFIT_CBO,NON_HOSPITAL,No,No,"Recipient is named but the source does not state its organisational form; §8 settled fallback (session 10). §10.2 NON_HOSPITAL: the named recipient is not a hospital (§0.3a -- judged on the recipient, not the activity), and the source does not mention hospitals anywhere in the funded work.",GOVERNOR_PRESS_RELEASE,https://governor.arkansas.gov/news_post/sanders-announces-nearly-150-million-awarded-in-rural-health-transformation-funds/,data/evidence/AR/2026-08-27_governor_sanders_nearly_150_million_awarded.html,"THE SAME MONEY AS `ar_year1_awardees.csv`, AT A FINER GRAIN. NEVER ADD THE TWO FILES: the 50 rows here and the 37 there are one $149,177,618.45, read from two publishers. This file exists for the project DESCRIPTION, which the award list does not carry, and for the Governor's own count of 50, which is neither 31 organisations nor 37 award actions. `recipient_type` is derived from the AWARD LIST's spelling of the name (the primary source, §8); `recipient_type_from_release_spelling` records what the release's own spelling would give, which differs for Arkansas Children's and is worth $301,400."
AR,26,Arkansas Rural Health Partnership,Arkansas Rural Health Partnership,FALSE,PACT,5000000,Arkansas Rural Hospital Emergency Power Resilience Initiative 2026,"Arkansas Rural Hospital Emergency Power Resilience Initiative 2026 (Hempstead, Ashley, Dallas, Jefferson, Desha, Arkansas, Polk, Johnson, and Cross counties) will purchase and install emergency generators, integrate electrical systems, and conduct testing and preparedness activities so participating rural hospitals can maintain critical services during outages and disasters.",NONPROFIT_CBO,NONPROFIT_CBO,IN_KIND_BENEFIT,No,Yes,"Recipient is named but the source does not state its organisational form; §8 settled fallback (session 10). §10.2 IN_KIND_BENEFIT: the recipient is not a hospital and keeps the funds, and the source names hospitals among the parties the funded work serves. These dollars must never enter a 'funds distributed to hospitals' total; they are kept visible rather than discarded.",GOVERNOR_PRESS_RELEASE,https://governor.arkansas.gov/news_post/sanders-announces-nearly-150-million-awarded-in-rural-health-transformation-funds/,data/evidence/AR/2026-08-27_governor_sanders_nearly_150_million_awarded.html,"THE SAME MONEY AS `ar_year1_awardees.csv`, AT A FINER GRAIN. NEVER ADD THE TWO FILES: the 50 rows here and the 37 there are one $149,177,618.45, read from two publishers. This file exists for the project DESCRIPTION, which the award list does not carry, and for the Governor's own count of 50, which is neither 31 organisations nor 37 award actions. `recipient_type` is derived from the AWARD LIST's spelling of the name (the primary source, §8); `recipient_type_from_release_spelling` records what the release's own spelling would give, which differs for Arkansas Children's and is worth $301,400."
AR,27,Arkansas Rural Health Partnership,Arkansas Rural Health Partnership,FALSE,PACT,1455689,"Arkansas Rural Behavioral Health Access, Safety & Stabilization (PACT-SAFE) Initiative","Arkansas Rural Behavioral Health Access, Safety & Stabilization (PACT-SAFE) Initiative (Polk, Independence, Desha, Dallas, Howard, Ashley, Chicot, Phillips, Arkansas, Sevier, Ouachita, Hempstead, Little River, Drew, Cleburne, Union, Columbia, Clark, and Bradley counties) will expand rural behavioral health crisis response, local treatment capacity, and patient and staff safety in communities facing service gaps, recent trauma, and provider shortages.",NONPROFIT_CBO,NONPROFIT_CBO,NON_HOSPITAL,No,No,"Recipient is named but the source does not state its organisational form; §8 settled fallback (session 10). §10.2 NON_HOSPITAL: the named recipient is not a hospital (§0.3a -- judged on the recipient, not the activity), and the source does not mention hospitals anywhere in the funded work.",GOVERNOR_PRESS_RELEASE,https://governor.arkansas.gov/news_post/sanders-announces-nearly-150-million-awarded-in-rural-health-transformation-funds/,data/evidence/AR/2026-08-27_governor_sanders_nearly_150_million_awarded.html,"THE SAME MONEY AS `ar_year1_awardees.csv`, AT A FINER GRAIN. NEVER ADD THE TWO FILES: the 50 rows here and the 37 there are one $149,177,618.45, read from two publishers. This file exists for the project DESCRIPTION, which the award list does not carry, and for the Governor's own count of 50, which is neither 31 organisations nor 37 award actions. `recipient_type` is derived from the AWARD LIST's spelling of the name (the primary source, §8); `recipient_type_from_release_spelling` records what the release's own spelling would give, which differs for Arkansas Children's and is worth $301,400."
AR,28,Arkansas Rural Health Partnership,Arkansas Rural Health Partnership,FALSE,PACT,4480877,Rural Specialty Care on Command,"Rural Specialty Care on Command (Drew, Lincoln, Bradley, Columbia, Chicot, Cleveland, Union, Ashley, Clay, Randolph, Lawrence, Sharp, Greene, Fulton, Dallas, Desha, Crittenden, Poinsett, Phillips, Mississippi, Lee, Howard, Monroe, Arkansas, Polk, Ouachita, St. Francis, Logan, Scott, Sebastian, Crawford, Sevier, Hempstead, Jefferson, Pope, Garland, Clark, Faulkner, and Miller counties) will deploy virtual physician carts and portable telemedicine systems in participating rural hospitals to expand specialty consultation, care coordination, and local clinical decision-making while reducing avoidable transfers.",NONPROFIT_CBO,NONPROFIT_CBO,IN_KIND_BENEFIT,No,Yes,"Recipient is named but the source does not state its organisational form; §8 settled fallback (session 10). §10.2 IN_KIND_BENEFIT: the recipient is not a hospital and keeps the funds, and the source names hospitals among the parties the funded work serves. These dollars must never enter a 'funds distributed to hospitals' total; they are kept visible rather than discarded.",GOVERNOR_PRESS_RELEASE,https://governor.arkansas.gov/news_post/sanders-announces-nearly-150-million-awarded-in-rural-health-transformation-funds/,data/evidence/AR/2026-08-27_governor_sanders_nearly_150_million_awarded.html,"THE SAME MONEY AS `ar_year1_awardees.csv`, AT A FINER GRAIN. NEVER ADD THE TWO FILES: the 50 rows here and the 37 there are one $149,177,618.45, read from two publishers. This file exists for the project DESCRIPTION, which the award list does not carry, and for the Governor's own count of 50, which is neither 31 organisations nor 37 award actions. `recipient_type` is derived from the AWARD LIST's spelling of the name (the primary source, §8); `recipient_type_from_release_spelling` records what the release's own spelling would give, which differs for Arkansas Children's and is worth $301,400."
AR,29,Baptist Health,Baptist Health,FALSE,PACT,12000000,South Arkansas Regional Hospital Transition and Integration,"South Arkansas Regional Hospital Transition and Integration (Union County) will stabilize services across a seven-county region serving more than 120,000 residents through facility improvements, replacement clinical equipment, systemwide IT infrastructure, and operational integration into Baptist Health.",NONPROFIT_CBO,NONPROFIT_CBO,IN_KIND_BENEFIT,No,Yes,"Recipient is named but the source does not state its organisational form; §8 settled fallback (session 10). §10.2 IN_KIND_BENEFIT: the recipient is not a hospital and keeps the funds, and the source names hospitals among the parties the funded work serves. These dollars must never enter a 'funds distributed to hospitals' total; they are kept visible rather than discarded.",GOVERNOR_PRESS_RELEASE,https://governor.arkansas.gov/news_post/sanders-announces-nearly-150-million-awarded-in-rural-health-transformation-funds/,data/evidence/AR/2026-08-27_governor_sanders_nearly_150_million_awarded.html,"THE SAME MONEY AS `ar_year1_awardees.csv`, AT A FINER GRAIN. NEVER ADD THE TWO FILES: the 50 rows here and the 37 there are one $149,177,618.45, read from two publishers. This file exists for the project DESCRIPTION, which the award list does not carry, and for the Governor's own count of 50, which is neither 31 organisations nor 37 award actions. `recipient_type` is derived from the AWARD LIST's spelling of the name (the primary source, §8); `recipient_type_from_release_spelling` records what the release's own spelling would give, which differs for Arkansas Children's and is worth $301,400."
AR,30,Baptist Health,Baptist Health,FALSE,PACT,3000000,Magnolia Regional Medical Center Transition and Integration,"Magnolia Regional Medical Center Transition and Integration (Columbia County) will preserve rural hospital services by improving infrastructure, clinical and technology systems, patient safety, and integration into the Baptist Health system.",NONPROFIT_CBO,NONPROFIT_CBO,IN_KIND_BENEFIT,No,Yes,"Recipient is named but the source does not state its organisational form; §8 settled fallback (session 10). §10.2 IN_KIND_BENEFIT: the recipient is not a hospital and keeps the funds, and the source names hospitals among the parties the funded work serves. These dollars must never enter a 'funds distributed to hospitals' total; they are kept visible rather than discarded.",GOVERNOR_PRESS_RELEASE,https://governor.arkansas.gov/news_post/sanders-announces-nearly-150-million-awarded-in-rural-health-transformation-funds/,data/evidence/AR/2026-08-27_governor_sanders_nearly_150_million_awarded.html,"THE SAME MONEY AS `ar_year1_awardees.csv`, AT A FINER GRAIN. NEVER ADD THE TWO FILES: the 50 rows here and the 37 there are one $149,177,618.45, read from two publishers. This file exists for the project DESCRIPTION, which the award list does not carry, and for the Governor's own count of 50, which is neither 31 organisations nor 37 award actions. `recipient_type` is derived from the AWARD LIST's spelling of the name (the primary source, §8); `recipient_type_from_release_spelling` records what the release's own spelling would give, which differs for Arkansas Children's and is worth $301,400."
AR,31,Baxter Health,Baxter Health,FALSE,PACT,12000000,Rural Access Network: Regional Collaboration Hub,"Rural Access Network: Regional Collaboration Hub (Baxter, Fulton, Marion, Boone, Izard, Stone, Searcy, Van Buren, Madison, Carroll, and Newton counties) will expand specialty and preventive care, modernize infrastructure, and create a regional network intended to serve 2,400 rural residents by Year 5, expand services in 10 clinics, and increase provider data sharing.",NONPROFIT_CBO,NONPROFIT_CBO,NON_HOSPITAL,No,No,"Recipient is named but the source does not state its organisational form; §8 settled fallback (session 10). §10.2 NON_HOSPITAL: the named recipient is not a hospital (§0.3a -- judged on the recipient, not the activity), and the source does not mention hospitals anywhere in the funded work.",GOVERNOR_PRESS_RELEASE,https://governor.arkansas.gov/news_post/sanders-announces-nearly-150-million-awarded-in-rural-health-transformation-funds/,data/evidence/AR/2026-08-27_governor_sanders_nearly_150_million_awarded.html,"THE SAME MONEY AS `ar_year1_awardees.csv`, AT A FINER GRAIN. NEVER ADD THE TWO FILES: the 50 rows here and the 37 there are one $149,177,618.45, read from two publishers. This file exists for the project DESCRIPTION, which the award list does not carry, and for the Governor's own count of 50, which is neither 31 organisations nor 37 award actions. `recipient_type` is derived from the AWARD LIST's spelling of the name (the primary source, §8); `recipient_type_from_release_spelling` records what the release's own spelling would give, which differs for Arkansas Children's and is worth $301,400."
AR,32,Children's Advocacy Centers of Arkansas,Children’s Advocacy Centers of Arkansas,TRUE,PACT,1374505.29,Building Mental Health Capacity and Restoring Hope for Child Victims in Arkansas,"Building Mental Health Capacity and Restoring Hope for Child Victims in Arkansas (Faulkner, Benton, Crittenden, Independence, Union, Jefferson, Pulaski, Washington, Garland, Boone, Sebastian, Clark, Craighead, Pope, Miller, Lonoke, White, and Polk counties) will expand access to evidence-based, trauma-focused mental health treatment for child-abuse victims and their families in rural and underserved communities.",NONPROFIT_CBO,NONPROFIT_CBO,NON_HOSPITAL,No,No,"Recipient is named but the source does not state its organisational form; §8 settled fallback (session 10). §10.2 NON_HOSPITAL: the named recipient is not a hospital (§0.3a -- judged on the recipient, not the activity), and the source does not mention hospitals anywhere in the funded work.",GOVERNOR_PRESS_RELEASE,https://governor.arkansas.gov/news_post/sanders-announces-nearly-150-million-awarded-in-rural-health-transformation-funds/,data/evidence/AR/2026-08-27_governor_sanders_nearly_150_million_awarded.html,"THE SAME MONEY AS `ar_year1_awardees.csv`, AT A FINER GRAIN. NEVER ADD THE TWO FILES: the 50 rows here and the 37 there are one $149,177,618.45, read from two publishers. This file exists for the project DESCRIPTION, which the award list does not carry, and for the Governor's own count of 50, which is neither 31 organisations nor 37 award actions. `recipient_type` is derived from the AWARD LIST's spelling of the name (the primary source, §8); `recipient_type_from_release_spelling` records what the release's own spelling would give, which differs for Arkansas Children's and is worth $301,400."
AR,33,Conway Regional Health System,Conway Regional Health System,FALSE,PACT,795960,Maternal Mobile Health Unit,"Maternal Mobile Health Unit (Faulkner, Conway, Perry, Pope, Johnson, Yell, Van Buren, and Cleburne counties) will use a mobile health unit, home-health infrastructure, telehealth, maternal-health specialists, and community partnerships to expand maternal preventive care and care coordination.",HOSPITAL_OR_SYSTEM,HOSPITAL_OR_SYSTEM,DIRECT,Yes,Yes,Recipient name rule: name states a health system. §10.2 DIRECT: the named recipient is a hospital or hospital system and the state's award document names both the recipient and the amount.,GOVERNOR_PRESS_RELEASE,https://governor.arkansas.gov/news_post/sanders-announces-nearly-150-million-awarded-in-rural-health-transformation-funds/,data/evidence/AR/2026-08-27_governor_sanders_nearly_150_million_awarded.html,"THE SAME MONEY AS `ar_year1_awardees.csv`, AT A FINER GRAIN. NEVER ADD THE TWO FILES: the 50 rows here and the 37 there are one $149,177,618.45, read from two publishers. This file exists for the project DESCRIPTION, which the award list does not carry, and for the Governor's own count of 50, which is neither 31 organisations nor 37 award actions. `recipient_type` is derived from the AWARD LIST's spelling of the name (the primary source, §8); `recipient_type_from_release_spelling` records what the release's own spelling would give, which differs for Arkansas Children's and is worth $301,400."
AR,34,North Arkansas Rural Health Consortium,Deckmax dba North Arkansas Rural Health Consortium,TRUE,PACT,1000000,North Arkansas Rural Health Consortium,"North Arkansas Rural Health Consortium (Baxter County) will develop a regional hub centered on Vitality Plus Ambulatory Surgery, with telehealth, remote patient monitoring, presurgical testing, clinical integration, mobile specialty care, value-based care infrastructure, and AI-enabled health technology.",NONPROFIT_CBO,NONPROFIT_CBO,NON_HOSPITAL,No,No,"Recipient is named but the source does not state its organisational form; §8 settled fallback (session 10). §10.2 NON_HOSPITAL: the named recipient is not a hospital (§0.3a -- judged on the recipient, not the activity), and the source does not mention hospitals anywhere in the funded work.",GOVERNOR_PRESS_RELEASE,https://governor.arkansas.gov/news_post/sanders-announces-nearly-150-million-awarded-in-rural-health-transformation-funds/,data/evidence/AR/2026-08-27_governor_sanders_nearly_150_million_awarded.html,"THE SAME MONEY AS `ar_year1_awardees.csv`, AT A FINER GRAIN. NEVER ADD THE TWO FILES: the 50 rows here and the 37 there are one $149,177,618.45, read from two publishers. This file exists for the project DESCRIPTION, which the award list does not carry, and for the Governor's own count of 50, which is neither 31 organisations nor 37 award actions. `recipient_type` is derived from the AWARD LIST's spelling of the name (the primary source, §8); `recipient_type_from_release_spelling` records what the release's own spelling would give, which differs for Arkansas Children's and is worth $301,400."
AR,35,Delta Memorial Hospital,Delta Memorial Hospital,FALSE,PACT,24720,Home Health Revenue Cycle Alignment,"Home Health Revenue Cycle Alignment (Desha County) will improve home-health billing, claims submission, denial management, legacy accounts receivable, revenue-cycle dashboards, and financial sustainability.",HOSPITAL_OR_SYSTEM,HOSPITAL_OR_SYSTEM,DIRECT,Yes,Yes,Recipient name rule: name states a hospital. §10.2 DIRECT: the named recipient is a hospital or hospital system and the state's award document names both the recipient and the amount.,GOVERNOR_PRESS_RELEASE,https://governor.arkansas.gov/news_post/sanders-announces-nearly-150-million-awarded-in-rural-health-transformation-funds/,data/evidence/AR/2026-08-27_governor_sanders_nearly_150_million_awarded.html,"THE SAME MONEY AS `ar_year1_awardees.csv`, AT A FINER GRAIN. NEVER ADD THE TWO FILES: the 50 rows here and the 37 there are one $149,177,618.45, read from two publishers. This file exists for the project DESCRIPTION, which the award list does not carry, and for the Governor's own count of 50, which is neither 31 organisations nor 37 award actions. `recipient_type` is derived from the AWARD LIST's spelling of the name (the primary source, §8); `recipient_type_from_release_spelling` records what the release's own spelling would give, which differs for Arkansas Children's and is worth $301,400."
AR,36,Doula Alliance of Arkansas,Doula Alliance of Arkansas,FALSE,PACT,860500,Access Starts at Home: Rural Maternal Care Coordination and Doula Support,"Access Starts at Home: Rural Maternal Care Coordination and Doula Support (statewide) will place 10 certified doulas in partner clinics across Northwest, North Central, Upper Delta, Lower Delta, and Southwest Arkansas and connect participants, doulas, and clinical teams through pregnancy and six months postpartum in partnership with MySwaddle.",NONPROFIT_CBO,NONPROFIT_CBO,NON_HOSPITAL,No,No,"Recipient is named but the source does not state its organisational form; §8 settled fallback (session 10). §10.2 NON_HOSPITAL: the named recipient is not a hospital (§0.3a -- judged on the recipient, not the activity), and the source does not mention hospitals anywhere in the funded work.",GOVERNOR_PRESS_RELEASE,https://governor.arkansas.gov/news_post/sanders-announces-nearly-150-million-awarded-in-rural-health-transformation-funds/,data/evidence/AR/2026-08-27_governor_sanders_nearly_150_million_awarded.html,"THE SAME MONEY AS `ar_year1_awardees.csv`, AT A FINER GRAIN. NEVER ADD THE TWO FILES: the 50 rows here and the 37 there are one $149,177,618.45, read from two publishers. This file exists for the project DESCRIPTION, which the award list does not carry, and for the Governor's own count of 50, which is neither 31 organisations nor 37 award actions. `recipient_type` is derived from the AWARD LIST's spelling of the name (the primary source, §8); `recipient_type_from_release_spelling` records what the release's own spelling would give, which differs for Arkansas Children's and is worth $301,400."
AR,37,Jefferson Hospital Association,Jefferson Hospital Association,FALSE,PACT,3000000,Jefferson Regional Air Handler 36 HVAC Project,"Jefferson Regional Air Handler 36 HVAC Project (Jefferson County) will replace a more than 50-year-old air handler with a health care-grade HVAC system to improve reliability, air quality, infection prevention, and continuity of care.",HOSPITAL_OR_SYSTEM,HOSPITAL_OR_SYSTEM,DIRECT,Yes,Yes,Recipient name rule: name states a hospital. §10.2 DIRECT: the named recipient is a hospital or hospital system and the state's award document names both the recipient and the amount.,GOVERNOR_PRESS_RELEASE,https://governor.arkansas.gov/news_post/sanders-announces-nearly-150-million-awarded-in-rural-health-transformation-funds/,data/evidence/AR/2026-08-27_governor_sanders_nearly_150_million_awarded.html,"THE SAME MONEY AS `ar_year1_awardees.csv`, AT A FINER GRAIN. NEVER ADD THE TWO FILES: the 50 rows here and the 37 there are one $149,177,618.45, read from two publishers. This file exists for the project DESCRIPTION, which the award list does not carry, and for the Governor's own count of 50, which is neither 31 organisations nor 37 award actions. `recipient_type` is derived from the AWARD LIST's spelling of the name (the primary source, §8); `recipient_type_from_release_spelling` records what the release's own spelling would give, which differs for Arkansas Children's and is worth $301,400."
AR,38,"John Ed Chambers Memorial Hospital, Inc.","John Ed Chambers Memorial Hospital, Inc.",FALSE,PACT,2187999.96,Chambers Memorial Hospital PACT,"Chambers Memorial Hospital PACT (Yell County) will improve rural health care access, workforce capacity, and infrastructure in Yell County and surrounding communities.",HOSPITAL_OR_SYSTEM,HOSPITAL_OR_SYSTEM,DIRECT,Yes,Yes,Recipient name rule: name states a hospital. §10.2 DIRECT: the named recipient is a hospital or hospital system and the state's award document names both the recipient and the amount.,GOVERNOR_PRESS_RELEASE,https://governor.arkansas.gov/news_post/sanders-announces-nearly-150-million-awarded-in-rural-health-transformation-funds/,data/evidence/AR/2026-08-27_governor_sanders_nearly_150_million_awarded.html,"THE SAME MONEY AS `ar_year1_awardees.csv`, AT A FINER GRAIN. NEVER ADD THE TWO FILES: the 50 rows here and the 37 there are one $149,177,618.45, read from two publishers. This file exists for the project DESCRIPTION, which the award list does not carry, and for the Governor's own count of 50, which is neither 31 organisations nor 37 award actions. `recipient_type` is derived from the AWARD LIST's spelling of the name (the primary source, §8); `recipient_type_from_release_spelling` records what the release's own spelling would give, which differs for Arkansas Children's and is worth $301,400."
AR,39,Mercy Health Fort Smith Communities,Mercy Health Fort Smith Communities,FALSE,PACT,12716206,"Mercy Arkansas PACT: Preserving Access, Capacity, and Transformation for Rural Care","Mercy Arkansas PACT: Preserving Access, Capacity, and Transformation for Rural Care (Sebastian, Scott, and Logan counties) will preserve critical-access hospital services in Booneville, Waldron, and Paris and strengthen Mercy Hospital Fort Smith as a regional hub through preventive, specialty, diagnostic, and procedural care; patient navigation and population-health infrastructure; and facility, safety, accessibility, and emergency-readiness improvements.",NONPROFIT_CBO,NONPROFIT_CBO,IN_KIND_BENEFIT,No,Yes,"Recipient is named but the source does not state its organisational form; §8 settled fallback (session 10). §10.2 IN_KIND_BENEFIT: the recipient is not a hospital and keeps the funds, and the source names hospitals among the parties the funded work serves. These dollars must never enter a 'funds distributed to hospitals' total; they are kept visible rather than discarded.",GOVERNOR_PRESS_RELEASE,https://governor.arkansas.gov/news_post/sanders-announces-nearly-150-million-awarded-in-rural-health-transformation-funds/,data/evidence/AR/2026-08-27_governor_sanders_nearly_150_million_awarded.html,"THE SAME MONEY AS `ar_year1_awardees.csv`, AT A FINER GRAIN. NEVER ADD THE TWO FILES: the 50 rows here and the 37 there are one $149,177,618.45, read from two publishers. This file exists for the project DESCRIPTION, which the award list does not carry, and for the Governor's own count of 50, which is neither 31 organisations nor 37 award actions. `recipient_type` is derived from the AWARD LIST's spelling of the name (the primary source, §8); `recipient_type_from_release_spelling` records what the release's own spelling would give, which differs for Arkansas Children's and is worth $301,400."
AR,40,Mississippi County Hospital System,Mississippi County Hospital System,FALSE,PACT,9602657,Rural Hospital Access and Facility Improvement Project,"Rural Hospital Access and Facility Improvement Project (Mississippi County) will modernize essential services, improve facility reliability, and strengthen local care capacity at hospitals in Blytheville and Osceola.",HOSPITAL_OR_SYSTEM,HOSPITAL_OR_SYSTEM,DIRECT,Yes,Yes,Recipient name rule: name states a hospital. §10.2 DIRECT: the named recipient is a hospital or hospital system and the state's award document names both the recipient and the amount.,GOVERNOR_PRESS_RELEASE,https://governor.arkansas.gov/news_post/sanders-announces-nearly-150-million-awarded-in-rural-health-transformation-funds/,data/evidence/AR/2026-08-27_governor_sanders_nearly_150_million_awarded.html,"THE SAME MONEY AS `ar_year1_awardees.csv`, AT A FINER GRAIN. NEVER ADD THE TWO FILES: the 50 rows here and the 37 there are one $149,177,618.45, read from two publishers. This file exists for the project DESCRIPTION, which the award list does not carry, and for the Governor's own count of 50, which is neither 31 organisations nor 37 award actions. `recipient_type` is derived from the AWARD LIST's spelling of the name (the primary source, §8); `recipient_type_from_release_spelling` records what the release's own spelling would give, which differs for Arkansas Children's and is worth $301,400."
AR,41,New York Insitute of Technology,New York Institute of Technology,TRUE,PACT,1524031,Rural Maternal Health Expansion,"Rural Maternal Health Expansion (Poinsett and Mississippi counties) will provide a mobile health unit, transportation, telehealth specialty consultations, care coordination, patient navigation, postpartum follow-up, and obstetric workforce training.",VENDOR_OR_CONTRACTOR,VENDOR_OR_CONTRACTOR,NON_HOSPITAL,No,No,"Recipient name rule: name states a technology vendor. §10.2 NON_HOSPITAL: the named recipient is not a hospital (§0.3a -- judged on the recipient, not the activity), and the source does not mention hospitals anywhere in the funded work.",GOVERNOR_PRESS_RELEASE,https://governor.arkansas.gov/news_post/sanders-announces-nearly-150-million-awarded-in-rural-health-transformation-funds/,data/evidence/AR/2026-08-27_governor_sanders_nearly_150_million_awarded.html,"THE SAME MONEY AS `ar_year1_awardees.csv`, AT A FINER GRAIN. NEVER ADD THE TWO FILES: the 50 rows here and the 37 there are one $149,177,618.45, read from two publishers. This file exists for the project DESCRIPTION, which the award list does not carry, and for the Governor's own count of 50, which is neither 31 organisations nor 37 award actions. `recipient_type` is derived from the AWARD LIST's spelling of the name (the primary source, §8); `recipient_type_from_release_spelling` records what the release's own spelling would give, which differs for Arkansas Children's and is worth $301,400."
AR,42,North Arkansas Regional Medical Center,North Arkansas Regional Medical Center,FALSE,PACT,3000000,Rural Health Infrastructure & Access Transformation Initiative,"Rural Health Infrastructure & Access Transformation Initiative (Boone County) will renovate a radiation-oncology vault, modernize the emergency department, build a cardiology clinic, add telehealth at two rural clinics, and deploy mobile mammography.",HOSPITAL_OR_SYSTEM,HOSPITAL_OR_SYSTEM,DIRECT,Yes,Yes,Recipient name rule: name states a medical center. §10.2 DIRECT: the named recipient is a hospital or hospital system and the state's award document names both the recipient and the amount.,GOVERNOR_PRESS_RELEASE,https://governor.arkansas.gov/news_post/sanders-announces-nearly-150-million-awarded-in-rural-health-transformation-funds/,data/evidence/AR/2026-08-27_governor_sanders_nearly_150_million_awarded.html,"THE SAME MONEY AS `ar_year1_awardees.csv`, AT A FINER GRAIN. NEVER ADD THE TWO FILES: the 50 rows here and the 37 there are one $149,177,618.45, read from two publishers. This file exists for the project DESCRIPTION, which the award list does not carry, and for the Governor's own count of 50, which is neither 31 organisations nor 37 award actions. `recipient_type` is derived from the AWARD LIST's spelling of the name (the primary source, §8); `recipient_type_from_release_spelling` records what the release's own spelling would give, which differs for Arkansas Children's and is worth $301,400."
AR,43,River Valley Wellness,River Valley Medical Wellness,TRUE,PACT,3500000,Driving Integrated Primary Care and Maternal Health to Rural Arkansas,"Driving Integrated Primary Care and Maternal Health to Rural Arkansas (Howard, Little River, Hempstead, Nevada, and Ouachita counties) will launch two regional mobile integrated-care systems with mobile clinics, interdisciplinary teams, hub sites, telehealth, transportation, behavioral health, chronic disease management, preventive screening, substance-use services, patient navigation, and outreach.",NONPROFIT_CBO,NONPROFIT_CBO,NON_HOSPITAL,No,No,"Recipient is named but the source does not state its organisational form; §8 settled fallback (session 10). §10.2 NON_HOSPITAL: the named recipient is not a hospital (§0.3a -- judged on the recipient, not the activity), and the source does not mention hospitals anywhere in the funded work.",GOVERNOR_PRESS_RELEASE,https://governor.arkansas.gov/news_post/sanders-announces-nearly-150-million-awarded-in-rural-health-transformation-funds/,data/evidence/AR/2026-08-27_governor_sanders_nearly_150_million_awarded.html,"THE SAME MONEY AS `ar_year1_awardees.csv`, AT A FINER GRAIN. NEVER ADD THE TWO FILES: the 50 rows here and the 37 there are one $149,177,618.45, read from two publishers. This file exists for the project DESCRIPTION, which the award list does not carry, and for the Governor's own count of 50, which is neither 31 organisations nor 37 award actions. `recipient_type` is derived from the AWARD LIST's spelling of the name (the primary source, §8); `recipient_type_from_release_spelling` records what the release's own spelling would give, which differs for Arkansas Children's and is worth $301,400."
AR,44,St. Bernards Development Foundation,St. Bernards Development Foundation,FALSE,PACT,9551090,PACT Rural Care Network,"PACT Rural Care Network (Cross, Randolph, Lawrence, Clay, and Craighead counties) will implement a digital visual-management platform across six facilities to standardize workflows and improve infection prevention, care coordination, workforce effectiveness, quality, and patient safety.",NONPROFIT_CBO,NONPROFIT_CBO,NON_HOSPITAL,No,No,"Recipient is named but the source does not state its organisational form; §8 settled fallback (session 10). §10.2 NON_HOSPITAL: the named recipient is not a hospital (§0.3a -- judged on the recipient, not the activity), and the source does not mention hospitals anywhere in the funded work.",GOVERNOR_PRESS_RELEASE,https://governor.arkansas.gov/news_post/sanders-announces-nearly-150-million-awarded-in-rural-health-transformation-funds/,data/evidence/AR/2026-08-27_governor_sanders_nearly_150_million_awarded.html,"THE SAME MONEY AS `ar_year1_awardees.csv`, AT A FINER GRAIN. NEVER ADD THE TWO FILES: the 50 rows here and the 37 there are one $149,177,618.45, read from two publishers. This file exists for the project DESCRIPTION, which the award list does not carry, and for the Governor's own count of 50, which is neither 31 organisations nor 37 award actions. `recipient_type` is derived from the AWARD LIST's spelling of the name (the primary source, §8); `recipient_type_from_release_spelling` records what the release's own spelling would give, which differs for Arkansas Children's and is worth $301,400."
AR,45,Subiaco Abbey,Subiaco Abbey,FALSE,PACT,268500,Health Center Rural Health Access and Care Transformation,"Health Center Rural Health Access and Care Transformation (Logan County) will improve its on-site Health Center through facility, transportation, telehealth, and workforce investments addressing accessibility, infection control, emergency preparedness, continuity of care, and operations.",NONPROFIT_CBO,NONPROFIT_CBO,NON_HOSPITAL,No,No,"Recipient is named but the source does not state its organisational form; §8 settled fallback (session 10). §10.2 NON_HOSPITAL: the named recipient is not a hospital (§0.3a -- judged on the recipient, not the activity), and the source does not mention hospitals anywhere in the funded work.",GOVERNOR_PRESS_RELEASE,https://governor.arkansas.gov/news_post/sanders-announces-nearly-150-million-awarded-in-rural-health-transformation-funds/,data/evidence/AR/2026-08-27_governor_sanders_nearly_150_million_awarded.html,"THE SAME MONEY AS `ar_year1_awardees.csv`, AT A FINER GRAIN. NEVER ADD THE TWO FILES: the 50 rows here and the 37 there are one $149,177,618.45, read from two publishers. This file exists for the project DESCRIPTION, which the award list does not carry, and for the Governor's own count of 50, which is neither 31 organisations nor 37 award actions. `recipient_type` is derived from the AWARD LIST's spelling of the name (the primary source, §8); `recipient_type_from_release_spelling` records what the release's own spelling would give, which differs for Arkansas Children's and is worth $301,400."
AR,46,University of Arkansas for Medical Sciences,University of Arkansas for Medical Sciences,FALSE,PACT,1228624,Specialty Telehealth Access for Rural Communities in Arkansas (STAR),"Specialty Telehealth Access for Rural Communities in Arkansas (STAR) (Clay, Cross, Fulton, Greene, Lawrence, Mississippi, Poinsett, Randolph, Sharp, Arkansas, Monroe, Phillips, Clark, Hot Spring, Montgomery, Polk, and Sevier counties) will create a telehealth hearing-care network that provides screening, specialist triage, diagnosis, and treatment through community sites and rural clinics.",UNIVERSITY_OR_AHC,UNIVERSITY_OR_AHC,NON_HOSPITAL,No,No,"Recipient name rule: name states a university or college. §10.2 NON_HOSPITAL: the named recipient is not a hospital (§0.3a -- judged on the recipient, not the activity), and the source does not mention hospitals anywhere in the funded work.",GOVERNOR_PRESS_RELEASE,https://governor.arkansas.gov/news_post/sanders-announces-nearly-150-million-awarded-in-rural-health-transformation-funds/,data/evidence/AR/2026-08-27_governor_sanders_nearly_150_million_awarded.html,"THE SAME MONEY AS `ar_year1_awardees.csv`, AT A FINER GRAIN. NEVER ADD THE TWO FILES: the 50 rows here and the 37 there are one $149,177,618.45, read from two publishers. This file exists for the project DESCRIPTION, which the award list does not carry, and for the Governor's own count of 50, which is neither 31 organisations nor 37 award actions. `recipient_type` is derived from the AWARD LIST's spelling of the name (the primary source, §8); `recipient_type_from_release_spelling` records what the release's own spelling would give, which differs for Arkansas Children's and is worth $301,400."
AR,47,University of Arkansas for Medical Sciences,University of Arkansas for Medical Sciences,FALSE,PACT,2986934,Arkansas Pregnancy Care Connect,"Arkansas Pregnancy Care Connect (Clark, Columbia, Hempstead, Howard, Lafayette, Little River, Miller, Nevada, Ouachita, Pike, Polk, Sevier, Union, Baxter, Boone, Carroll, Fulton, Independence, Izard, Marion, Newton, Searcy, Sharp, and Stone counties, with a statewide advice line) will combine mobile teams serving 24 high-need counties with a 24/7 nurse-led pregnancy and postpartum line providing triage, education, referrals, and escalation support.",UNIVERSITY_OR_AHC,UNIVERSITY_OR_AHC,NON_HOSPITAL,No,No,"Recipient name rule: name states a university or college. §10.2 NON_HOSPITAL: the named recipient is not a hospital (§0.3a -- judged on the recipient, not the activity), and the source does not mention hospitals anywhere in the funded work.",GOVERNOR_PRESS_RELEASE,https://governor.arkansas.gov/news_post/sanders-announces-nearly-150-million-awarded-in-rural-health-transformation-funds/,data/evidence/AR/2026-08-27_governor_sanders_nearly_150_million_awarded.html,"THE SAME MONEY AS `ar_year1_awardees.csv`, AT A FINER GRAIN. NEVER ADD THE TWO FILES: the 50 rows here and the 37 there are one $149,177,618.45, read from two publishers. This file exists for the project DESCRIPTION, which the award list does not carry, and for the Governor's own count of 50, which is neither 31 organisations nor 37 award actions. `recipient_type` is derived from the AWARD LIST's spelling of the name (the primary source, §8); `recipient_type_from_release_spelling` records what the release's own spelling would give, which differs for Arkansas Children's and is worth $301,400."
AR,48,White County Medical Center,White County Medical Center,FALSE,PACT,839314,"Breast Resources, Imaging, Diagnosis & Guidance for Early Detection (BRIDGE)","Breast Resources, Imaging, Diagnosis & Guidance for Early Detection (BRIDGE) (White, Independence, Cleburne, Jackson, Prairie, and Woodruff counties) will preserve and expand breast-cancer screening, diagnostic imaging, ultrasound, image-guided procedures, patient navigation, and follow-up for rural women.",HOSPITAL_OR_SYSTEM,HOSPITAL_OR_SYSTEM,DIRECT,Yes,Yes,Recipient name rule: name states a medical center. §10.2 DIRECT: the named recipient is a hospital or hospital system and the state's award document names both the recipient and the amount.,GOVERNOR_PRESS_RELEASE,https://governor.arkansas.gov/news_post/sanders-announces-nearly-150-million-awarded-in-rural-health-transformation-funds/,data/evidence/AR/2026-08-27_governor_sanders_nearly_150_million_awarded.html,"THE SAME MONEY AS `ar_year1_awardees.csv`, AT A FINER GRAIN. NEVER ADD THE TWO FILES: the 50 rows here and the 37 there are one $149,177,618.45, read from two publishers. This file exists for the project DESCRIPTION, which the award list does not carry, and for the Governor's own count of 50, which is neither 31 organisations nor 37 award actions. `recipient_type` is derived from the AWARD LIST's spelling of the name (the primary source, §8); `recipient_type_from_release_spelling` records what the release's own spelling would give, which differs for Arkansas Children's and is worth $301,400."
AR,49,White County Medical Center,White County Medical Center,FALSE,PACT,600000,Critical Infrastructure for Care Access Project (CICAP),"Critical Infrastructure for Care Access Project (CICAP) (White and Jackson counties) will replace Unity Health Newport’s aging 33,000-square-foot roof to protect medical equipment and IT systems and maintain emergency, inpatient, outpatient, diagnostic, and specialty services.",HOSPITAL_OR_SYSTEM,HOSPITAL_OR_SYSTEM,DIRECT,Yes,Yes,Recipient name rule: name states a medical center. §10.2 DIRECT: the named recipient is a hospital or hospital system and the state's award document names both the recipient and the amount.,GOVERNOR_PRESS_RELEASE,https://governor.arkansas.gov/news_post/sanders-announces-nearly-150-million-awarded-in-rural-health-transformation-funds/,data/evidence/AR/2026-08-27_governor_sanders_nearly_150_million_awarded.html,"THE SAME MONEY AS `ar_year1_awardees.csv`, AT A FINER GRAIN. NEVER ADD THE TWO FILES: the 50 rows here and the 37 there are one $149,177,618.45, read from two publishers. This file exists for the project DESCRIPTION, which the award list does not carry, and for the Governor's own count of 50, which is neither 31 organisations nor 37 award actions. `recipient_type` is derived from the AWARD LIST's spelling of the name (the primary source, §8); `recipient_type_from_release_spelling` records what the release's own spelling would give, which differs for Arkansas Children's and is worth $301,400."
AR,50,White County Medical Center,White County Medical Center,FALSE,PACT,466182,"Wellness, Engagement, Long-Term Health, and Local Access (WELL)","Wellness, Engagement, Long-Term Health, and Local Access (WELL) (White County) will expand chronic-care management, preventive care, and population-health services through staff, technology, and facility improvements at Unity Health Newport’s Green Family Practice Clinic and Family Practice Associates, supporting up to 750 patients.",HOSPITAL_OR_SYSTEM,HOSPITAL_OR_SYSTEM,DIRECT,Yes,Yes,Recipient name rule: name states a medical center. §10.2 DIRECT: the named recipient is a hospital or hospital system and the state's award document names both the recipient and the amount.,GOVERNOR_PRESS_RELEASE,https://governor.arkansas.gov/news_post/sanders-announces-nearly-150-million-awarded-in-rural-health-transformation-funds/,data/evidence/AR/2026-08-27_governor_sanders_nearly_150_million_awarded.html,"THE SAME MONEY AS `ar_year1_awardees.csv`, AT A FINER GRAIN. NEVER ADD THE TWO FILES: the 50 rows here and the 37 there are one $149,177,618.45, read from two publishers. This file exists for the project DESCRIPTION, which the award list does not carry, and for the Governor's own count of 50, which is neither 31 organisations nor 37 award actions. `recipient_type` is derived from the AWARD LIST's spelling of the name (the primary source, §8); `recipient_type_from_release_spelling` records what the release's own spelling would give, which differs for Arkansas Children's and is worth $301,400."
