slug,url,item_date,item_type,title,topics,is_rural,reduced_sha256,full_page_sha256,full_page_bytes,first_indexed
cms-prevents-1-6-billion-fraudulent-medicare-laboratory-payments,https://www.cms.gov/newsroom/press-releases/cms-prevents-1-6-billion-fraudulent-medicare-laboratory-payments,2026-08-28,Press Releases,CMS Prevents $1.6 Billion in Fraudulent Medicare Laboratory Payments,"Administration; Fraud, waste, & abuse",FALSE,,ca84e423d6c31d76fc279a246ea59938413b3f57df74f0127991a06e263f9c93,56722,2026-08-28
trump-administration-announces-122-million-expand-healthcare-access-workforce-innovation-across,https://www.cms.gov/newsroom/press-releases/trump-administration-announces-122-million-expand-healthcare-access-workforce-innovation-across,2026-08-28,Press Releases,"Trump Administration Announces $122 Million to Expand Healthcare Access, Workforce and Innovation Across Virginia",Rural health,TRUE,1bd074b0f2b967b7b8a3af61f99b017b320f005b4b6c27eb73803c3107bab3c7,e9bd4ae97b62468470fd9db55a98c9cc8add6411834ea370577d785d0f4afc21,62294,2026-08-28
trump-administration-announces-93-3-million-expand-telehealth-services-advance-surgical-robotics,https://www.cms.gov/newsroom/press-releases/trump-administration-announces-93-3-million-expand-telehealth-services-advance-surgical-robotics,2026-08-27,Press Releases,"Trump Administration Announces $93.3 Million to Expand Telehealth Services, Advance Surgical Robotics and Transform Rural Healthcare Access Across Georgia",Rural health,TRUE,fb2deed1c9816cb7b85df9e4c28aef8340a510ba25417a3307b0da9cd04f396d,42c9cd6365f5a05116e7911be4c149b3beaf1e9b6aaf74bed9f990f8407504f8,65554,2026-08-28
trump-administration-announces-3-15-million-expand-pharmacy-connectivity-throughout-rural-ohio,https://www.cms.gov/newsroom/press-releases/trump-administration-announces-3-15-million-expand-pharmacy-connectivity-throughout-rural-ohio,2026-08-26,Press Releases,Trump Administration Announces $3.15 Million to Expand Pharmacy Connectivity Throughout Rural Ohio Communities,Rural health,TRUE,c57f3569df1f00aaa4b104cfe42d2cd7c2de2af4cdf77fe80457da4c3e8e8a45,9817ac5abe32e83976f70b048dc8883dca697b247c279c11e1227087a667972b,66072,2026-08-28
trump-administration-announces-160-million-bring-cutting-edge-technology-drones-prescription,https://www.cms.gov/newsroom/press-releases/trump-administration-announces-160-million-bring-cutting-edge-technology-drones-prescription,2026-08-25,Press Releases,"Trump Administration Announces $160 Million to Bring Cutting-Edge Technology, Drones Prescription Deliveries, Surgical Robotics and More to Alaska",Rural health,TRUE,ac62e699cb222357ed571a3588b01c991363564076d6c1cfa0459d517ace1967,3767101c623f1df7e9e21c095f6ebf7228ca450bfff7a918289e2be3e7b2f762,64356,2026-08-28
trump-administration-announces-144-million-improve-mental-health-substance-abuse-emergency-maternal,https://www.cms.gov/newsroom/press-releases/trump-administration-announces-144-million-improve-mental-health-substance-abuse-emergency-maternal,2026-08-24,Press Releases,"Trump Administration Announces $144 million to Improve Mental Health, Substance Abuse, Emergency and Maternal Care and Expand the Healthcare Workforce in Alabama",Rural health,TRUE,f73efa50473ef2bd3dab5c9c9d4fc8d264d448ad7b454a1268abb71549a00f11,93354d9fee216d88a4ae61170051895e16d22e3b758a467f5be9b783022d9bcf,65095,2026-08-28
trump-administration-announces-4-2-million-expand-medical-transportation-improve-patient-access-care,https://www.cms.gov/newsroom/press-releases/trump-administration-announces-4-2-million-expand-medical-transportation-improve-patient-access-care,2026-08-20,Press Releases,Trump Administration Announces $4.2 Million to Expand Medical Transportation and Improve Patient Access to Care Across West Virginia,Administration; Rural health,TRUE,034e180f5cfe97823454d335b77a36896d6d6fb02b4a985661e992b83e81dc83,4387f63801795e4293514a78577403448ecfd3bd926fa39e2a10e6bf98584f70,60371,2026-08-28
trump-administration-delivers-critical-funding-launch-coordinating-connecting-care-initiative-north,https://www.cms.gov/newsroom/press-releases/trump-administration-delivers-critical-funding-launch-coordinating-connecting-care-initiative-north,2026-08-20,Press Releases,Trump Administration Delivers Critical Funding to Launch the Coordinating and Connecting Care Initiative in North Dakota,Administration; Rural health,TRUE,5f06419d949362009d3b303f4ef06f498589c99c7c802c8550415ac4dee5ca6b,2748c4354a81fddb8e6b34bc2e1abef925b4d609106262d4a4b9297075524883,58958,2026-08-28
trump-administration-announces-35-million-investment-advance-screening-technology-secure-additional,https://www.cms.gov/newsroom/press-releases/trump-administration-announces-35-million-investment-advance-screening-technology-secure-additional,2026-08-19,Press Releases,"Trump Administration Announces $35 million Investment to Advance Screening Technology, Secure Additional Operating Rooms, and Modernize Rural Pennsylvania Healthcare",Administration; Rural health,TRUE,bc62367b397eb98c6c43ee3615747c55735f8116808655b76607c18ff6c94a3d,801fce49859ef03695669dc1dab08a2da8d2e9da2d1bcac2c74f5d526f1750eb,61506,2026-08-28
trump-administration-announces-90-million-modernize-improve-it-interoperability-south-dakota,https://www.cms.gov/newsroom/press-releases/trump-administration-announces-90-million-modernize-improve-it-interoperability-south-dakota,2026-08-19,Press Releases,Trump Administration Announces $90 million to Modernize and Improve IT and Interoperability for South Dakota,Rural health,TRUE,c36c581def041d5e5e7332d21ae488754cc84d081cfd2b7fc1025418c53d5c66,3d3a683c696742154b0cc3fd9e82420ca722a3313c22c0bea3d23c9b835a3ce9,60542,2026-08-28
cms-ends-federal-medicaid-chip-funding-sex-rejecting-procedures-children-youth,https://www.cms.gov/newsroom/press-releases/cms-ends-federal-medicaid-chip-funding-sex-rejecting-procedures-children-youth,2026-08-11,Press Releases,CMS Ends Federal Medicaid and CHIP Funding for Sex-Rejecting Procedures for Children and Youth,Medicaid & CHIP,FALSE,,58a90559847c02c29ed72d815f833c1b853a22fab9574068b3a3d45197f64bc6,54904,2026-08-28
cms-announces-resources-flexibilities-assist-public-health-emergency-state-washington,https://www.cms.gov/newsroom/news-alert/cms-announces-resources-flexibilities-assist-public-health-emergency-state-washington,2026-08-10,News Alert,"CMS Announces Resources, Flexibilities to Assist with Public Health Emergency in the State of Washington",Emergency Preparedness,FALSE,,01c3e9795041f5b2cd96bb30826a842d8c3e61eb7d2b5dfa27eaea0182fa93d3,55504,2026-08-28
regulatory-alignment-predictable-immediate-device-coverage-pathway-cms-3487-nc-procedural-notice,https://www.cms.gov/newsroom/fact-sheets/regulatory-alignment-predictable-immediate-device-coverage-pathway-cms-3487-nc-procedural-notice,2026-08-07,Fact Sheets,Regulatory Alignment for Predictable and Immediate Device Coverage Pathway (CMS-3487-NC) Procedural Notice Inviting Comment,Administration,FALSE,,4e56cdfb602a9f7a22c9bf79fc57fa7689827d49bd7d8d064c989ce2ec610d7d,57741,2026-08-28
cms-launches-new-state-toolkit-protect-children-autism-strengthen-oversight-applied-behavior,https://www.cms.gov/newsroom/press-releases/cms-launches-new-state-toolkit-protect-children-autism-strengthen-oversight-applied-behavior,2026-08-04,Press Releases,"CMS Launches New State Toolkit to Protect Children with Autism, Strengthen Oversight of Applied Behavior Analysis Services",Medicaid & CHIP,FALSE,,5677e80be0e1f5e7dfc2e128b00c0c3a61912f2e3fe739561b9c6e8a7d754b71,57932,2026-08-28
readout-cms-celebrates-delivery-health-technology-ecosystem-one-year-after-launch,https://www.cms.gov/newsroom/press-releases/readout-cms-celebrates-delivery-health-technology-ecosystem-one-year-after-launch,2026-08-03,Press Releases,"Readout: CMS Celebrates Delivery of the Health Technology Ecosystem, One Year After Launch",Data; eHealth; Initiatives,FALSE,,5be57a839e40bcd18990a02f7bf1a9485ec2dc67b6d1ce81593dd9fe533bb056,56331,2026-08-28
cms-news-cms-announces-nationwide-expansion-proven-joint-replacement-program,https://www.cms.gov/newsroom/press-releases/cms-news-cms-announces-nationwide-expansion-proven-joint-replacement-program,2026-07-31,Press Releases,CMS News: CMS Announces Nationwide Expansion of Proven Joint Replacement Program,Hospitals; Innovation models; Payment Rules; Policy,FALSE,,54707e13a0a2f4b697aee6ad20773fbe5b1b137767238ff98d5b3d174bc1a596,56407,2026-08-28
fy-2027-hospital-inpatient-prospective-payment-system-long-term-care-hospital-prospective-payment,https://www.cms.gov/newsroom/fact-sheets/fy-2027-hospital-inpatient-prospective-payment-system-long-term-care-hospital-prospective-payment,2026-07-31,Fact Sheets,FY 2027 Hospital Inpatient Prospective Payment System and Long-Term Care Hospital Prospective Payment System Final Rule (CMS-1849-F),Hospitals; Innovation models; Policy; Quality,FALSE,,ec4d5581e6f23a2385c974aaf942c7a5cd23cefd5c8a7c17c36b4fe8269e3d38,69960,2026-08-28
fiscal-year-2027-hospice-wage-index-payment-rate-update-hospice-quality-reporting-program,https://www.cms.gov/newsroom/fact-sheets/fiscal-year-2027-hospice-wage-index-payment-rate-update-hospice-quality-reporting-program,2026-07-30,Fact Sheets,Fiscal Year 2027 Hospice Wage Index and Payment Rate Update and Hospice Quality Reporting Program Requirements Final Rule (CMS-1851-F),Coverage; Hospices; Policy,FALSE,,97dcbb0742112ab82116e0f69d7fbf9bb022b4963ac2da49aaba66ae25588650,61408,2026-08-28
fy-2027-inpatient-rehabilitation-facilities-irf-prospective-payment-system-pps-final-rule-cms-1845-f,https://www.cms.gov/newsroom/fact-sheets/fy-2027-inpatient-rehabilitation-facilities-irf-prospective-payment-system-pps-final-rule-cms-1845-f,2026-07-30,Fact Sheets,FY 2027 Inpatient Rehabilitation Facilities (IRF) Prospective Payment System (PPS) Final Rule (CMS-1845-F),Administration; Payment Rules,FALSE,,9830e84f9cca325d449b87456ae84785070cb68528347251c4af3d196abd6faa,57890,2026-08-28
fiscal-year-2027-medicare-inpatient-psychiatric-facility-prospective-payment-system-final-rule-cms,https://www.cms.gov/newsroom/fact-sheets/fiscal-year-2027-medicare-inpatient-psychiatric-facility-prospective-payment-system-final-rule-cms,2026-07-29,Fact Sheets,Fiscal Year 2027 Medicare Inpatient Psychiatric Facility Prospective Payment System Final Rule (CMS-1847-F),Administration; Payment Rules,FALSE,,368c25a8e8c145beab1c77572529b8342f8404645784976d9a0946a28302afe4,57930,2026-08-28
fiscal-year-2027-skilled-nursing-facility-prospective-payment-system-final-rule-cms-1843-f,https://www.cms.gov/newsroom/fact-sheets/fiscal-year-2027-skilled-nursing-facility-prospective-payment-system-final-rule-cms-1843-f,2026-07-29,Fact Sheets,Fiscal Year 2027 Skilled Nursing Facility Prospective Payment System Final Rule (CMS 1843-F),Administration; Nursing facilities; Payment Rules,FALSE,,5a2e366d7ee4abe527fa5ee84aa7454df8f8752281d476b02e53736b95bf82ca,55138,2026-08-28
cms-medicaid-fraud-war-room-stops-more-203-million-improper-payments-during-first-88-days,https://www.cms.gov/newsroom/press-releases/cms-medicaid-fraud-war-room-stops-more-203-million-improper-payments-during-first-88-days,2026-07-28,Press Releases,CMS Medicaid Fraud War Room Stops More Than $203 Million in Improper Payments During First 88 Days,"Administration; Fraud, waste, & abuse",FALSE,,80f347fbecd51d0da72159168b27433dc3c68a5c3af310e3580261a5cb7bffd7,55395,2026-08-28
medicare-part-d-2027-national-average-monthly-bid-amount-information,https://www.cms.gov/newsroom/fact-sheets/medicare-part-d-2027-national-average-monthly-bid-amount-information,2026-07-28,Fact Sheets,Medicare Part D 2027 National Average Monthly Bid Amount Information,Administration; Medicare Part D,FALSE,,7159a8a367f6076180105014ab7a6409f86110aa9e447150cecdbcaaf343981b,53061,2026-08-28
amending-indirect-hold-harmless-threshold-health-care-related-taxes-proposed-rule-cms-2452-p,https://www.cms.gov/newsroom/fact-sheets/amending-indirect-hold-harmless-threshold-health-care-related-taxes-proposed-rule-cms-2452-p,2026-07-21,Fact Sheets,Amending the Indirect Hold Harmless Threshold of Health Care-Related Taxes Proposed Rule (CMS-2452-P),Medicaid & CHIP,FALSE,,75ddfa9cfb42712a4aab9b38c6ad099f600010887c57c3b28be98389abbc7468,56281,2026-08-28
cms-modernizes-nursing-home-oversight-new-risk-based-survey-approach-designed-highlight-high,https://www.cms.gov/newsroom/press-releases/cms-modernizes-nursing-home-oversight-new-risk-based-survey-approach-designed-highlight-high,2026-07-16,Press Releases,"CMS Modernizes Nursing Home Oversight with New Risk-Based Survey Approach Designed to Highlight High Performance, Encourage Improvement",Administration; Nursing facilities,FALSE,,cebffb6af308a27f5a6af04e4a046404186e5b6a837fe7ce0c24f63697a5a8a5,56158,2026-08-28
manufacturer-effectuation-mfp-draft-guidance-2028-medicare-drug-price-negotiation,https://www.cms.gov/newsroom/fact-sheets/manufacturer-effectuation-mfp-draft-guidance-2028-medicare-drug-price-negotiation,2026-07-16,Fact Sheets,Manufacturer Effectuation of MFP Draft Guidance for 2028 Medicare Drug Price Negotiation,Administration,FALSE,,a9b228d54f7ab771ff07fc094f9772f993a71907e76b0ced25f76f9d3c432898,66482,2026-08-28
strengthening-original-medicare,https://www.cms.gov/newsroom/blog/strengthening-original-medicare,2026-07-16,Blog,Strengthening Original Medicare,Administration; Physicians,FALSE,,7e0a688fab418550aac33c65c3af4b1e0b9b99d377acce82a6dfdef1ad414a1a,74782,2026-08-28
calendar-year-cy-2027-medicare-physician-fee-schedule-proposed-rule,https://www.cms.gov/newsroom/fact-sheets/calendar-year-cy-2027-medicare-physician-fee-schedule-proposed-rule,2026-07-14,Fact Sheets,Calendar Year (CY) 2027 Medicare Physician Fee Schedule Proposed Rule,Administration; Payment Rules,FALSE,,08d64027a4792f35c21a5c9976f15fb4bee96d711781d9bdc449c28c5328a011,75474,2026-08-28
calendar-year-cy-2027-medicare-physician-fee-schedule-proposed-rule-cms-1848-p-medicare-shared,https://www.cms.gov/newsroom/fact-sheets/calendar-year-cy-2027-medicare-physician-fee-schedule-proposed-rule-cms-1848-p-medicare-shared,2026-07-14,Fact Sheets,Calendar Year (CY) 2027 Medicare Physician Fee Schedule Proposed Rule (CMS-1848-P) — Medicare Shared Savings Program Proposals,Administration; Payment Rules,FALSE,,7837ca3f88f4e9f3bc7556494e2f53b6f508566b77cc6a72ec7952ce9a85b968,85072,2026-08-28
cms-proposes-transformational-medicare-reforms-expand-accountable-care-modernize-physician-payment,https://www.cms.gov/newsroom/press-releases/cms-proposes-transformational-medicare-reforms-expand-accountable-care-modernize-physician-payment,2026-07-14,Press Releases,"CMS Proposes Transformational Medicare Reforms to Expand Accountable Care, Modernize Physician Payment, and Shift from Sick Care to Healthcare",Administration; Payment Rules,FALSE,,c32b5f549ac5f9d734e9d7cb7c2da146007827564291cf12c38f47428ba98e02,63515,2026-08-28
cms-announces-resources-flexibilities-assist-public-health-emergency-guam-commonwealth-northern-0,https://www.cms.gov/newsroom/news-alert/cms-announces-resources-flexibilities-assist-public-health-emergency-guam-commonwealth-northern-0,2026-07-10,News Alert,"CMS Announces Resources, Flexibilities to Assist with Public Health Emergency in Guam and the Commonwealth of the Northern Mariana Islands",Administration,FALSE,,4f550aaca5f77e7c4ed46b70569f60ca6593d90b4eab1f453ffbdd6a51614cbf,59402,2026-08-28
calendar-year-2027-hospital-outpatient-prospective-payment-system-opps-ambulatory-surgical-center,https://www.cms.gov/newsroom/fact-sheets/calendar-year-2027-hospital-outpatient-prospective-payment-system-opps-ambulatory-surgical-center,2026-07-02,Fact Sheets,Calendar Year 2027 Hospital Outpatient Prospective Payment System (OPPS) and Ambulatory Surgical Center (ASC) Proposed Rule (CMS-1850-P),Ambulatory surgical centers; Coverage; EMTALA; Hospitals; Policy; Quality,FALSE,,253d6012e998116a9d42d3f4f17ccc9b4050a24f034d5d6e95478d58a3195d74,72492,2026-08-28
cms-acts-strengthen-care-quality-cut-drug-costs-slash-out-pocket-expenses-medicare-beneficiaries,https://www.cms.gov/newsroom/press-releases/cms-acts-strengthen-care-quality-cut-drug-costs-slash-out-pocket-expenses-medicare-beneficiaries,2026-07-02,Press Releases,"CMS Acts to Strengthen Care Quality, Cut Drug Costs, and Slash Out-of-Pocket Expenses for Medicare Beneficiaries",Ambulatory surgical centers; Hospitals; Medicare Parts A & B; Quality,FALSE,,284a484f0bcc666ef10502a1f46efc0bdc5562c7bf0dcfccedf1ec4efab4bf60,58105,2026-08-28
calendar-year-cy-2027-home-health-prospective-payment-system-proposed-rule-fact-sheet-cms-1844-p,https://www.cms.gov/newsroom/fact-sheets/calendar-year-cy-2027-home-health-prospective-payment-system-proposed-rule-fact-sheet-cms-1844-p,2026-07-01,Fact Sheets,Calendar Year (CY) 2027 Home Health Prospective Payment System Proposed Rule Fact Sheet (CMS-1844-P),Administration; Home health agencies; Medicare Parts A & B,FALSE,,d7104e4ca85981308933e5426b3fdf8d1a6f3eba3bd0df82ff0949485cb59391,70878,2026-08-28
cms-launches-medicare-glp-1-bridge-expanding-access-glp-1-medications,https://www.cms.gov/newsroom/press-releases/cms-launches-medicare-glp-1-bridge-expanding-access-glp-1-medications,2026-07-01,Press Releases,"CMS Launches Medicare GLP-1 Bridge, Expanding Access to GLP-1 Medications",Administration; Drug Prices; Medicare Part D,FALSE,,41b4fc831f63c53629edfc9921e873b4b4fdc4ad8c3881b2b815bdb6fec97b72,54130,2026-08-28
cms-proposes-updates-strengthen-medicare-program-integrity-combat-fraud-expand-access-home-health,https://www.cms.gov/newsroom/press-releases/cms-proposes-updates-strengthen-medicare-program-integrity-combat-fraud-expand-access-home-health,2026-07-01,Press Releases,"CMS Proposes Updates to Strengthen Medicare Program Integrity, Combat Fraud, and Expand Access to Home Health Care",Administration; Home health agencies; Medicare Parts A & B,FALSE,,c8175d1ee2aa1c127293926738f176fed166157a8030955999dab78899c702cc,57221,2026-08-28
calendar-year-cy-2027-end-stage-renal-disease-esrd-prospective-payment-system-proposed-rule,https://www.cms.gov/newsroom/fact-sheets/calendar-year-cy-2027-end-stage-renal-disease-esrd-prospective-payment-system-proposed-rule,2026-06-24,Fact Sheets,Calendar Year (CY) 2027 End-Stage Renal Disease (ESRD) Prospective Payment System Proposed Rule,Administration; End-Stage Renal Disease,FALSE,,c156b04d84976a86fcd2d7f3fc3d4ff00ed223abc012b01a9102e1564236064e,65103,2026-08-28
cms-ensures-accrediting-organizations-uphold-trust-standards-oversight,https://www.cms.gov/newsroom/press-releases/cms-ensures-accrediting-organizations-uphold-trust-standards-oversight,2026-06-12,Press Releases,CMS Ensures Accrediting Organizations Uphold Trust in Standards and Oversight,Accountable Care Organizations (ACOs); Policy,FALSE,,8749470bc3301348216b21c50e101afe57e7bf215a8c7b9b5c80c5ead63c1588,50973,2026-08-28
cms-proposed-rule-locks-lower-prices-fosters-innovation-medicare-drug-price-negotiation-program,https://www.cms.gov/newsroom/press-releases/cms-proposed-rule-locks-lower-prices-fosters-innovation-medicare-drug-price-negotiation-program,2026-06-12,Press Releases,CMS Proposed Rule Locks in Lower Prices and Fosters Innovation for the Medicare Drug Price Negotiation Program,Administration,FALSE,,77c6d50cc37c5153500d86eee289c4885606a12b943ddc30697c37bf30410ebe,59837,2026-08-28
strengthening-cms-oversight-accrediting-organizations,https://www.cms.gov/newsroom/fact-sheets/strengthening-cms-oversight-accrediting-organizations,2026-06-12,Fact Sheets,Strengthening CMS Oversight of Accrediting Organizations,Accountable Care Organizations (ACOs); Policy,FALSE,,5feb1e0e33e996cedc975a176a6957733faa79e77d85374aa9be8e0d76a4de0c,53062,2026-08-28
cms-takes-bold-new-approach-stewarding-medicaid-demonstration-project-spending,https://www.cms.gov/newsroom/press-releases/cms-takes-bold-new-approach-stewarding-medicaid-demonstration-project-spending,2026-06-11,Press Releases,CMS Takes Bold New Approach to Stewarding Medicaid Demonstration Project Spending,Billing & payments; Demonstration projects; Medicaid & CHIP; Policy,FALSE,,a9a3e94fc1be041b9eed072c5d861c343b34f30b3dcaf533e446708586b82613,58748,2026-08-28
june-1-5-medicare-fraud-prevention-week-heres-how-americans-can-help-protect-themselves-medicare,https://www.cms.gov/newsroom/blog/june-1-5-medicare-fraud-prevention-week-heres-how-americans-can-help-protect-themselves-medicare,2026-06-02,Blog,June 1-5 is Medicare Fraud Prevention Week. Here’s How Americans Can Help Protect Themselves and Medicare.,"Administration; Fraud, waste, & abuse",FALSE,,69ae7395e563dee7787da3c5a31fceebe6119ea84095eb155f11a2fdba17e424,58677,2026-08-28
cms-launches-nationwide-framework-implement-medicaid-work-requirements,https://www.cms.gov/newsroom/press-releases/cms-launches-nationwide-framework-implement-medicaid-work-requirements,2026-06-01,Press Releases,CMS Launches Nationwide Framework to Implement Medicaid Work Requirements,Administration,FALSE,,798a0a7e93ed847f361e7fa903f7aa2cb18498ffb15c14a35d3c0ae6de88aeba,55105,2026-08-28
medicaid-community-engagement-requirement-certain-individuals-interim-final-rule-comment-period-cms,https://www.cms.gov/newsroom/fact-sheets/medicaid-community-engagement-requirement-certain-individuals-interim-final-rule-comment-period-cms,2026-06-01,Fact Sheets,Medicaid Community Engagement Requirement for Certain Individuals Interim Final Rule with Comment Period (CMS-2454-IFC),Administration,FALSE,,620f8d31a458f02d39d82d6f2ab09ae90d8471ba077b84626f0e65b02f9fffd8,60235,2026-08-28
federal-independent-dispute-resolution-operations-final-rule,https://www.cms.gov/newsroom/fact-sheets/federal-independent-dispute-resolution-operations-final-rule,2026-05-28,Fact Sheets,Federal Independent Dispute Resolution Operations Final Rule,Affordable Care Act,FALSE,,8c16482d622a77a5f2b046399955ad2cf62b0cd8a89d416844e8611e6766495b,66213,2026-08-28
federal-rule-takes-aim-health-care-bureaucracy-reducing-dispute-fees-boosting-transparency,https://www.cms.gov/newsroom/press-releases/federal-rule-takes-aim-health-care-bureaucracy-reducing-dispute-fees-boosting-transparency,2026-05-28,Press Releases,"Federal Rule Takes Aim at Health Care Bureaucracy, Reducing Dispute Fees, and Boosting Transparency",Administration; Affordable Care Act,FALSE,,936c5c5cf24c48970606255c2f3aa4eba24c4de28fff784e498ca5b10b63f67a,57912,2026-08-28
cms-moves-rein-misused-medicaid-dollars-reward-quality-care,https://www.cms.gov/newsroom/press-releases/cms-moves-rein-misused-medicaid-dollars-reward-quality-care,2026-05-20,Press Releases,CMS Moves to Rein In Misused Medicaid Dollars and Reward Quality Care,"Fraud, waste, & abuse; Medicaid & CHIP; Policy",FALSE,,da2c04238a3138aa71bbf1480e3f2917018e72fc1bca110daed7962b51c011ec,57053,2026-08-28
medicaid-managed-care-state-directed-payments-medicaid-fee-service-targeted-medicaid-practitioner,https://www.cms.gov/newsroom/fact-sheets/medicaid-managed-care-state-directed-payments-medicaid-fee-service-targeted-medicaid-practitioner,2026-05-20,Fact Sheets,Medicaid Managed Care State Directed Payments and Medicaid Fee-For-Service Targeted Medicaid Practitioner Payments Proposed Rule (CMS-2449-P),"Fraud, waste, & abuse; Medicaid & CHIP; Policy",FALSE,,181215388e9fca1cf0f96c9afb700cc1adc67a3a468ca5209cb152067a28c64c,56583,2026-08-28
cms-final-rule-lowers-costs-cracks-down-fraud-expands-state-control,https://www.cms.gov/newsroom/press-releases/cms-final-rule-lowers-costs-cracks-down-fraud-expands-state-control,2026-05-15,Press Releases,"CMS Final Rule Lowers Costs, Cracks Down on Fraud, and Expands State Control",Affordable Care Act,FALSE,,623f2811066fab202293631761d2ed1673b5a0eeba0218b866c5e5efe11d092f,54774,2026-08-28
hhs-notice-benefit-payment-parameters-2027-final-rule,https://www.cms.gov/newsroom/fact-sheets/hhs-notice-benefit-payment-parameters-2027-final-rule,2026-05-15,Fact Sheets,HHS Notice of Benefit and Payment Parameters for 2027 Final Rule,Affordable Care Act,FALSE,,c94b3347ca7eab5fae0f911ee63e6caf468145cff36b75f0a36347a2070c4523,81690,2026-08-28
cms-announces-aggressive-nationwide-crackdown-fraud-six-month-hospice-home-health-agency-enrollment,https://www.cms.gov/newsroom/press-releases/cms-announces-aggressive-nationwide-crackdown-fraud-six-month-hospice-home-health-agency-enrollment,2026-05-13,Press Releases,CMS Announces Aggressive Nationwide Crackdown on Fraud with Six-Month Hospice and Home Health Agency Enrollment Moratoria,"Fraud, waste, & abuse; Home health agencies; Hospices",FALSE,,6ea4835696986611eab071eb02727a416dcca00b6a47f5b62779fde91216e595,56912,2026-08-28
cms-announces-early-adopters-advance-solutions-electronic-prior-authorization-accelerating-momentum,https://www.cms.gov/newsroom/press-releases/cms-announces-early-adopters-advance-solutions-electronic-prior-authorization-accelerating-momentum,2026-05-13,Press Releases,"CMS Announces Early Adopters to Advance Solutions for Electronic Prior Authorization, Accelerating Momentum Ahead of 2027 Requirements",Administration,FALSE,,5b3bb1216b42c9b151b5b59859dc70f2fd780a66551be6d27a8b40cbd90c6858,55287,2026-08-28
hhs-cms-announce-first-meeting-healthcare-advisory-committee,https://www.cms.gov/newsroom/press-releases/hhs-cms-announce-first-meeting-healthcare-advisory-committee,2026-05-12,Press Releases,HHS and CMS Announce First Meeting of Healthcare Advisory Committee,Administration,FALSE,,c63c6bf710f0a2a479e24dafd4f8b2fb101ea23759631f1f783b21c02c647c69,52782,2026-08-28
coming-soon-cms-provide-50-monthly-access-glp-1-medications-medicare-beneficiaries,https://www.cms.gov/newsroom/press-releases/coming-soon-cms-provide-50-monthly-access-glp-1-medications-medicare-beneficiaries,2026-05-06,Press Releases,Coming Soon: CMS to Provide $50 Monthly Access to GLP-1 Medications for Medicare Beneficiaries,Administration; Demonstration projects; Drug Prices; Prescription drugs,FALSE,,c9d63ef9d1a1de9244089e9a43e4474cde05c7dc63785992a684e10dcd5c7395,54005,2026-08-28
moving-prior-authorization-21st-century,https://www.cms.gov/newsroom/blog/moving-prior-authorization-21st-century,2026-05-05,Blog,Moving Prior Authorization into the 21st Century,Administration,FALSE,,061a55c2ecea422bc813e9a2bbfe4479a57819beb9da6431a9745a5bdb8efad6,57334,2026-08-28
cms-extends-deadlines-generous-model-applications-drug-manufacturers-states,https://www.cms.gov/newsroom/news-alert/cms-extends-deadlines-generous-model-applications-drug-manufacturers-states,2026-04-29,News Alert,CMS Extends Deadlines for GENEROUS Model Applications for Drug Manufacturers and States,Administration; Drug Prices,FALSE,,5b6ea7811f7066b0d9adaaf40f891d1e045931b18bff969192015ffc3c7e3d20,52806,2026-08-28
cms-fda-announce-rapid-coverage-pathway-accelerate-patient-access-life-changing-medical-devices,https://www.cms.gov/newsroom/press-releases/cms-fda-announce-rapid-coverage-pathway-accelerate-patient-access-life-changing-medical-devices,2026-04-23,Press Releases,CMS and FDA Announce RAPID Coverage Pathway to Accelerate Patient Access to Life-Changing Medical Devices,Coverage; National Coverage Determination (NCD),FALSE,,c88831ff829566ebaa0e445f1da7d714d69d545ebc306d093d572db5fd003e31,56884,2026-08-28
cms-announces-resources-flexibilities-assist-public-health-emergency-state-hawaii,https://www.cms.gov/newsroom/news-alert/cms-announces-resources-flexibilities-assist-public-health-emergency-state-hawaii,2026-04-21,News Alert,"CMS Announces Resources, Flexibilities to Assist with Public Health Emergency in State of Hawaii",Policy,FALSE,,e6eaa62f3fc40ecad3bc4c0d1e862eed5b3ac0edad0fe2309c5672ae9655f11b,63137,2026-08-28
cms-announces-resources-flexibilities-assist-public-health-emergency-guam-commonwealth-northern,https://www.cms.gov/newsroom/news-alert/cms-announces-resources-flexibilities-assist-public-health-emergency-guam-commonwealth-northern,2026-04-17,News Alert,"CMS Announces Resources, Flexibilities to Assist with Public Health Emergency in Guam and the Commonwealth of the Northern Mariana Islands",Policy,FALSE,,2c1945fd930f991a4c4083d68c60a6f837aaa43967990fa7cc7884ca216be331,63758,2026-08-28
cms-improve-patient-care-experience-lower-costs-hip-knee-ankle-replacements,https://www.cms.gov/newsroom/press-releases/cms-improve-patient-care-experience-lower-costs-hip-knee-ankle-replacements,2026-04-10,Press Releases,"CMS to Improve Patient Care Experience and Lower Costs for Hip, Knee, and Ankle Replacements",Administration; Innovation models; Payment Rules,FALSE,,eee022ee953d2005edd9f2bbcea1a96f62ac3a5dc8b7951c1c89cf63f7ad4baf,55541,2026-08-28
cms-proposes-major-reforms-speed-up-patient-access-drugs-increase-transparency-reduce-administrative,https://www.cms.gov/newsroom/press-releases/cms-proposes-major-reforms-speed-up-patient-access-drugs-increase-transparency-reduce-administrative,2026-04-10,Press Releases,"CMS Proposes Major Reforms to Speed Up Patient Access to Drugs, Increase Transparency, and Reduce Administrative Burden",Administration,FALSE,,d55730dd66a734f2ca8a38cb999009cb1fc9d590639f23aeda7a72095adad017,57435,2026-08-28
fy-2027-hospital-inpatient-prospective-payment-system-ipps-long-term-care-hospital-prospective,https://www.cms.gov/newsroom/fact-sheets/fy-2027-hospital-inpatient-prospective-payment-system-ipps-long-term-care-hospital-prospective,2026-04-10,Fact Sheets,FY 2027 Hospital Inpatient Prospective Payment System (IPPS) and Long-Term Care Hospital Prospective Payment System (LTCH PPS) Proposed Rule — CMS-1849-P,Administration; Innovation models; Payment Rules,FALSE,,39eda886f349b3fa406d2b27a13a8d563ddeb851f2f25774ce6abb64dab1bd44,70158,2026-08-28
cms-launches-first-wave-healthtech-ecosystem-tools-fast-tracking-fully-digital-patient-centered,https://www.cms.gov/newsroom/press-releases/cms-launches-first-wave-healthtech-ecosystem-tools-fast-tracking-fully-digital-patient-centered,2026-04-09,Press Releases,"CMS Launches First Wave of HealthTech Ecosystem Tools, Fast‑Tracking a Fully Digital, Patient‑Centered Health System",Administration; Initiatives,FALSE,,ac01bee8ac9efcd0d2548d9b99a7d6ab0f2fb7deeebff5aab371e5f8a3d59fca,54680,2026-08-28
cms-issues-guidance-implement-new-limits-federal-medicaid-chip-funding-certain-noncitizens,https://www.cms.gov/newsroom/press-releases/cms-issues-guidance-implement-new-limits-federal-medicaid-chip-funding-certain-noncitizens,2026-04-08,Press Releases,CMS Issues Guidance to Implement New Limits on Federal Medicaid and CHIP Funding for Certain Noncitizens,Administration; Coverage; Medicaid & CHIP,FALSE,,f26ecb6c6d9db13e67abfef4751f8282470ae334b2a1ec81d38c298281ba15a1,52522,2026-08-28
2027-medicare-advantage-part-d-rate-announcement,https://www.cms.gov/newsroom/fact-sheets/2027-medicare-advantage-part-d-rate-announcement,2026-04-06,Fact Sheets,2027 Medicare Advantage and Part D Rate Announcement,Administration; Medicare Part C; Medicare Part D,FALSE,,8ad960754c4126b749fe8bf640fc0fba9352a48dcb45b6fa2aa60e1a6058bf18,62693,2026-08-28
cms-finalizes-2027-medicare-advantage-part-d-payment-policies-strengthen-accountability-long-term,https://www.cms.gov/newsroom/press-releases/cms-finalizes-2027-medicare-advantage-part-d-payment-policies-strengthen-accountability-long-term,2026-04-06,Press Releases,CMS Finalizes 2027 Medicare Advantage and Part D Payment Policies that Strengthen Accountability and Long-Term Sustainability,Administration; Medicare Part C; Medicare Part D,FALSE,,bf2b7864f5188dfb315ee2f30de96049afc39787a12f16100660be157bdee03d,57892,2026-08-28
contract-year-2027-medicare-advantage-part-d-final-rule,https://www.cms.gov/newsroom/fact-sheets/contract-year-2027-medicare-advantage-part-d-final-rule,2026-04-02,Fact Sheets,Contract Year 2027 Medicare Advantage and Part D Final Rule,Administration; Medicare Part C; Medicare Part D,FALSE,,3a1aee86706d37ada3fb211caa4681261c4183d09661d3b40a2a094407e919dd,56992,2026-08-28
fiscal-year-2027-inpatient-rehabilitation-facility-prospective-payment-system-proposed-rule-cms-1845,https://www.cms.gov/newsroom/fact-sheets/fiscal-year-2027-inpatient-rehabilitation-facility-prospective-payment-system-proposed-rule-cms-1845,2026-04-02,Fact Sheets,Fiscal Year 2027 Inpatient Rehabilitation Facility Prospective Payment System Proposed Rule (CMS-1845-P),Administration; Medicare Parts A & B,FALSE,,51172f355d2f240a5dc1c8508a9a267ad856427bff0ad1ed0804c4b627ca6066,57752,2026-08-28
fiscal-year-2027-medicare-inpatient-psychiatric-facility-prospective-payment-system-proposed-rule,https://www.cms.gov/newsroom/fact-sheets/fiscal-year-2027-medicare-inpatient-psychiatric-facility-prospective-payment-system-proposed-rule,2026-04-02,Fact Sheets,Fiscal Year 2027 Medicare Inpatient Psychiatric Facility Prospective Payment System Proposed Rule (CMS-1847-P),Administration; Medicare Parts A & B,FALSE,,1b4665d5e4037dca3b0de14725c73846b9fddf7b7294bec45f4f38f9cf7069d5,58581,2026-08-28
fiscal-year-fy-2027-hospice-wage-index-payment-rate-update-hospice-quality-reporting-program,https://www.cms.gov/newsroom/fact-sheets/fiscal-year-fy-2027-hospice-wage-index-payment-rate-update-hospice-quality-reporting-program,2026-04-02,Fact Sheets,Fiscal Year (FY) 2027 Hospice Wage Index and Payment Rate Update and Hospice Quality Reporting Program Requirements Proposed Rule (CMS-1851-P),"Administration; Fraud, waste, & abuse; Hospices",FALSE,,d597149a04239b735282b61a696b059ceda04ef13fe24896bffb30a347c970a6,62082,2026-08-28
fiscal-year-fy-2027-skilled-nursing-facility-prospective-payment-system-proposed-rule-cms-1843-p,https://www.cms.gov/newsroom/fact-sheets/fiscal-year-fy-2027-skilled-nursing-facility-prospective-payment-system-proposed-rule-cms-1843-p,2026-04-02,Fact Sheets,Fiscal Year (FY) 2027 Skilled Nursing Facility Prospective Payment System Proposed Rule (CMS 1843-P),Administration; Medicare Parts A & B; Nursing facilities,FALSE,,d836987698b246d3b252d1f0ab303786a85127c31867cba73ebab6d90aba7001,56466,2026-08-28
medicare-beneficiaries-see-simpler-more-flexible-plan-choices-better-drug-coverage-higher-quality,https://www.cms.gov/newsroom/press-releases/medicare-beneficiaries-see-simpler-more-flexible-plan-choices-better-drug-coverage-higher-quality,2026-04-02,Press Releases,"Medicare Beneficiaries to See Simpler and More Flexible Plan Choices, Better Drug Coverage, Higher Quality and Lower Costs in 2027",Administration; Medicare Part C; Medicare Part D,FALSE,,e7bf95cc791db5cb07499e94c39fea939c57d1bb61d3255062dff380ce3ddc47,56316,2026-08-28
cms-marks-milestone-expanding-patient-centered-innovation-substance-access-beneficiary-engagement,https://www.cms.gov/newsroom/press-releases/cms-marks-milestone-expanding-patient-centered-innovation-substance-access-beneficiary-engagement,2026-04-01,Press Releases,CMS Marks Milestone in Expanding Patient-Centered Innovation with Substance Access Beneficiary Engagement Incentive,Administration; Innovation models,FALSE,,2dc6d4ad981a26a22c3242d684c840d573b5b0abc183ace73d948a1bfa24e5b5,57532,2026-08-28
exchange-coverage-remains-near-record-high-23-1-million-enroll-2026-reflecting-continued-strength,https://www.cms.gov/newsroom/press-releases/exchange-coverage-remains-near-record-high-23-1-million-enroll-2026-reflecting-continued-strength,2026-03-27,Press Releases,"Exchange Coverage Remains Near Record High as 23.1 Million Enroll in 2026, Reflecting Continued Strength and Stability",Affordable Care Act; Marketplace,FALSE,,9f61b6dcfe8246b8022c81cd99d9c477734499d0b4b3908c66896dc75158ae0c,54485,2026-08-28
hhs-cms-announce-healthcare-advisory-committee-members-improve-patient-care-modernize-u-s-healthcare,https://www.cms.gov/newsroom/press-releases/hhs-cms-announce-healthcare-advisory-committee-members-improve-patient-care-modernize-u-s-healthcare,2026-03-26,Press Releases,HHS and CMS Announce Healthcare Advisory Committee Members to Improve Patient Care and Modernize the U.S. Healthcare System,Administration,FALSE,,8ff88d15fd1ff530aac7fe8b10a54289ff15d4561d452a5680fb82d6acb9833f,55820,2026-08-28
administrative-simplification-adoption-standards-health-care-claims-attachments-transactions,https://www.cms.gov/newsroom/fact-sheets/administrative-simplification-adoption-standards-health-care-claims-attachments-transactions,2026-03-20,Fact Sheets,Administrative Simplification; Adoption of Standards for Health Care Claims Attachments Transactions and Electronic Signatures Final Rule CMS-0053-F,Administration,FALSE,,426d19d6ab3931cf4b0d1b853ee7d4bf6bcaf763b67eeeea5aceefdb097a1296,59156,2026-08-28
cms-rule-phases-out-fax-machines-snail-mail-save-taxpayers-781-98-million-year,https://www.cms.gov/newsroom/press-releases/cms-rule-phases-out-fax-machines-snail-mail-save-taxpayers-781-98-million-year,2026-03-20,Press Releases,"CMS Rule Phases Out Fax Machines, Snail Mail to Save Taxpayers $781.98 Million a Year",Administration,FALSE,,4e4fb9e27dc09da5ce2e5881656f4749cf54374de66e27de1038548a4c80b442,54686,2026-08-28
readout-cms-convenes-first-rural-health-transformation-summit-advance-state-led-innovation,https://www.cms.gov/newsroom/press-releases/readout-cms-convenes-first-rural-health-transformation-summit-advance-state-led-innovation,2026-03-19,Press Releases,Readout: CMS Convenes First Rural Health Transformation Summit to Advance State-Led Innovation,Rural health,TRUE,f3195dee0641b2eb7929c4b43f20115294fb2258f33e36bf0666d8ea4d60b3ce,c466d0f8834ab0e48774e228ee80ff92fe9a77d3f1166870e5e12841301d4fc4,55479,2026-08-28
acute-hospital-care-home-data-release-fact-sheet-0,https://www.cms.gov/newsroom/fact-sheets/acute-hospital-care-home-data-release-fact-sheet-0,2026-03-17,Fact Sheets,Acute Hospital Care at Home Data Release Fact Sheet,Data; Quality,FALSE,,c83aab2bbcfaae1b085b91f99c5f1adee20dd8f9dd1bda20d8c50274051a1665,53425,2026-08-28
cms-announces-manufacturer-participation-third-cycle-medicare-drug-price-negotiation,https://www.cms.gov/newsroom/fact-sheets/cms-announces-manufacturer-participation-third-cycle-medicare-drug-price-negotiation,2026-03-13,Fact Sheets,CMS Announces Manufacturer Participation in Third Cycle of Medicare Drug Price Negotiation,Administration,FALSE,,b7f88b2d88066a4405d2821f7649e180bf5c069c3de4c5526d3e0e4fe50bcd64,58118,2026-08-28
cms-strengthens-patient-protections-accountability-organ-donation-system,https://www.cms.gov/newsroom/press-releases/cms-strengthens-patient-protections-accountability-organ-donation-system,2026-03-11,Press Releases,CMS Strengthens Patient Protections and Accountability in Organ Donation System,Administration; Safety,FALSE,,a624d1278195ebca66aeecdc935cad9acf1e5a2b0301cee0042042ec41a77fe7,58302,2026-08-28
optimal-health-all-within-nations-health-long-term-care-systems-ccsq-fy2025-2028-strategic-roadmap,https://www.cms.gov/newsroom/blog/optimal-health-all-within-nations-health-long-term-care-systems-ccsq-fy2025-2028-strategic-roadmap,2026-03-11,Blog,Optimal Health for All Within Nation’s Health and Long-Term Care Systems: CCSQ FY2025–2028 Strategic Roadmap,Administration,FALSE,,77b143e12f0a3d36fb061b9a21d00f8ca30e53f224d1c6fed1343e139cfc9661,61202,2026-08-28
medicare-gov-enhanced-log,https://www.cms.gov/newsroom/fact-sheets/medicare-gov-enhanced-log,2026-03-03,Fact Sheets,Medicare.gov Enhanced Log In,Administration,FALSE,,39c3900290de791a63b89f7d5119ac99f093151d1561e2731f85b8a0c5c4f8a3,53001,2026-08-28
cms-lower-drug-costs-improve-care-extending-deadline-generous-model-application,https://www.cms.gov/newsroom/press-releases/cms-lower-drug-costs-improve-care-extending-deadline-generous-model-application,2026-03-02,Press Releases,CMS to Lower Drug Costs and Improve Care by Extending Deadline for GENEROUS Model Application,Administration; Drug Prices; Innovation models,FALSE,,4b47c9adf640a1ce1d4cb5f8be2b28281225aed0321ebc22803d5a4e10847d4b,53852,2026-08-28
trump-administration-prioritizes-affordability-announcing-major-crackdown-health-care-fraud,https://www.cms.gov/newsroom/press-releases/trump-administration-prioritizes-affordability-announcing-major-crackdown-health-care-fraud,2026-02-25,Press Releases,Trump Administration Prioritizes Affordability by Announcing Major Crackdown on Health Care Fraud,"DMEPOS suppliers; Fraud, waste, & abuse; Medicaid & CHIP",FALSE,,4f136e48fafa1a2ac1d01d284dd22025aebc3075a678fcaead02c8c458db7b4d,61780,2026-08-28
cms-proposes-regulations-lower-health-care-costs-expand-consumer-choice-protect-taxpayers,https://www.cms.gov/newsroom/press-releases/cms-proposes-regulations-lower-health-care-costs-expand-consumer-choice-protect-taxpayers,2026-02-09,Press Releases,"CMS Proposes Regulations to Lower Health Care Costs, Expand Consumer Choice, and Protect Taxpayers",Administration; Marketplace; Payment Rules,FALSE,,cbb25480aa775c1e1cf80cdb604179fc23c96552fb7e79cde725cd7ffaa7eea7,56939,2026-08-28
hhs-notice-benefit-payment-parameters-2027-proposed-rule,https://www.cms.gov/newsroom/fact-sheets/hhs-notice-benefit-payment-parameters-2027-proposed-rule,2026-02-09,Fact Sheets,HHS Notice of Benefit and Payment Parameters for 2027 Proposed Rule,Administration; Marketplace; Payment Rules,FALSE,,62da04b7814e43071967d75b8380f57f9e663fa616af1883afbf4bd30679ca44,82271,2026-08-28
2026-medicare-accountable-care-organization-initiatives-participation-highlights,https://www.cms.gov/newsroom/fact-sheets/2026-medicare-accountable-care-organization-initiatives-participation-highlights,2026-02-04,Fact Sheets,2026 Medicare Accountable Care Organization Initiatives Participation Highlights,Accountable Care Organizations (ACOs); Administration,FALSE,,24ba4a7751e5e97dc74ff6286725989f82dbf26f5dd6197d11484d1374475909,59869,2026-08-28
cms-shuts-down-massive-medicaid-tax-loophole-saving-billions-federal-taxpayers-restoring-federal,https://www.cms.gov/newsroom/press-releases/cms-shuts-down-massive-medicaid-tax-loophole-saving-billions-federal-taxpayers-restoring-federal,2026-01-29,Press Releases,"CMS Shuts Down Massive Medicaid Tax Loophole, Saving Billions for Federal Taxpayers and Restoring the Federal-State Partnership",Medicaid & CHIP,FALSE,,56e2c5a5d23b0ffca506dc41832c1ff09c8dee9643ca1d216fa62a12adfacce1,57764,2026-08-28
fact-sheet-pledges-medicaid-technology-companies-support-community-engagement-implementation-related,https://www.cms.gov/newsroom/fact-sheets/fact-sheet-pledges-medicaid-technology-companies-support-community-engagement-implementation-related,2026-01-29,Fact Sheets,Fact Sheet: Pledges from Medicaid Technology Companies to Support Community Engagement Implementation and Related Medicaid System Improvements,Eligibility & enrollment; Medicaid & CHIP,FALSE,,d89c12f2030390ce70ed6bc47c1852f9555bbf8faa69aef45a163bbab4159f82,74838,2026-08-28
medicaid-technology-companies-pledge-600m-savings-support-community-engagement-related-state,https://www.cms.gov/newsroom/press-releases/medicaid-technology-companies-pledge-600m-savings-support-community-engagement-related-state,2026-01-29,Press Releases,Medicaid Technology Companies Pledge $600M in Savings to Support Community Engagement and Related State Medicaid System Improvements,Eligibility & enrollment; Medicaid & CHIP,FALSE,,8a5e9781bf7d5d42a9ff8d4e45f3b7a2ecfbdf0f13525b294d8454ed54d1b1ed,58115,2026-08-28
preserving-medicaid-funding-vulnerable-populations-closing-health-care-related-tax-loophole-final,https://www.cms.gov/newsroom/fact-sheets/preserving-medicaid-funding-vulnerable-populations-closing-health-care-related-tax-loophole-final,2026-01-29,Fact Sheets,Preserving Medicaid Funding for Vulnerable Populations – Closing a Health Care-Related Tax Loophole Final Rule,Medicaid & CHIP,FALSE,,b4ec363815f407bfbfe22fc4c9ba15af4de2bf41131389afca3729bf89b80a0f,56309,2026-08-28
cms-actions-protect-consumers-strengthen-exchange-program-integrity,https://www.cms.gov/newsroom/fact-sheets/cms-actions-protect-consumers-strengthen-exchange-program-integrity,2026-01-28,Fact Sheets,CMS Actions to Protect Consumers and Strengthen Exchange Program Integrity,Affordable Care Act; Marketplace,FALSE,,33758da73006c6cd37530aacc9074a7b22e1c3b410b2c4f6dd6e134422d40699,71249,2026-08-28
cms-proposes-rule-strengthen-oversight-organ-procurement-organizations-protect-patients,https://www.cms.gov/newsroom/press-releases/cms-proposes-rule-strengthen-oversight-organ-procurement-organizations-protect-patients,2026-01-28,Press Releases,CMS Proposes Rule to Strengthen Oversight of Organ Procurement Organizations and Protect Patients,Administration; Safety,FALSE,,1b6a16ee0feac886107a95bda362e8a98a039141e580c6eb43136d1d46bef3ca,56860,2026-08-28
marketplace-2026-open-enrollment-period-report-national-snapshot-2,https://www.cms.gov/newsroom/fact-sheets/marketplace-2026-open-enrollment-period-report-national-snapshot-2,2026-01-28,Fact Sheets,Marketplace 2026 Open Enrollment Period Report: National Snapshot,Affordable Care Act; Marketplace,FALSE,,283948259076a33d2fc8dddf2c3e5f466fc9bbc4593e7da7144e4a2c491cb5b3,67854,2026-08-28
organ-procurement-organizations-opos-conditions-coverage-revisions-cms-3409-p-proposed-rule,https://www.cms.gov/newsroom/fact-sheets/organ-procurement-organizations-opos-conditions-coverage-revisions-cms-3409-p-proposed-rule,2026-01-28,Fact Sheets,Organ Procurement Organizations (OPOs) Conditions for Coverage Revisions CMS-3409-P Proposed Rule,Safety,FALSE,,d3509a42a86217d232cccd36741c01daa93ccea3abf2da5b28661a8876f9a976,60873,2026-08-28
cms-announces-selection-drugs-third-cycle-medicare-drug-price-negotiation-program-including-first,https://www.cms.gov/newsroom/press-releases/cms-announces-selection-drugs-third-cycle-medicare-drug-price-negotiation-program-including-first,2026-01-27,Press Releases,"CMS Announces Selection of Drugs for Third Cycle of Medicare Drug Price Negotiation Program, Including First-Ever Part B Drugs",Administration; Drug Prices,FALSE,,eb43cb1056c43b98c2f657c534be24df1d4971944a9f1d3188502b835b00c2aa,56913,2026-08-28
2027-medicare-advantage-part-d-advance-notice,https://www.cms.gov/newsroom/fact-sheets/2027-medicare-advantage-part-d-advance-notice,2026-01-26,Fact Sheets,2027 Medicare Advantage and Part D Advance Notice,Medicare Advantage (MA); Medicare Part C; Medicare Part D; Policy,FALSE,,f96eeb149afc320e64273a061f40c10e921d8e39d7fc3ca020fa6384c6e90d0a,59714,2026-08-28
cms-proposes-2027-medicare-advantage-part-d-payment-policies-improve-payment-accuracy-sustainability,https://www.cms.gov/newsroom/press-releases/cms-proposes-2027-medicare-advantage-part-d-payment-policies-improve-payment-accuracy-sustainability,2026-01-26,Press Releases,CMS Proposes 2027 Medicare Advantage and Part D Payment Policies to Improve Payment Accuracy and Sustainability,Medicare Advantage (MA); Medicare Part C; Medicare Part D; Policy,FALSE,,4a112fee4e94ecdb2dba449a72cdf77da677a94f14e4863a0576097687c4174e,54545,2026-08-28
cms-seeks-public-input-strengthening-domestic-supply-chain-ppe-essential-medicines,https://www.cms.gov/newsroom/press-releases/cms-seeks-public-input-strengthening-domestic-supply-chain-ppe-essential-medicines,2026-01-26,Press Releases,"CMS Seeks Public Input on Strengthening Domestic Supply Chain for PPE, Essential Medicines",Administration,FALSE,,0af7cf0985c6c752558de8c31b78bc4b9efd8dc257564896885705c3ee395e14,52521,2026-08-28
fiscal-year-2025-improper-payments-fact-sheet,https://www.cms.gov/newsroom/fact-sheets/fiscal-year-2025-improper-payments-fact-sheet,2026-01-15,Fact Sheets,Fiscal Year 2025 Improper Payments Fact Sheet,Administration,FALSE,,0ae17d2b25136e3d69d19aa55af353584fa79b2864a05c95441ae40e67b620ef,56749,2026-08-28
marketplace-2026-open-enrollment-period-report-national-snapshot-0,https://www.cms.gov/newsroom/fact-sheets/marketplace-2026-open-enrollment-period-report-national-snapshot-0,2026-01-12,Fact Sheets,Marketplace 2026 Open Enrollment Period Report: National Snapshot,Affordable Care Act; Marketplace,FALSE,,d0af5b5ea3f97ca12d2f68734415b1f6676789cf02b7d9fcf98080e94e5f2ade,69253,2026-08-28
cms-announces-new-provider-organ-procurement-services-south-florida,https://www.cms.gov/newsroom/press-releases/cms-announces-new-provider-organ-procurement-services-south-florida,2026-01-08,Press Releases,CMS Announces New Provider of Organ Procurement Services in South Florida,Safety,FALSE,,92167d9968ca7dbbd4c082217e2717f664f909ef16eb21329e3b825d8c3bc163,55884,2026-08-28
cms-announces-50-billion-awards-strengthen-rural-health-all-50-states,https://www.cms.gov/newsroom/press-releases/cms-announces-50-billion-awards-strengthen-rural-health-all-50-states,2025-12-29,Press Releases,CMS Announces $50 Billion in Awards to Strengthen Rural Health in All 50 States,Rural health,TRUE,5d18eab8c9fcac96c97500eae6bb13fa6586e9bec440b4d9577c34f7f1350c14,894d697cfd660a3003dd1abc6127990e03e3e5da8b2f3a1bb5c93d4f1f599729,66700,2026-08-28
cms-announces-establishment-office-rural-health-transformation,https://www.cms.gov/newsroom/press-releases/cms-announces-establishment-office-rural-health-transformation,2025-12-29,Press Releases,CMS Announces Establishment of the Office of Rural Health Transformation,Rural health,TRUE,99234ab91b174324b42dfa1c1b798159b00f57b1595889d801416020c55e38b2,2cbb7cddf842f477f2aa372102edbc6f466108978f1ce9471896fc30e847bad7,54813,2026-08-28
upcoming-update-final-local-coverage-determinations-lcds-certain-skin-substitutes,https://www.cms.gov/newsroom/fact-sheets/upcoming-update-final-local-coverage-determinations-lcds-certain-skin-substitutes,2025-12-24,Fact Sheets,Final Local Coverage Determinations (LCDs) for Certain Skin Substitutes Withdrawn,Coverage,FALSE,,3d97a894dae6c829b53034e73af5eaf3a362fe916557a8d5f188aa24aa6efcd3,53680,2026-08-28
cms-launches-voluntary-model-expand-access-life-changing-medicines-promote-healthier-living,https://www.cms.gov/newsroom/press-releases/cms-launches-voluntary-model-expand-access-life-changing-medicines-promote-healthier-living,2025-12-23,Press Releases,"CMS Launches Voluntary Model to Expand Access to Life-Changing Medicines, Promote Healthier Living",Administration,FALSE,,fee2bd3e84d06bf8370ea5ddc13e26bc27a04aa7291aa7c613cf2162651254cb,55213,2026-08-28
cms-proposes-new-mandatory-globe-model,https://www.cms.gov/newsroom/press-releases/cms-proposes-new-mandatory-globe-model,2025-12-21,Press Releases,CMS Proposes New Mandatory GLOBE Model,Administration,FALSE,,11507e688600169e93ad6b087d898b379d422379ba7e332b1722ee9fbe4371c6,53815,2026-08-28
cms-proposes-new-mandatory-guard-model,https://www.cms.gov/newsroom/press-releases/cms-proposes-new-mandatory-guard-model,2025-12-21,Press Releases,CMS Proposes New Mandatory GUARD Model,Administration,FALSE,,7eea2d4ad7359f9c1b41f457deeb9fa9f22b458809b63b9a5bdbafeb4d6fe854,53640,2026-08-28
improving-access-technology-supported-care-outcome-aligned-payments,https://www.cms.gov/newsroom/blog/improving-access-technology-supported-care-outcome-aligned-payments,2025-12-19,Blog,Improving ACCESS to Technology-Supported Care with Outcome-Aligned Payments,Administration,FALSE,,878b5c318693721799f1836a3ae04541e1a85907f64000ea3980c1b8c117da86,56115,2026-08-28
transparency-coverage-proposed-rule-cms-9882-p,https://www.cms.gov/newsroom/fact-sheets/transparency-coverage-proposed-rule-cms-9882-p,2025-12-19,Fact Sheets,Transparency in Coverage Proposed Rule (CMS 9882-P),Affordable Care Act; Marketplace,FALSE,,2670f62dfcbbe9a128d1f4eae358abe1eee3bbc2658e2f30905e065889993061,65312,2026-08-28
trump-administration-proposes-significant-updates-disclosure-requirements-make-health-care-prices,https://www.cms.gov/newsroom/press-releases/trump-administration-proposes-significant-updates-disclosure-requirements-make-health-care-prices,2025-12-19,Press Releases,"Trump Administration Proposes Significant Updates to Disclosure Requirements to Make Health Care Prices Clear, Accurate, and Actionable for Americans",Affordable Care Act; Marketplace,FALSE,,33be2067185a8c4a72694bf473b484b79021d4e5755678021e99ce04ae8e3b92,60686,2026-08-28
hhs-acts-bar-hospitals-performing-sex-rejecting-procedures-children,https://www.cms.gov/newsroom/press-releases/hhs-acts-bar-hospitals-performing-sex-rejecting-procedures-children,2025-12-18,Press Releases,HHS Acts to Bar Hospitals from Performing Sex-Rejecting Procedures on Children,Administration; Hospitals; Medicaid & CHIP,FALSE,,12a0fa1453abb5b949e1a9f0975b4b73589d73dd60fdb7209b59ebc34499f117,56634,2026-08-28
cms-issues-new-state-guidance-transformative-medicaid-reforms,https://www.cms.gov/newsroom/press-releases/cms-issues-new-state-guidance-transformative-medicaid-reforms,2025-12-08,Press Releases,CMS Issues New State Guidance on Transformative Medicaid Reforms,Medicaid & CHIP,FALSE,,ede74f32da44cf6aaa48fba632cc3e5f31a5d1610d6f21f7172a0b8cd1c127a8,53383,2026-08-28
marketplace-2026-open-enrollment-period-report-national-snapshot,https://www.cms.gov/newsroom/fact-sheets/marketplace-2026-open-enrollment-period-report-national-snapshot,2025-12-05,Fact Sheets,Marketplace 2026 Open Enrollment Period Report: National Snapshot,Affordable Care Act,FALSE,,bdad5db6964f97103d06618a62ceb7835f47b8784cdaf03b980b0e48e25c83a9,70733,2026-08-28
readout-cms-convenes-leaders-across-government-clinician-societies-digital-health-industry-discuss,https://www.cms.gov/newsroom/press-releases/readout-cms-convenes-leaders-across-government-clinician-societies-digital-health-industry-discuss,2025-12-05,Press Releases,"Readout: CMS Convenes Leaders Across Government, Clinician Societies, Digital Health Industry to Discuss Innovation Center ACCESS Model",Administration,FALSE,,48d87f014e9bf21b0a0183b03379052857a80746097736a20b2992dfc9592e79,55607,2026-08-28
calendar-year-cy-2026-home-health-prospective-payment-system-final-rule-cms-1828-f,https://www.cms.gov/newsroom/fact-sheets/calendar-year-cy-2026-home-health-prospective-payment-system-final-rule-cms-1828-f,2025-11-28,Fact Sheets,Calendar Year (CY) 2026 Home Health Prospective Payment System Final Rule (CMS-1828-F),Administration,FALSE,,2aca7c5c67d83e53f296bcc602b0f93d8e0d3d6286a03861876e5054d06d3367,70423,2026-08-28
durable-medical-equipment-prosthetics-orthotics-supplies-competitive-bidding-program-updates,https://www.cms.gov/newsroom/fact-sheets/durable-medical-equipment-prosthetics-orthotics-supplies-competitive-bidding-program-updates,2025-11-28,Fact Sheets,"Durable Medical Equipment, Prosthetics, Orthotics, and Supplies Competitive Bidding Program – Updates and Important Information",Administration,FALSE,,f4ca25675c6f700f3911e273f0a77a655ef19ecd95379219678c0925151cab13,70170,2026-08-28
cms-delivers-savings-seniors-15-major-drugs-cancer-chronic-disease,https://www.cms.gov/newsroom/press-releases/cms-delivers-savings-seniors-15-major-drugs-cancer-chronic-disease,2025-11-25,Press Releases,CMS Delivers Savings for Seniors on 15 Major Drugs for Cancer and Chronic Disease,Administration,FALSE,,a41f383e556acee11a3a10b8c270d78971b0fecc1fb25e9ad86180722debe48b,55595,2026-08-28
cms-proposes-new-policies-strengthen-quality-access-competition-medicare-advantage-part-d,https://www.cms.gov/newsroom/press-releases/cms-proposes-new-policies-strengthen-quality-access-competition-medicare-advantage-part-d,2025-11-25,Press Releases,"CMS Proposes New Policies to Strengthen Quality, Access and Competition in Medicare Advantage and Part D",Administration,FALSE,,af157c86cbd9710f5343e04abfed4cc3d8c2892b58a875fa27bb8e3130c26d30,54393,2026-08-28
contract-year-2027-medicare-advantage-part-d-proposed-rule,https://www.cms.gov/newsroom/fact-sheets/contract-year-2027-medicare-advantage-part-d-proposed-rule,2025-11-25,Fact Sheets,Contract Year 2027 Medicare Advantage and Part D Proposed Rule,Administration,FALSE,,d39771ea4e570c8397eded0a60a51668daac7b4608684b32d7b52015e11c7faa,60553,2026-08-28
calendar-year-2026-hospital-outpatient-prospective-payment-system-opps-ambulatory-surgical-center,https://www.cms.gov/newsroom/fact-sheets/calendar-year-2026-hospital-outpatient-prospective-payment-system-opps-ambulatory-surgical-center,2025-11-21,Fact Sheets,Calendar Year 2026 Hospital Outpatient Prospective Payment System (OPPS) and Ambulatory Surgical Center Final Rule (CMS-1834-FC),Payment Rules,FALSE,,c9a394bae4c21f8f21f20b52e9efa8772499c13c2a30c2d67d33914ee347483b,92148,2026-08-28
cms-empowers-patients-boosts-transparency-modernizing-hospital-payments,https://www.cms.gov/newsroom/press-releases/cms-empowers-patients-boosts-transparency-modernizing-hospital-payments,2025-11-21,Press Releases,CMS Empowers Patients and Boosts Transparency by Modernizing Hospital Payments,Payment Rules,FALSE,,2822a17fd410233f21c53e9a84884e1fd03b1df27f6b3c9f16393c21c9fda9b8,55044,2026-08-28
cy-2026-opps-ambulatory-surgical-center-final-rule-hospital-price-transparency-policy-changes,https://www.cms.gov/newsroom/fact-sheets/cy-2026-opps-ambulatory-surgical-center-final-rule-hospital-price-transparency-policy-changes,2025-11-21,Fact Sheets,CY 2026 OPPS and Ambulatory Surgical Center Final Rule - Hospital Price Transparency Policy Changes,Payment Rules; Billing & payments,FALSE,,dc5eb6062f18d070148a6de437cc3fd4239dff59dc1d21a8fe020b33efd4f5e4,57351,2026-08-28
calendar-year-cy-2026-end-stage-renal-disease-esrd-prospective-payment-system-final-rule,https://www.cms.gov/newsroom/fact-sheets/calendar-year-cy-2026-end-stage-renal-disease-esrd-prospective-payment-system-final-rule,2025-11-20,Fact Sheets,Calendar Year (CY) 2026 End-Stage Renal Disease (ESRD) Prospective Payment System Final Rule,Administration,FALSE,,3ac8ee2c45d861c1aace8933572c0afe78d75a445bf091626d8f6acf39a96f1a,60054,2026-08-28
2026-medicare-parts-b-premiums-deductibles,https://www.cms.gov/newsroom/fact-sheets/2026-medicare-parts-b-premiums-deductibles,2025-11-14,Fact Sheets,2026 Medicare Parts A & B Premiums and Deductibles,Administration,FALSE,,8f37d5181533b8c911060406feeaa6ddcff12cbd938e5ff0f4251ec19fa3aeb1,67141,2026-08-28
cms-issues-guidance-strengthen-oversight-medicaid-financing,https://www.cms.gov/newsroom/press-releases/cms-issues-guidance-strengthen-oversight-medicaid-financing,2025-11-14,Press Releases,CMS Issues Guidance to Strengthen Oversight of Medicaid Financing,Administration,FALSE,,390ddbab94392986d4e68655b40bea21c1784e7e11cede8a347c469cdb327adf,55613,2026-08-28
cms-announces-new-drug-payment-model-strengthen-medicaid-better-serve-vulnerable-americans,https://www.cms.gov/newsroom/press-releases/cms-announces-new-drug-payment-model-strengthen-medicaid-better-serve-vulnerable-americans,2025-11-06,Press Releases,CMS Announces New Drug Payment Model to Strengthen Medicaid and Better Serve Vulnerable Americans,Administration,FALSE,,ed6a72c65d833c6bbd32572522f2a2cad50a44250fa58545fa8f735112a4ec3f,53991,2026-08-28
all-50-states-seek-transform-rural-health-cms,https://www.cms.gov/newsroom/press-releases/all-50-states-seek-transform-rural-health-cms,2025-11-05,Press Releases,All 50 States Seek to Transform Rural Health with CMS,Rural health,TRUE,02365a546793de47bc4610097e89f19a3031b7e672ccf62578b9f28b3b511d1c,2791051ac216c12b645c34e636afefdef8f174ef80aec762e69d177cc0c612ae,55229,2026-08-28
calendar-year-cy-2026-medicare-physician-fee-schedule-final-rule-cms-1832-f,https://www.cms.gov/newsroom/fact-sheets/calendar-year-cy-2026-medicare-physician-fee-schedule-final-rule-cms-1832-f,2025-10-31,Fact Sheets,Calendar Year (CY) 2026 Medicare Physician Fee Schedule Final Rule (CMS-1832-F),Administration,FALSE,,1b86c8abdc0ecab7cd8085240c7d1b9d8b6e1503b975eb6ea03e50a4b9e1e51a,76710,2026-08-28
calendar-year-cy-2026-medicare-physician-fee-schedule-final-rule-cms-1832-f-medicare-shared-savings,https://www.cms.gov/newsroom/fact-sheets/calendar-year-cy-2026-medicare-physician-fee-schedule-final-rule-cms-1832-f-medicare-shared-savings,2025-10-31,Fact Sheets,Calendar Year (CY) 2026 Medicare Physician Fee Schedule Final Rule (CMS-1832-F) Medicare Shared Savings Program Changes,Administration,FALSE,,fc4deff06ba0bad0f26213f953fb2ec17fbe460ecf22958b35bddf4fa2d8b000,73664,2026-08-28
cms-modernizes-payment-accuracy-significantly-cuts-spending-waste,https://www.cms.gov/newsroom/press-releases/cms-modernizes-payment-accuracy-significantly-cuts-spending-waste,2025-10-31,Press Releases,CMS Modernizes Payment Accuracy and Significantly Cuts Spending Waste,Administration,FALSE,,1f6e4ae89fcce28c5eca7dd6659cb888a536d11049ecb34bfda0397158c20ac9,58973,2026-08-28
plan-year-2026-marketplace-plans-prices-fact-sheet,https://www.cms.gov/newsroom/fact-sheets/plan-year-2026-marketplace-plans-prices-fact-sheet,2025-10-30,Fact Sheets,Plan Year 2026 Marketplace Plans and Prices Fact Sheet,Administration,FALSE,,ff87202a6c192ae8e7aed4210efb7bcb694df5b7b5274f8cfbe1327678d22d63,51961,2026-08-28
cms-releases-final-guidance-initial-price-applicability-year-2028,https://www.cms.gov/newsroom/press-releases/cms-releases-final-guidance-initial-price-applicability-year-2028,2025-09-30,Press Releases,CMS Releases Final Guidance for Initial Price Applicability Year 2028,Administration; Drug Prices,FALSE,,590de136f1b02a3aac295d7f5ffed8ae7edecbceb96e3e972fbee35061950a2c,57175,2026-08-28
medicare-advantage-medicare-prescription-drug-programs-expected-remain-stable-2026,https://www.cms.gov/newsroom/press-releases/medicare-advantage-medicare-prescription-drug-programs-expected-remain-stable-2026,2025-09-26,Press Releases,Medicare Advantage and Medicare Prescription Drug Programs Expected to Remain Stable in 2026,Administration,FALSE,,491c2a224ad54a2eb1cedb09b617747130b779613e3b4887a8686b6bc06d316e,58650,2026-08-28
cms-launches-landmark-50-billion-rural-health-transformation-program,https://www.cms.gov/newsroom/press-releases/cms-launches-landmark-50-billion-rural-health-transformation-program,2025-09-15,Press Releases,CMS Launches Landmark $50 Billion Rural Health Transformation Program,Rural health,TRUE,e89d3c009ec15ac90ab533da1d5379f2d06a2b3f1115a60100963e8fc037b5c2,9e4af96ed3e7518f00b8f56684ce813f53c7f1244f110e72689d7c34c7ce7f47,55046,2026-08-28
cms-issues-guidance-strengthen-oversight-medicaid-state-directed-payments,https://www.cms.gov/newsroom/press-releases/cms-issues-guidance-strengthen-oversight-medicaid-state-directed-payments,2025-09-09,Press Releases,CMS Issues Guidance to Strengthen Oversight of Medicaid State Directed Payments,"Administration; Fraud, waste, & abuse; Medicaid & CHIP",FALSE,,da3c89db3847d0963f7b5428f78af4336d2a89cbecc19818e9119c267d7a5ef4,54499,2026-08-28
expanding-access-health-insurance-consumers-gain-access-catastrophic-health-insurance-plans-2026,https://www.cms.gov/newsroom/fact-sheets/expanding-access-health-insurance-consumers-gain-access-catastrophic-health-insurance-plans-2026,2025-09-04,Fact Sheets,Expanding Access to Health Insurance: Consumers to Gain Access to “Catastrophic” Health Insurance Plans in 2026 Plan Year,Marketplace,FALSE,,9e5430d38ee67e614e41ab891ed3bc8815ef300781d3eb3bd0115962669511d4,54121,2026-08-28
hhs-expands-access-affordable-health-insurance,https://www.cms.gov/newsroom/press-releases/hhs-expands-access-affordable-health-insurance,2025-09-04,Press Releases,HHS Expands Access to Affordable Health Insurance,Marketplace,FALSE,,f0f358867b77578f060eed407ee7d6f54fd0ffe8206197fb9213e9441d8ac91a,55979,2026-08-28
