state,state_name,fy2026_allotment,fy2026_allotment_published,source_url,source_fetched
AK,Alaska,272174856,"$272,174,856",https://www.cms.gov/newsroom/press-releases/cms-announces-50-billion-awards-strengthen-rural-health-all-50-states,2026-08-27
AL,Alabama,203404327,"$203,404,327",https://www.cms.gov/newsroom/press-releases/cms-announces-50-billion-awards-strengthen-rural-health-all-50-states,2026-08-27
AR,Arkansas,208779396,"$208,779,396",https://www.cms.gov/newsroom/press-releases/cms-announces-50-billion-awards-strengthen-rural-health-all-50-states,2026-08-27
AZ,Arizona,166988956,"$166,988,956",https://www.cms.gov/newsroom/press-releases/cms-announces-50-billion-awards-strengthen-rural-health-all-50-states,2026-08-27
CA,California,233639308,"$233,639,308",https://www.cms.gov/newsroom/press-releases/cms-announces-50-billion-awards-strengthen-rural-health-all-50-states,2026-08-27
CO,Colorado,200105604,"$200,105,604",https://www.cms.gov/newsroom/press-releases/cms-announces-50-billion-awards-strengthen-rural-health-all-50-states,2026-08-27
CT,Connecticut,154249106,"$154,249,106",https://www.cms.gov/newsroom/press-releases/cms-announces-50-billion-awards-strengthen-rural-health-all-50-states,2026-08-27
DE,Delaware,157394964,"$157,394,964",https://www.cms.gov/newsroom/press-releases/cms-announces-50-billion-awards-strengthen-rural-health-all-50-states,2026-08-27
FL,Florida,209938195,"$209,938,195",https://www.cms.gov/newsroom/press-releases/cms-announces-50-billion-awards-strengthen-rural-health-all-50-states,2026-08-27
GA,Georgia,218862170,"$218,862,170",https://www.cms.gov/newsroom/press-releases/cms-announces-50-billion-awards-strengthen-rural-health-all-50-states,2026-08-27
HI,Hawaii,188892440,"$188,892,440",https://www.cms.gov/newsroom/press-releases/cms-announces-50-billion-awards-strengthen-rural-health-all-50-states,2026-08-27
IA,Iowa,209040064,"$209,040,064",https://www.cms.gov/newsroom/press-releases/cms-announces-50-billion-awards-strengthen-rural-health-all-50-states,2026-08-27
ID,Idaho,185974368,"$185,974,368",https://www.cms.gov/newsroom/press-releases/cms-announces-50-billion-awards-strengthen-rural-health-all-50-states,2026-08-27
IL,Illinois,193418216,"$193,418,216",https://www.cms.gov/newsroom/press-releases/cms-announces-50-billion-awards-strengthen-rural-health-all-50-states,2026-08-27
IN,Indiana,206927897,"$206,927,897",https://www.cms.gov/newsroom/press-releases/cms-announces-50-billion-awards-strengthen-rural-health-all-50-states,2026-08-27
KS,Kansas,221898008,"$221,898,008",https://www.cms.gov/newsroom/press-releases/cms-announces-50-billion-awards-strengthen-rural-health-all-50-states,2026-08-27
KY,Kentucky,212905591,"$212,905,591",https://www.cms.gov/newsroom/press-releases/cms-announces-50-billion-awards-strengthen-rural-health-all-50-states,2026-08-27
LA,Louisiana,208374448,"$208,374,448",https://www.cms.gov/newsroom/press-releases/cms-announces-50-billion-awards-strengthen-rural-health-all-50-states,2026-08-27
MA,Massachusetts,162005238,"$162,005,238",https://www.cms.gov/newsroom/press-releases/cms-announces-50-billion-awards-strengthen-rural-health-all-50-states,2026-08-27
MD,Maryland,168180838,"$168,180,838",https://www.cms.gov/newsroom/press-releases/cms-announces-50-billion-awards-strengthen-rural-health-all-50-states,2026-08-27
ME,Maine,190008051,"$190,008,051",https://www.cms.gov/newsroom/press-releases/cms-announces-50-billion-awards-strengthen-rural-health-all-50-states,2026-08-27
MI,Michigan,173128201,"$173,128,201",https://www.cms.gov/newsroom/press-releases/cms-announces-50-billion-awards-strengthen-rural-health-all-50-states,2026-08-27
MN,Minnesota,193090618,"$193,090,618",https://www.cms.gov/newsroom/press-releases/cms-announces-50-billion-awards-strengthen-rural-health-all-50-states,2026-08-27
MO,Missouri,216276818,"$216,276,818",https://www.cms.gov/newsroom/press-releases/cms-announces-50-billion-awards-strengthen-rural-health-all-50-states,2026-08-27
MS,Mississippi,205907220,"$205,907,220",https://www.cms.gov/newsroom/press-releases/cms-announces-50-billion-awards-strengthen-rural-health-all-50-states,2026-08-27
MT,Montana,233509359,"$233,509,359",https://www.cms.gov/newsroom/press-releases/cms-announces-50-billion-awards-strengthen-rural-health-all-50-states,2026-08-27
NC,North Carolina,213008356,"$213,008,356",https://www.cms.gov/newsroom/press-releases/cms-announces-50-billion-awards-strengthen-rural-health-all-50-states,2026-08-27
ND,North Dakota,198936970,"$198,936,970",https://www.cms.gov/newsroom/press-releases/cms-announces-50-billion-awards-strengthen-rural-health-all-50-states,2026-08-27
NE,Nebraska,218529075,"$218,529,075",https://www.cms.gov/newsroom/press-releases/cms-announces-50-billion-awards-strengthen-rural-health-all-50-states,2026-08-27
NH,New Hampshire,204016550,"$204,016,550",https://www.cms.gov/newsroom/press-releases/cms-announces-50-billion-awards-strengthen-rural-health-all-50-states,2026-08-27
NJ,New Jersey,147250806,"$147,250,806",https://www.cms.gov/newsroom/press-releases/cms-announces-50-billion-awards-strengthen-rural-health-all-50-states,2026-08-27
NM,New Mexico,211484741,"$211,484,741",https://www.cms.gov/newsroom/press-releases/cms-announces-50-billion-awards-strengthen-rural-health-all-50-states,2026-08-27
NV,Nevada,179931608,"$179,931,608",https://www.cms.gov/newsroom/press-releases/cms-announces-50-billion-awards-strengthen-rural-health-all-50-states,2026-08-27
NY,New York,212058208,"$212,058,208",https://www.cms.gov/newsroom/press-releases/cms-announces-50-billion-awards-strengthen-rural-health-all-50-states,2026-08-27
OH,Ohio,202030262,"$202,030,262",https://www.cms.gov/newsroom/press-releases/cms-announces-50-billion-awards-strengthen-rural-health-all-50-states,2026-08-27
OK,Oklahoma,223476949,"$223,476,949",https://www.cms.gov/newsroom/press-releases/cms-announces-50-billion-awards-strengthen-rural-health-all-50-states,2026-08-27
OR,Oregon,197271578,"$197,271,578",https://www.cms.gov/newsroom/press-releases/cms-announces-50-billion-awards-strengthen-rural-health-all-50-states,2026-08-27
PA,Pennsylvania,193294054,"$193,294,054",https://www.cms.gov/newsroom/press-releases/cms-announces-50-billion-awards-strengthen-rural-health-all-50-states,2026-08-27
RI,Rhode Island,156169931,"$156,169,931",https://www.cms.gov/newsroom/press-releases/cms-announces-50-billion-awards-strengthen-rural-health-all-50-states,2026-08-27
SC,South Carolina,200030252,"$200,030,252",https://www.cms.gov/newsroom/press-releases/cms-announces-50-billion-awards-strengthen-rural-health-all-50-states,2026-08-27
SD,South Dakota,189477607,"$189,477,607",https://www.cms.gov/newsroom/press-releases/cms-announces-50-billion-awards-strengthen-rural-health-all-50-states,2026-08-27
TN,Tennessee,206888882,"$206,888,882",https://www.cms.gov/newsroom/press-releases/cms-announces-50-billion-awards-strengthen-rural-health-all-50-states,2026-08-27
TX,Texas,281319361,"$281,319,361",https://www.cms.gov/newsroom/press-releases/cms-announces-50-billion-awards-strengthen-rural-health-all-50-states,2026-08-27
UT,Utah,195743566,"$195,743,566",https://www.cms.gov/newsroom/press-releases/cms-announces-50-billion-awards-strengthen-rural-health-all-50-states,2026-08-27
VA,Virginia,189544888,"$189,544,888",https://www.cms.gov/newsroom/press-releases/cms-announces-50-billion-awards-strengthen-rural-health-all-50-states,2026-08-27
VT,Vermont,195053740,"$195,053,740",https://www.cms.gov/newsroom/press-releases/cms-announces-50-billion-awards-strengthen-rural-health-all-50-states,2026-08-27
WA,Washington,181257515,"$181,257,515",https://www.cms.gov/newsroom/press-releases/cms-announces-50-billion-awards-strengthen-rural-health-all-50-states,2026-08-27
WI,Wisconsin,203670005,"$203,670,005",https://www.cms.gov/newsroom/press-releases/cms-announces-50-billion-awards-strengthen-rural-health-all-50-states,2026-08-27
WV,West Virginia,199476099,"$199,476,099",https://www.cms.gov/newsroom/press-releases/cms-announces-50-billion-awards-strengthen-rural-health-all-50-states,2026-08-27
WY,Wyoming,205004743,"$205,004,743",https://www.cms.gov/newsroom/press-releases/cms-announces-50-billion-awards-strengthen-rural-health-all-50-states,2026-08-27
