state,row_no,awardee,amount,recipient_type,distributed_to_hospital,note,recipient_confirmed,amount_confirmed,fiscal_year,source_document_title,state_source_url,validation_source_type,extraction_method,validator,ccn,aha_id,rural_designation,reviewer,recipient_type_source,determination_confidence,flag_reason,award_pool,budget_period,flow_type,hospital_benefiting,hospital_attribution,determination_basis,classification_rule,source_archive_path
MD,1,Allegany County Health Department,1674661,LOCAL_GOVT_OR_PUBLIC_HEALTH,No,"This project aims to modernize data infrastructure and address health disparities in rural Maryland through the implementation of a meaningful use Electronic Health Record (EHR) system, a specialized EHR module designed for inpatient substance use disorder facilities within the Behavioral Health divisions of Allegany and Kent counties, dental practice management software platform and closed-loop referrals.",Yes,No,FY2026,"Maryland Rural Health Transformation Program Pillar 2: Promote Sustainable Access and Innovative Care Transformation Funds Award Offers, Budget Period 1",https://health.maryland.gov/pophealth/Documents/Rural%20Health/RHTP/Pillar-2-Transformation-Fund-BP1-Award-Offers.pdf,NOTICE_OF_INTENT_TO_AWARD,DIRECT_TEXT,AUTO,,,,,DERIVED_FROM_NAME,HIGH,,PILLAR2_TRANSFORMATION_FUND,BP1,NON_HOSPITAL,No,NOT_HOSPITAL,"Recipient name rule: county or city health department, a local public health body. §10.2 NON_HOSPITAL: the named recipient is not a hospital (§0.3a -- judged on the recipient, not the activity), and the source does not mention hospitals anywhere in the funded work.",PATTERN,data/evidence/MD/2026-08-29_mdh_pillar2_transformation_fund_bp1_award_offers.pdf
MD,2,Calvert County Health Department,1504451,LOCAL_GOVT_OR_PUBLIC_HEALTH,No,"There are three key components: the first focuses on upstream prevention through community training, while the second key component embeds Care Navigators in primary care clinics to facilitate early identification and integrated behavioral treatment. The third key component optimizes the clinical workforce by delegating routine assessments to graduate interns and using cost-savings metrics to establish financial sustainability for crisis infrastructure.",Yes,No,FY2026,"Maryland Rural Health Transformation Program Pillar 2: Promote Sustainable Access and Innovative Care Transformation Funds Award Offers, Budget Period 1",https://health.maryland.gov/pophealth/Documents/Rural%20Health/RHTP/Pillar-2-Transformation-Fund-BP1-Award-Offers.pdf,NOTICE_OF_INTENT_TO_AWARD,DIRECT_TEXT,AUTO,,,,,DERIVED_FROM_NAME,HIGH,,PILLAR2_TRANSFORMATION_FUND,BP1,NON_HOSPITAL,No,NOT_HOSPITAL,"Recipient name rule: county or city health department, a local public health body. §10.2 NON_HOSPITAL: the named recipient is not a hospital (§0.3a -- judged on the recipient, not the activity), and the source does not mention hospitals anywhere in the funded work.",PATTERN,data/evidence/MD/2026-08-29_mdh_pillar2_transformation_fund_bp1_award_offers.pdf
MD,3,Carroll County Health Department,4358127,LOCAL_GOVT_OR_PUBLIC_HEALTH,No,"The CHAIN-LINC project aims to transform rural healthcare in Carroll County, Maryland, by addressing systemic barriers to care. Key",Yes,No,FY2026,"Maryland Rural Health Transformation Program Pillar 2: Promote Sustainable Access and Innovative Care Transformation Funds Award Offers, Budget Period 1",https://health.maryland.gov/pophealth/Documents/Rural%20Health/RHTP/Pillar-2-Transformation-Fund-BP1-Award-Offers.pdf,NOTICE_OF_INTENT_TO_AWARD,DIRECT_TEXT,AUTO,,,,,DERIVED_FROM_NAME,HIGH,,PILLAR2_TRANSFORMATION_FUND,BP1,NON_HOSPITAL,No,NOT_HOSPITAL,"Recipient name rule: county or city health department, a local public health body. §10.2 NON_HOSPITAL: the named recipient is not a hospital (§0.3a -- judged on the recipient, not the activity), and the source does not mention hospitals anywhere in the funded work.",PATTERN,data/evidence/MD/2026-08-29_mdh_pillar2_transformation_fund_bp1_award_offers.pdf
MD,4,Cecil County Health Department,2000000,LOCAL_GOVT_OR_PUBLIC_HEALTH,No,"This initiative is designed to address healthcare access barriers and system fragmentation in rural Cecil County by implementing a coordinated, community-based system of care. Key components include establishment of a community health worker (CHW) network, mobile screenings and chronic disease management, mobile integrated health, development of a maternal care plan, and closed-loop referrals.",Yes,No,FY2026,"Maryland Rural Health Transformation Program Pillar 2: Promote Sustainable Access and Innovative Care Transformation Funds Award Offers, Budget Period 1",https://health.maryland.gov/pophealth/Documents/Rural%20Health/RHTP/Pillar-2-Transformation-Fund-BP1-Award-Offers.pdf,NOTICE_OF_INTENT_TO_AWARD,DIRECT_TEXT,AUTO,,,,,DERIVED_FROM_NAME,HIGH,,PILLAR2_TRANSFORMATION_FUND,BP1,NON_HOSPITAL,No,NOT_HOSPITAL,"Recipient name rule: county or city health department, a local public health body. §10.2 NON_HOSPITAL: the named recipient is not a hospital (§0.3a -- judged on the recipient, not the activity), and the source does not mention hospitals anywhere in the funded work.",PATTERN,data/evidence/MD/2026-08-29_mdh_pillar2_transformation_fund_bp1_award_offers.pdf
MD,5,Center for a Healthy Maryland Inc,1935651,NONPROFIT_CBO,No,"The PRISM (AI-Enabled Rural Brain Health Navigation) project is a community-based initiative designed to improve dementia-related care in rural Maryland for adults aged 50 and older. Key components include AI-enabled risk stratification, health monitoring, navigator follow-up, and nutrition and adherence support.",Yes,No,FY2026,"Maryland Rural Health Transformation Program Pillar 2: Promote Sustainable Access and Innovative Care Transformation Funds Award Offers, Budget Period 1",https://health.maryland.gov/pophealth/Documents/Rural%20Health/RHTP/Pillar-2-Transformation-Fund-BP1-Award-Offers.pdf,NOTICE_OF_INTENT_TO_AWARD,DIRECT_TEXT,AUTO,,,,,DERIVED_FROM_NAME,LOW,RECIPIENT_TYPE_INFERRED,PILLAR2_TRANSFORMATION_FUND,BP1,NON_HOSPITAL,No,NOT_HOSPITAL,"Recipient is named but the source does not state its organisational form; §8 settled fallback (session 10). §10.2 NON_HOSPITAL: the named recipient is not a hospital (§0.3a -- judged on the recipient, not the activity), and the source does not mention hospitals anywhere in the funded work.",FALLBACK,data/evidence/MD/2026-08-29_mdh_pillar2_transformation_fund_bp1_award_offers.pdf
MD,6,Charles County Department of Health,511347,LOCAL_GOVT_OR_PUBLIC_HEALTH,No,"The project aims to establish an integrated rural oral healthcare model to address provider shortages, transportation barriers, and high costs through expansion of preventive, restorative, and specialty care; in-house 3D digital printing for dentures and prosthetics; and care coordination.",Yes,No,FY2026,"Maryland Rural Health Transformation Program Pillar 2: Promote Sustainable Access and Innovative Care Transformation Funds Award Offers, Budget Period 1",https://health.maryland.gov/pophealth/Documents/Rural%20Health/RHTP/Pillar-2-Transformation-Fund-BP1-Award-Offers.pdf,NOTICE_OF_INTENT_TO_AWARD,DIRECT_TEXT,AUTO,,,,,DERIVED_FROM_NAME,HIGH,,PILLAR2_TRANSFORMATION_FUND,BP1,NON_HOSPITAL,No,NOT_HOSPITAL,"Recipient name rule: county or city health department, a local public health body. §10.2 NON_HOSPITAL: the named recipient is not a hospital (§0.3a -- judged on the recipient, not the activity), and the source does not mention hospitals anywhere in the funded work.",PATTERN,data/evidence/MD/2026-08-29_mdh_pillar2_transformation_fund_bp1_award_offers.pdf
MD,7,Chester River Health System Inc (UM Shore Regional),4913250,HOSPITAL_OR_SYSTEM,Yes,"RISE-PC aims to shift primary care delivery in eight rural counties from a fragmented, episodic model to an integrated, team-based, and value-based system. Key components include recruitment of primary care clinicians and a multidisciplinary workforce, integrated behavioral health, care navigation and social care coordination, practice transformation coaches, regional learning collaboratives, telehealth, and closed-loop referrals.",Yes,No,FY2026,"Maryland Rural Health Transformation Program Pillar 2: Promote Sustainable Access and Innovative Care Transformation Funds Award Offers, Budget Period 1",https://health.maryland.gov/pophealth/Documents/Rural%20Health/RHTP/Pillar-2-Transformation-Fund-BP1-Award-Offers.pdf,NOTICE_OF_INTENT_TO_AWARD,DIRECT_TEXT,AUTO,,,,,DERIVED_FROM_NAME,MEDIUM,,PILLAR2_TRANSFORMATION_FUND,BP1,DIRECT,Yes,NAMED_HOSPITAL,Recipient name rule: name states a health system. §10.2 DIRECT: the named recipient is a hospital or hospital system and the state's award document names both the recipient and the amount.,PATTERN,data/evidence/MD/2026-08-29_mdh_pillar2_transformation_fund_bp1_award_offers.pdf
MD,8,Choptank Community Health System Inc,1976042,HOSPITAL_OR_SYSTEM,Yes,"The project seeks to transition from a reactive, fee-for-service model to a proactive, value-based care system to improve health outcomes and reduce total cost of care. Key components include expansion of CHW",Yes,No,FY2026,"Maryland Rural Health Transformation Program Pillar 2: Promote Sustainable Access and Innovative Care Transformation Funds Award Offers, Budget Period 1",https://health.maryland.gov/pophealth/Documents/Rural%20Health/RHTP/Pillar-2-Transformation-Fund-BP1-Award-Offers.pdf,NOTICE_OF_INTENT_TO_AWARD,DIRECT_TEXT,AUTO,,,,,DERIVED_FROM_NAME,MEDIUM,,PILLAR2_TRANSFORMATION_FUND,BP1,DIRECT,Yes,NAMED_HOSPITAL,Recipient name rule: name states a health system. §10.2 DIRECT: the named recipient is a hospital or hospital system and the state's award document names both the recipient and the amount.,PATTERN,data/evidence/MD/2026-08-29_mdh_pillar2_transformation_fund_bp1_award_offers.pdf
MD,9,Community Education Group,5745751,NONPROFIT_CBO,No,"The initiative is designed to transform rural health delivery by establishing Regional Care Coordination Center (RCCC) hubs. These centers provide centralized access to clinical care, maternal-focused services, and social service referrals, addressing significant regional barriers such as provider shortages, poverty, and transportation challenges.",Yes,No,FY2026,"Maryland Rural Health Transformation Program Pillar 2: Promote Sustainable Access and Innovative Care Transformation Funds Award Offers, Budget Period 1",https://health.maryland.gov/pophealth/Documents/Rural%20Health/RHTP/Pillar-2-Transformation-Fund-BP1-Award-Offers.pdf,NOTICE_OF_INTENT_TO_AWARD,DIRECT_TEXT,AUTO,,,,,DERIVED_FROM_NAME,LOW,RECIPIENT_TYPE_INFERRED,PILLAR2_TRANSFORMATION_FUND,BP1,NON_HOSPITAL,No,NOT_HOSPITAL,"Recipient is named but the source does not state its organisational form; §8 settled fallback (session 10). §10.2 NON_HOSPITAL: the named recipient is not a hospital (§0.3a -- judged on the recipient, not the activity), and the source does not mention hospitals anywhere in the funded work.",FALLBACK,data/evidence/MD/2026-08-29_mdh_pillar2_transformation_fund_bp1_award_offers.pdf
MD,10,Cornerstone Southern Maryland,1000000,NONPROFIT_CBO,No,"The project addresses a critical distribution failure in behavioral health care. Rather than constructing new facilities, the mobile clinic will bring psychiatric care, therapy, Medication for Opioid Use Disorder (MOUD), peer support, and care coordination directly to underserved rural communities.",Yes,No,FY2026,"Maryland Rural Health Transformation Program Pillar 2: Promote Sustainable Access and Innovative Care Transformation Funds Award Offers, Budget Period 1",https://health.maryland.gov/pophealth/Documents/Rural%20Health/RHTP/Pillar-2-Transformation-Fund-BP1-Award-Offers.pdf,NOTICE_OF_INTENT_TO_AWARD,DIRECT_TEXT,AUTO,,,,,DERIVED_FROM_NAME,LOW,RECIPIENT_TYPE_INFERRED,PILLAR2_TRANSFORMATION_FUND,BP1,NON_HOSPITAL,No,NOT_HOSPITAL,"Recipient is named but the source does not state its organisational form; §8 settled fallback (session 10). §10.2 NON_HOSPITAL: the named recipient is not a hospital (§0.3a -- judged on the recipient, not the activity), and the source does not mention hospitals anywhere in the funded work.",FALLBACK,data/evidence/MD/2026-08-29_mdh_pillar2_transformation_fund_bp1_award_offers.pdf
MD,11,For All Seasons Inc,466000,NONPROFIT_CBO,No,"For All Seasons, Inc. is a behavioral health and rape crisis center serving Maryland's Mid-Shore since 1986. The CARE Initiative aims to modernize the agency's technology infrastructure to transform rural behavioral health care delivery. Key components include telehealth, standardized screening and assessment tools closed-loop referrals, AI-enabled workflows, and data infrastructure improvements.",Yes,No,FY2026,"Maryland Rural Health Transformation Program Pillar 2: Promote Sustainable Access and Innovative Care Transformation Funds Award Offers, Budget Period 1",https://health.maryland.gov/pophealth/Documents/Rural%20Health/RHTP/Pillar-2-Transformation-Fund-BP1-Award-Offers.pdf,NOTICE_OF_INTENT_TO_AWARD,DIRECT_TEXT,AUTO,,,,,DERIVED_FROM_NAME,LOW,RECIPIENT_TYPE_INFERRED,PILLAR2_TRANSFORMATION_FUND,BP1,NON_HOSPITAL,No,NOT_HOSPITAL,"Recipient is named but the source does not state its organisational form; §8 settled fallback (session 10). §10.2 NON_HOSPITAL: the named recipient is not a hospital (§0.3a -- judged on the recipient, not the activity), and the source does not mention hospitals anywhere in the funded work.",FALLBACK,data/evidence/MD/2026-08-29_mdh_pillar2_transformation_fund_bp1_award_offers.pdf
MD,12,Frederick Memorial Hospital,3948645,HOSPITAL_OR_SYSTEM,Yes,"The initiative aims to expand equitable access to primary, behavioral, and specialty care, along with coordinated supportive services. Key components include establishment of a prevention, outreach, and navigation community hub; expansion of primary and specialty care, paramedicine, creation of a behavioral health continuum of care, data integration and closed-loop referrals, and alignment with value-based care.",Yes,No,FY2026,"Maryland Rural Health Transformation Program Pillar 2: Promote Sustainable Access and Innovative Care Transformation Funds Award Offers, Budget Period 1",https://health.maryland.gov/pophealth/Documents/Rural%20Health/RHTP/Pillar-2-Transformation-Fund-BP1-Award-Offers.pdf,NOTICE_OF_INTENT_TO_AWARD,DIRECT_TEXT,AUTO,,,,,DERIVED_FROM_NAME,HIGH,,PILLAR2_TRANSFORMATION_FUND,BP1,DIRECT,Yes,NAMED_HOSPITAL,Recipient name rule: name states a hospital. §10.2 DIRECT: the named recipient is a hospital or hospital system and the state's award document names both the recipient and the amount.,PATTERN,data/evidence/MD/2026-08-29_mdh_pillar2_transformation_fund_bp1_award_offers.pdf
MD,13,Frostburg Housing Authority,997346,NONPROFIT_CBO,No,"The project aims to address health disparities in Allegany and Garrett Counties, a rural region facing significant behavioral health shortages, geographic isolation, transportation barriers, and low healthcare",Yes,No,FY2026,"Maryland Rural Health Transformation Program Pillar 2: Promote Sustainable Access and Innovative Care Transformation Funds Award Offers, Budget Period 1",https://health.maryland.gov/pophealth/Documents/Rural%20Health/RHTP/Pillar-2-Transformation-Fund-BP1-Award-Offers.pdf,NOTICE_OF_INTENT_TO_AWARD,DIRECT_TEXT,AUTO,,,,,DERIVED_FROM_NAME,LOW,RECIPIENT_TYPE_INFERRED,PILLAR2_TRANSFORMATION_FUND,BP1,NON_HOSPITAL,No,NOT_HOSPITAL,"Recipient is named but the source does not state its organisational form; §8 settled fallback (session 10). §10.2 NON_HOSPITAL: the named recipient is not a hospital (§0.3a -- judged on the recipient, not the activity), and the source does not mention hospitals anywhere in the funded work.",FALLBACK,data/evidence/MD/2026-08-29_mdh_pillar2_transformation_fund_bp1_award_offers.pdf
MD,14,Garrett Regional Medical Center,1682177,HOSPITAL_OR_SYSTEM,Yes,"Targeting vulnerable, isolated, and low-income populations in rural Garrett County and western Allegany County, Maryland, the program shifts the traditional reactive healthcare model toward proactive prevention. Key components include mobile cancer and chronic disease screenings, remote patient monitoring, direct patient transportation, and a one-stop health hub.",Yes,No,FY2026,"Maryland Rural Health Transformation Program Pillar 2: Promote Sustainable Access and Innovative Care Transformation Funds Award Offers, Budget Period 1",https://health.maryland.gov/pophealth/Documents/Rural%20Health/RHTP/Pillar-2-Transformation-Fund-BP1-Award-Offers.pdf,NOTICE_OF_INTENT_TO_AWARD,DIRECT_TEXT,AUTO,,,,,DERIVED_FROM_NAME,HIGH,,PILLAR2_TRANSFORMATION_FUND,BP1,DIRECT,Yes,NAMED_HOSPITAL,Recipient name rule: name states a medical center. §10.2 DIRECT: the named recipient is a hospital or hospital system and the state's award document names both the recipient and the amount.,PATTERN,data/evidence/MD/2026-08-29_mdh_pillar2_transformation_fund_bp1_award_offers.pdf
MD,15,Greater Baden Medical Services Inc,1448100,NONPROFIT_CBO,No,"The project aims to reduce barriers to care, such as transportation issues, limited provider availability, and fragmented referral pathways. Key components include expanded primary care and integrated behavioral health, care coordination and closed-loop referrals, pharmacist-led counseling, and remote patient monitoring.",Yes,No,FY2026,"Maryland Rural Health Transformation Program Pillar 2: Promote Sustainable Access and Innovative Care Transformation Funds Award Offers, Budget Period 1",https://health.maryland.gov/pophealth/Documents/Rural%20Health/RHTP/Pillar-2-Transformation-Fund-BP1-Award-Offers.pdf,NOTICE_OF_INTENT_TO_AWARD,DIRECT_TEXT,AUTO,,,,,DERIVED_FROM_NAME,LOW,RECIPIENT_TYPE_INFERRED,PILLAR2_TRANSFORMATION_FUND,BP1,NON_HOSPITAL,No,NOT_HOSPITAL,"Recipient is named but the source does not state its organisational form; §8 settled fallback (session 10). §10.2 NON_HOSPITAL: the named recipient is not a hospital (§0.3a -- judged on the recipient, not the activity), and the source does not mention hospitals anywhere in the funded work.",FALLBACK,data/evidence/MD/2026-08-29_mdh_pillar2_transformation_fund_bp1_award_offers.pdf
MD,16,Kennedy Krieger Institute,1000000,NONPROFIT_CBO,No,"The program aims to establish a unified virtual and mobile front door to specialized pediatric care, bypassing traditional barriers such as long wait times, lack of local specialists, and transportation difficulties. With intended multi-year expansion, the project aims to serve as a permanent pediatric specialty front door for all 18 rural Maryland counties.",Yes,No,FY2026,"Maryland Rural Health Transformation Program Pillar 2: Promote Sustainable Access and Innovative Care Transformation Funds Award Offers, Budget Period 1",https://health.maryland.gov/pophealth/Documents/Rural%20Health/RHTP/Pillar-2-Transformation-Fund-BP1-Award-Offers.pdf,NOTICE_OF_INTENT_TO_AWARD,DIRECT_TEXT,AUTO,,,,,DERIVED_FROM_NAME,LOW,RECIPIENT_TYPE_INFERRED,PILLAR2_TRANSFORMATION_FUND,BP1,NON_HOSPITAL,No,NOT_HOSPITAL,"Recipient is named but the source does not state its organisational form; §8 settled fallback (session 10). §10.2 NON_HOSPITAL: the named recipient is not a hospital (§0.3a -- judged on the recipient, not the activity), and the source does not mention hospitals anywhere in the funded work.",FALLBACK,data/evidence/MD/2026-08-29_mdh_pillar2_transformation_fund_bp1_award_offers.pdf
MD,17,Kent County Health Department,562596,LOCAL_GOVT_OR_PUBLIC_HEALTH,No,"KCHD aims to establish a central hub for addiction services at the A.F. Whitsitt Center, providing a ""full life cycle"" of care. Proposed services include development of an ASAM Level 3.1 Inpatient Residential Facility and an Opioid Treatment Program.",Yes,No,FY2026,"Maryland Rural Health Transformation Program Pillar 2: Promote Sustainable Access and Innovative Care Transformation Funds Award Offers, Budget Period 1",https://health.maryland.gov/pophealth/Documents/Rural%20Health/RHTP/Pillar-2-Transformation-Fund-BP1-Award-Offers.pdf,NOTICE_OF_INTENT_TO_AWARD,DIRECT_TEXT,AUTO,,,,,DERIVED_FROM_NAME,HIGH,,PILLAR2_TRANSFORMATION_FUND,BP1,NON_HOSPITAL,No,NOT_HOSPITAL,"Recipient name rule: county or city health department, a local public health body. §10.2 NON_HOSPITAL: the named recipient is not a hospital (§0.3a -- judged on the recipient, not the activity), and the source does not mention hospitals anywhere in the funded work.",PATTERN,data/evidence/MD/2026-08-29_mdh_pillar2_transformation_fund_bp1_award_offers.pdf
MD,18,Lower Shore Clinic Inc aka HealthPort,621612,NONPROFIT_CBO,No,"HealthPort, a Maryland-based nonprofit Certified Community Behavioral Health Clinic (CCBHC), proposes to expand its Assertive Community Treatment (ACT) services to improve behavioral health outcomes in Worcester and Somerset Counties. The project aims to transition from fragmented, emergency-driven care to a preventive, community-based model for individuals with serious mental illness",Yes,No,FY2026,"Maryland Rural Health Transformation Program Pillar 2: Promote Sustainable Access and Innovative Care Transformation Funds Award Offers, Budget Period 1",https://health.maryland.gov/pophealth/Documents/Rural%20Health/RHTP/Pillar-2-Transformation-Fund-BP1-Award-Offers.pdf,NOTICE_OF_INTENT_TO_AWARD,DIRECT_TEXT,AUTO,,,,,DERIVED_FROM_NAME,LOW,RECIPIENT_TYPE_INFERRED,PILLAR2_TRANSFORMATION_FUND,BP1,NON_HOSPITAL,No,NOT_HOSPITAL,"Recipient is named but the source does not state its organisational form; §8 settled fallback (session 10). §10.2 NON_HOSPITAL: the named recipient is not a hospital (§0.3a -- judged on the recipient, not the activity), and the source does not mention hospitals anywhere in the funded work.",FALLBACK,data/evidence/MD/2026-08-29_mdh_pillar2_transformation_fund_bp1_award_offers.pdf
MD,19,MedStar St. Mary's Inc,2522586,NONPROFIT_CBO,No,"The initiative establishes a system-wide mobile and virtual delivery network to deploy medical services directly into historically underserved communities. The operational structure features five key components, including the deployment of a mobile health unit, the equipment of community telehealth hubs, the integration of embedded CHWs, a virtual geriatrics care model, and around-the-clock behavioral health care coordination.",Yes,No,FY2026,"Maryland Rural Health Transformation Program Pillar 2: Promote Sustainable Access and Innovative Care Transformation Funds Award Offers, Budget Period 1",https://health.maryland.gov/pophealth/Documents/Rural%20Health/RHTP/Pillar-2-Transformation-Fund-BP1-Award-Offers.pdf,NOTICE_OF_INTENT_TO_AWARD,DIRECT_TEXT,AUTO,,,,,DERIVED_FROM_NAME,LOW,RECIPIENT_TYPE_INFERRED,PILLAR2_TRANSFORMATION_FUND,BP1,NON_HOSPITAL,No,NOT_HOSPITAL,"Recipient is named but the source does not state its organisational form; §8 settled fallback (session 10). §10.2 NON_HOSPITAL: the named recipient is not a hospital (§0.3a -- judged on the recipient, not the activity), and the source does not mention hospitals anywhere in the funded work.",FALLBACK,data/evidence/MD/2026-08-29_mdh_pillar2_transformation_fund_bp1_award_offers.pdf
MD,20,Meritus Health Center,3583406,NONPROFIT_CBO,No,"This proposal targets primary care shortages and high care costs through three initiatives: establishment of a precision medicine clinic to offer advanced diagnostics and preventive care plans, recruitment of five primary care providers, and development and deployment of the ""All-In-Health"" Model, an innovative value-based payment framework extending financial and quality accountability across hospital, physician, and post-acute settings.",Yes,No,FY2026,"Maryland Rural Health Transformation Program Pillar 2: Promote Sustainable Access and Innovative Care Transformation Funds Award Offers, Budget Period 1",https://health.maryland.gov/pophealth/Documents/Rural%20Health/RHTP/Pillar-2-Transformation-Fund-BP1-Award-Offers.pdf,NOTICE_OF_INTENT_TO_AWARD,DIRECT_TEXT,AUTO,,,,,DERIVED_FROM_NAME,LOW,RECIPIENT_TYPE_INFERRED,PILLAR2_TRANSFORMATION_FUND,BP1,IN_KIND_BENEFIT,Yes,NOT_HOSPITAL,"Recipient is named but the source does not state its organisational form; §8 settled fallback (session 10). §10.2 IN_KIND_BENEFIT: the recipient is not a hospital and keeps the funds, and the source names hospitals among the parties the funded work serves. These dollars must never enter a 'funds distributed to hospitals' total; they are kept visible rather than discarded.",FALLBACK,data/evidence/MD/2026-08-29_mdh_pillar2_transformation_fund_bp1_award_offers.pdf
MD,21,Mid-Shore Behavioral Health Inc,1800000,NONPROFIT_CBO,No,"MSBH, serving as the lead entity and Core Service Agency for Caroline, Dorchester, Kent, Queen Anne’s, and Talbot counties, proposes a regional collaborative to address behavioral health barriers in Maryland's rural mid-shore region. The initiative targets underserved populations, including youth at risk of suicide, adults with serious mental illness, and individuals involved with the justice system.",Yes,No,FY2026,"Maryland Rural Health Transformation Program Pillar 2: Promote Sustainable Access and Innovative Care Transformation Funds Award Offers, Budget Period 1",https://health.maryland.gov/pophealth/Documents/Rural%20Health/RHTP/Pillar-2-Transformation-Fund-BP1-Award-Offers.pdf,NOTICE_OF_INTENT_TO_AWARD,DIRECT_TEXT,AUTO,,,,,DERIVED_FROM_NAME,LOW,RECIPIENT_TYPE_INFERRED,PILLAR2_TRANSFORMATION_FUND,BP1,NON_HOSPITAL,No,NOT_HOSPITAL,"Recipient is named but the source does not state its organisational form; §8 settled fallback (session 10). §10.2 NON_HOSPITAL: the named recipient is not a hospital (§0.3a -- judged on the recipient, not the activity), and the source does not mention hospitals anywhere in the funded work.",FALLBACK,data/evidence/MD/2026-08-29_mdh_pillar2_transformation_fund_bp1_award_offers.pdf
MD,22,Mountain Laurel Medical Center,1058750,HOSPITAL_OR_SYSTEM,Yes,"Mountain Laurel Medical Center (MLMC), a Federally Qualified Health Center (FQHC), proposes the Rural Integrated Oral Health Access Initiative to address significant oral healthcare disparities in Garrett and Allegany Counties. The initiative aims to integrate preventive and restorative dental services into MLMC’s existing healthcare system to better serve underserved populations, including Medicaid recipients, low-income households, children, and older adults.",Yes,No,FY2026,"Maryland Rural Health Transformation Program Pillar 2: Promote Sustainable Access and Innovative Care Transformation Funds Award Offers, Budget Period 1",https://health.maryland.gov/pophealth/Documents/Rural%20Health/RHTP/Pillar-2-Transformation-Fund-BP1-Award-Offers.pdf,NOTICE_OF_INTENT_TO_AWARD,DIRECT_TEXT,AUTO,,,,,DERIVED_FROM_NAME,HIGH,,PILLAR2_TRANSFORMATION_FUND,BP1,DIRECT,Yes,NAMED_HOSPITAL,Recipient name rule: name states a medical center. §10.2 DIRECT: the named recipient is a hospital or hospital system and the state's award document names both the recipient and the amount.,PATTERN,data/evidence/MD/2026-08-29_mdh_pillar2_transformation_fund_bp1_award_offers.pdf
MD,23,MPhA Foundation,2399650,NONPROFIT_CBO,No,"The Maryland Pharmacists Association Foundation (MPhA Foundation) proposes establishment of the ""Maryland Interoperable Pharmacy Initiative"" (MIPI). This initiative aims to integrate approximately 20 rural Maryland community pharmacies into the state's clinical data infrastructure to improve chronic disease management.",Yes,No,FY2026,"Maryland Rural Health Transformation Program Pillar 2: Promote Sustainable Access and Innovative Care Transformation Funds Award Offers, Budget Period 1",https://health.maryland.gov/pophealth/Documents/Rural%20Health/RHTP/Pillar-2-Transformation-Fund-BP1-Award-Offers.pdf,NOTICE_OF_INTENT_TO_AWARD,DIRECT_TEXT,AUTO,,,,,DERIVED_FROM_NAME,LOW,RECIPIENT_TYPE_INFERRED,PILLAR2_TRANSFORMATION_FUND,BP1,NON_HOSPITAL,No,NOT_HOSPITAL,"Recipient is named but the source does not state its organisational form; §8 settled fallback (session 10). §10.2 NON_HOSPITAL: the named recipient is not a hospital (§0.3a -- judged on the recipient, not the activity), and the source does not mention hospitals anywhere in the funded work.",FALLBACK,data/evidence/MD/2026-08-29_mdh_pillar2_transformation_fund_bp1_award_offers.pdf
MD,24,St. Mary's County Health Department,3530907,LOCAL_GOVT_OR_PUBLIC_HEALTH,No,"St. Mary's 360 is a countywide initiative. It aims to redesign the delivery of healthcare, behavioral health, oral health, wellness services, and social supports. The initiative utilizes a ""Connected Care Everywhere"" framework, integrating services across schools, homes, emergency services, and community environments. Key components include community-integrated care coordination, closed-loop referrals, Mobile Integrated Health, and digital health literacy.",Yes,No,FY2026,"Maryland Rural Health Transformation Program Pillar 2: Promote Sustainable Access and Innovative Care Transformation Funds Award Offers, Budget Period 1",https://health.maryland.gov/pophealth/Documents/Rural%20Health/RHTP/Pillar-2-Transformation-Fund-BP1-Award-Offers.pdf,NOTICE_OF_INTENT_TO_AWARD,DIRECT_TEXT,AUTO,,,,,DERIVED_FROM_NAME,HIGH,,PILLAR2_TRANSFORMATION_FUND,BP1,NON_HOSPITAL,No,NOT_HOSPITAL,"Recipient name rule: county or city health department, a local public health body. §10.2 NON_HOSPITAL: the named recipient is not a hospital (§0.3a -- judged on the recipient, not the activity), and the source does not mention hospitals anywhere in the funded work.",PATTERN,data/evidence/MD/2026-08-29_mdh_pillar2_transformation_fund_bp1_award_offers.pdf
MD,25,Talbot Hospice Foundation Inc,29750,NONPROFIT_CBO,No,"Talbot Hospice proposes a technology-enabled initiative to improve palliative care coordination and remote patient monitoring (RPM) for rural patients with serious chronic illnesses in Talbot County, Maryland. Key components include deployment of a care management platform, care coordination, and remote patient monitoring.",Yes,No,FY2026,"Maryland Rural Health Transformation Program Pillar 2: Promote Sustainable Access and Innovative Care Transformation Funds Award Offers, Budget Period 1",https://health.maryland.gov/pophealth/Documents/Rural%20Health/RHTP/Pillar-2-Transformation-Fund-BP1-Award-Offers.pdf,NOTICE_OF_INTENT_TO_AWARD,DIRECT_TEXT,AUTO,,,,,DERIVED_FROM_NAME,LOW,RECIPIENT_TYPE_INFERRED,PILLAR2_TRANSFORMATION_FUND,BP1,NON_HOSPITAL,No,NOT_HOSPITAL,"Recipient is named but the source does not state its organisational form; §8 settled fallback (session 10). §10.2 NON_HOSPITAL: the named recipient is not a hospital (§0.3a -- judged on the recipient, not the activity), and the source does not mention hospitals anywhere in the funded work.",FALLBACK,data/evidence/MD/2026-08-29_mdh_pillar2_transformation_fund_bp1_award_offers.pdf
MD,26,The Beacon Institute Inc,860000,NONPROFIT_CBO,No,"The Beacon Institute, as the primary applicant, aims to establish a Sustainable Collaborative Post-Acute Integrated Network (MRN). The initiative focuses on transforming care in Maryland’s 18 rural counties by integrating nursing home care, reducing Medicare/Medicaid costs, and enhancing primary and behavioral care services.",Yes,No,FY2026,"Maryland Rural Health Transformation Program Pillar 2: Promote Sustainable Access and Innovative Care Transformation Funds Award Offers, Budget Period 1",https://health.maryland.gov/pophealth/Documents/Rural%20Health/RHTP/Pillar-2-Transformation-Fund-BP1-Award-Offers.pdf,NOTICE_OF_INTENT_TO_AWARD,DIRECT_TEXT,AUTO,,,,,DERIVED_FROM_NAME,LOW,RECIPIENT_TYPE_INFERRED,PILLAR2_TRANSFORMATION_FUND,BP1,NON_HOSPITAL,No,NOT_HOSPITAL,"Recipient is named but the source does not state its organisational form; §8 settled fallback (session 10). §10.2 NON_HOSPITAL: the named recipient is not a hospital (§0.3a -- judged on the recipient, not the activity), and the source does not mention hospitals anywhere in the funded work.",FALLBACK,data/evidence/MD/2026-08-29_mdh_pillar2_transformation_fund_bp1_award_offers.pdf
MD,27,TidalHealth,4911052,NONPROFIT_CBO,No,"The project addresses critical barriers such as provider shortages, transportation deficits, high chronic disease rates, and digital inequity. Key components include Epic-based risk stratification, expanding remote patient monitoring and telehealth, integrating standardized behavioral health screenings into primary care, enhancing",Yes,No,FY2026,"Maryland Rural Health Transformation Program Pillar 2: Promote Sustainable Access and Innovative Care Transformation Funds Award Offers, Budget Period 1",https://health.maryland.gov/pophealth/Documents/Rural%20Health/RHTP/Pillar-2-Transformation-Fund-BP1-Award-Offers.pdf,NOTICE_OF_INTENT_TO_AWARD,DIRECT_TEXT,AUTO,,,,,DERIVED_FROM_NAME,LOW,RECIPIENT_TYPE_INFERRED,PILLAR2_TRANSFORMATION_FUND,BP1,NON_HOSPITAL,No,NOT_HOSPITAL,"Recipient is named but the source does not state its organisational form; §8 settled fallback (session 10). §10.2 NON_HOSPITAL: the named recipient is not a hospital (§0.3a -- judged on the recipient, not the activity), and the source does not mention hospitals anywhere in the funded work.",FALLBACK,data/evidence/MD/2026-08-29_mdh_pillar2_transformation_fund_bp1_award_offers.pdf
MD,28,Washington County Community Action Council,149964,NONPROFIT_CBO,No,"Entitled ""Rooted and Resilient Washington County,"" the project seeks to address critical rural health disparities and transportation barriers in Washington County by expanding and optimizing the agency's existing Non-Emergency Medical Transportation (NEMT) program.",Yes,No,FY2026,"Maryland Rural Health Transformation Program Pillar 2: Promote Sustainable Access and Innovative Care Transformation Funds Award Offers, Budget Period 1",https://health.maryland.gov/pophealth/Documents/Rural%20Health/RHTP/Pillar-2-Transformation-Fund-BP1-Award-Offers.pdf,NOTICE_OF_INTENT_TO_AWARD,DIRECT_TEXT,AUTO,,,,,DERIVED_FROM_NAME,LOW,RECIPIENT_TYPE_INFERRED,PILLAR2_TRANSFORMATION_FUND,BP1,NON_HOSPITAL,No,NOT_HOSPITAL,"Recipient is named but the source does not state its organisational form; §8 settled fallback (session 10). §10.2 NON_HOSPITAL: the named recipient is not a hospital (§0.3a -- judged on the recipient, not the activity), and the source does not mention hospitals anywhere in the funded work.",FALLBACK,data/evidence/MD/2026-08-29_mdh_pillar2_transformation_fund_bp1_award_offers.pdf
MD,29,Worcester County Health Department,2600000,LOCAL_GOVT_OR_PUBLIC_HEALTH,No,"The proposed project focuses on expanding behavioral health services and sustainable healthcare access in Worcester County. Key components include care coordination, case management focused on seniors, expansion of school-based therapy, menopause education, physical wellness enhancements, and an ""Exercise is Medicine"" framework.",Yes,No,FY2026,"Maryland Rural Health Transformation Program Pillar 2: Promote Sustainable Access and Innovative Care Transformation Funds Award Offers, Budget Period 1",https://health.maryland.gov/pophealth/Documents/Rural%20Health/RHTP/Pillar-2-Transformation-Fund-BP1-Award-Offers.pdf,NOTICE_OF_INTENT_TO_AWARD,DIRECT_TEXT,AUTO,,,,,DERIVED_FROM_NAME,HIGH,,PILLAR2_TRANSFORMATION_FUND,BP1,NON_HOSPITAL,No,NOT_HOSPITAL,"Recipient name rule: county or city health department, a local public health body. §10.2 NON_HOSPITAL: the named recipient is not a hospital (§0.3a -- judged on the recipient, not the activity), and the source does not mention hospitals anywhere in the funded work.",PATTERN,data/evidence/MD/2026-08-29_mdh_pillar2_transformation_fund_bp1_award_offers.pdf
MD,30,Johns Hopkins University,6340198,UNIVERSITY_OR_AHC,No,"The proposed NAVIGATE-MD collaborative will create a statewide prehospital neurological triage platform integrating emergency medical services (EMS), teleneurology, and Maryland’s CRISP health information exchange infrastructure to speed early diagnosis, improve access to neurologic expertise, streamline prehospital destination decisions, reduce unnecessary utilization, and improve patient-centered outcomes for rural patients with acute neurological symptoms, for which diagnostic recognition can be delayed.",Yes,No,FY2026,"Maryland Rural Health Transformation Program Pillar 2: Promote Sustainable Access and Innovative Care Transformation Funds Award Offers, Budget Period 1",https://health.maryland.gov/pophealth/Documents/Rural%20Health/RHTP/Pillar-2-Transformation-Fund-BP1-Award-Offers.pdf,NOTICE_OF_INTENT_TO_AWARD,DIRECT_TEXT,AUTO,,,,,DERIVED_FROM_NAME,HIGH,,PILLAR2_TRANSFORMATION_FUND,BP1,NON_HOSPITAL,No,NOT_HOSPITAL,"Recipient name rule: name states a university or college. §10.2 NON_HOSPITAL: the named recipient is not a hospital (§0.3a -- judged on the recipient, not the activity), and the source does not mention hospitals anywhere in the funded work.",PATTERN,data/evidence/MD/2026-08-29_mdh_pillar2_transformation_fund_bp1_award_offers.pdf
MD,31,Children's Hospital,1100000,HOSPITAL_OR_SYSTEM,Yes,"The project aims to establish an integrated pediatric behavioral health ecosystem to address severe provider shortages and long wait times for youth ages 0-18 in rural Maryland. The program will launch in Southern Maryland and aims to subsequently expand statewide. Key components include integrating primary care through the evidence-based Collaborative Care Model (CoCM), establishing rapid evaluation and telepsychiatry workflows in rural emergency departments to reduce psychiatric boarding, expanding substance use treatment and Peer Recovery Coaches in emergency departments, care coordination, and",Yes,No,FY2026,"Maryland Rural Health Transformation Program Pillar 2: Promote Sustainable Access and Innovative Care Transformation Funds Award Offers, Budget Period 1",https://health.maryland.gov/pophealth/Documents/Rural%20Health/RHTP/Pillar-2-Transformation-Fund-BP1-Award-Offers.pdf,NOTICE_OF_INTENT_TO_AWARD,DIRECT_TEXT,AUTO,,,,,DERIVED_FROM_NAME,HIGH,,PILLAR2_TRANSFORMATION_FUND,BP1,DIRECT,Yes,NAMED_HOSPITAL,Recipient name rule: name states a hospital. §10.2 DIRECT: the named recipient is a hospital or hospital system and the state's award document names both the recipient and the amount.,PATTERN,data/evidence/MD/2026-08-29_mdh_pillar2_transformation_fund_bp1_award_offers.pdf
MD,32,West Cecil Health Center,1159875,NONPROFIT_CBO,No,"The project, based at the West Cecil Health Center, a Federally Qualified Health Center, will integrate primary care, behavioral health, and dental services with care management, nutrition services, and an embedded clinical pharmacist to manage chronic diseases, improve medication adherence, and reduce avoidable emergency department visits.",Yes,No,FY2026,"Maryland Rural Health Transformation Program Pillar 2: Promote Sustainable Access and Innovative Care Transformation Funds Award Offers, Budget Period 1",https://health.maryland.gov/pophealth/Documents/Rural%20Health/RHTP/Pillar-2-Transformation-Fund-BP1-Award-Offers.pdf,NOTICE_OF_INTENT_TO_AWARD,DIRECT_TEXT,AUTO,,,,,DERIVED_FROM_NAME,LOW,RECIPIENT_TYPE_INFERRED,PILLAR2_TRANSFORMATION_FUND,BP1,NON_HOSPITAL,No,NOT_HOSPITAL,"Recipient is named but the source does not state its organisational form; §8 settled fallback (session 10). §10.2 NON_HOSPITAL: the named recipient is not a hospital (§0.3a -- judged on the recipient, not the activity), and the source does not mention hospitals anywhere in the funded work.",FALLBACK,data/evidence/MD/2026-08-29_mdh_pillar2_transformation_fund_bp1_award_offers.pdf
MD,33,University of Maryland Medical System,4020144,UNIVERSITY_OR_AHC,No,"The project aims to expand virtual care and telehealth infrastructure to improve clinical outcomes and timely access to specialists across eight state-designated rural counties. The centralized model, operated out of the University of Maryland Access Center (UMAC), will focus on high-risk chronic diseases, maternal health, post-discharge timely follow-ups, and rural dementia care.",Yes,No,FY2026,"Maryland Rural Health Transformation Program Pillar 2: Promote Sustainable Access and Innovative Care Transformation Funds Award Offers, Budget Period 1",https://health.maryland.gov/pophealth/Documents/Rural%20Health/RHTP/Pillar-2-Transformation-Fund-BP1-Award-Offers.pdf,NOTICE_OF_INTENT_TO_AWARD,DIRECT_TEXT,AUTO,,,,,DERIVED_FROM_NAME,HIGH,,PILLAR2_TRANSFORMATION_FUND,BP1,NON_HOSPITAL,No,NOT_HOSPITAL,"Recipient name rule: name states a university or college. §10.2 NON_HOSPITAL: the named recipient is not a hospital (§0.3a -- judged on the recipient, not the activity), and the source does not mention hospitals anywhere in the funded work.",PATTERN,data/evidence/MD/2026-08-29_mdh_pillar2_transformation_fund_bp1_award_offers.pdf
MD,34,Cornerstone Family Medicine,285687,PHYSICIAN_PRACTICE,No,,Yes,No,FY2026,"Maryland Rural Health Transformation Program Pillar 2: Promote Sustainable Access and Innovative Care - Expand Primary Care Access Award Offers, Budget Period 1",https://health.maryland.gov/pophealth/Documents/Rural%20Health/RHTP/Pillar-2-Expand-Primary-Care-Access-BP1-Award-Offers.pdf,NOTICE_OF_INTENT_TO_AWARD,DIRECT_TEXT,AUTO,,,,,DERIVED_FROM_NAME,MEDIUM,,PILLAR2_EXPAND_PRIMARY_CARE,BP1,NON_HOSPITAL,No,NOT_HOSPITAL,"Recipient name rule: name states a clinical practice. §10.2 NON_HOSPITAL: the named recipient is not a hospital (§0.3a -- judged on the recipient, not the activity), and the source does not mention hospitals anywhere in the funded work.",PATTERN,data/evidence/MD/2026-08-29_mdh_pillar2_expand_primary_care_bp1_award_offers.pdf
MD,35,Healthy Mind Foundation,530000,NONPROFIT_CBO,No,,Yes,No,FY2026,"Maryland Rural Health Transformation Program Pillar 2: Promote Sustainable Access and Innovative Care - Expand Primary Care Access Award Offers, Budget Period 1",https://health.maryland.gov/pophealth/Documents/Rural%20Health/RHTP/Pillar-2-Expand-Primary-Care-Access-BP1-Award-Offers.pdf,NOTICE_OF_INTENT_TO_AWARD,DIRECT_TEXT,AUTO,,,,,DERIVED_FROM_NAME,LOW,RECIPIENT_TYPE_INFERRED,PILLAR2_EXPAND_PRIMARY_CARE,BP1,NON_HOSPITAL,No,NOT_HOSPITAL,"Recipient is named but the source does not state its organisational form; §8 settled fallback (session 10). §10.2 NON_HOSPITAL: the named recipient is not a hospital (§0.3a -- judged on the recipient, not the activity), and the source does not mention hospitals anywhere in the funded work.",FALLBACK,data/evidence/MD/2026-08-29_mdh_pillar2_expand_primary_care_bp1_award_offers.pdf
MD,36,Menocal Family Practice,398671,NONPROFIT_CBO,No,,Yes,No,FY2026,"Maryland Rural Health Transformation Program Pillar 2: Promote Sustainable Access and Innovative Care - Expand Primary Care Access Award Offers, Budget Period 1",https://health.maryland.gov/pophealth/Documents/Rural%20Health/RHTP/Pillar-2-Expand-Primary-Care-Access-BP1-Award-Offers.pdf,NOTICE_OF_INTENT_TO_AWARD,DIRECT_TEXT,AUTO,,,,,DERIVED_FROM_NAME,LOW,RECIPIENT_TYPE_INFERRED,PILLAR2_EXPAND_PRIMARY_CARE,BP1,NON_HOSPITAL,No,NOT_HOSPITAL,"Recipient is named but the source does not state its organisational form; §8 settled fallback (session 10). §10.2 NON_HOSPITAL: the named recipient is not a hospital (§0.3a -- judged on the recipient, not the activity), and the source does not mention hospitals anywhere in the funded work.",FALLBACK,data/evidence/MD/2026-08-29_mdh_pillar2_expand_primary_care_bp1_award_offers.pdf
MD,37,Miles River Primary Care,1028000,NONPROFIT_CBO,No,"Open a new office to serve 1,000 new patients",Yes,No,FY2026,"Maryland Rural Health Transformation Program Pillar 2: Promote Sustainable Access and Innovative Care - Expand Primary Care Access Award Offers, Budget Period 1",https://health.maryland.gov/pophealth/Documents/Rural%20Health/RHTP/Pillar-2-Expand-Primary-Care-Access-BP1-Award-Offers.pdf,NOTICE_OF_INTENT_TO_AWARD,DIRECT_TEXT,AUTO,,,,,DERIVED_FROM_NAME,LOW,RECIPIENT_TYPE_INFERRED,PILLAR2_EXPAND_PRIMARY_CARE,BP1,NON_HOSPITAL,No,NOT_HOSPITAL,"Recipient is named but the source does not state its organisational form; §8 settled fallback (session 10). §10.2 NON_HOSPITAL: the named recipient is not a hospital (§0.3a -- judged on the recipient, not the activity), and the source does not mention hospitals anywhere in the funded work.",FALLBACK,data/evidence/MD/2026-08-29_mdh_pillar2_expand_primary_care_bp1_award_offers.pdf
MD,38,Ryan’s Place Health Services,447547,NONPROFIT_CBO,No,Establish a new practice to serve 300 new patients Northern,Yes,No,FY2026,"Maryland Rural Health Transformation Program Pillar 2: Promote Sustainable Access and Innovative Care - Expand Primary Care Access Award Offers, Budget Period 1",https://health.maryland.gov/pophealth/Documents/Rural%20Health/RHTP/Pillar-2-Expand-Primary-Care-Access-BP1-Award-Offers.pdf,NOTICE_OF_INTENT_TO_AWARD,DIRECT_TEXT,AUTO,,,,,DERIVED_FROM_NAME,LOW,RECIPIENT_TYPE_INFERRED,PILLAR2_EXPAND_PRIMARY_CARE,BP1,NON_HOSPITAL,No,NOT_HOSPITAL,"Recipient is named but the source does not state its organisational form; §8 settled fallback (session 10). §10.2 NON_HOSPITAL: the named recipient is not a hospital (§0.3a -- judged on the recipient, not the activity), and the source does not mention hospitals anywhere in the funded work.",FALLBACK,data/evidence/MD/2026-08-29_mdh_pillar2_expand_primary_care_bp1_award_offers.pdf
MD,39,Tru Primary Care,1370000,NONPROFIT_CBO,No,,Yes,No,FY2026,"Maryland Rural Health Transformation Program Pillar 2: Promote Sustainable Access and Innovative Care - Expand Primary Care Access Award Offers, Budget Period 1",https://health.maryland.gov/pophealth/Documents/Rural%20Health/RHTP/Pillar-2-Expand-Primary-Care-Access-BP1-Award-Offers.pdf,NOTICE_OF_INTENT_TO_AWARD,DIRECT_TEXT,AUTO,,,,,DERIVED_FROM_NAME,LOW,RECIPIENT_TYPE_INFERRED,PILLAR2_EXPAND_PRIMARY_CARE,BP1,NON_HOSPITAL,No,NOT_HOSPITAL,"Recipient is named but the source does not state its organisational form; §8 settled fallback (session 10). §10.2 NON_HOSPITAL: the named recipient is not a hospital (§0.3a -- judged on the recipient, not the activity), and the source does not mention hospitals anywhere in the funded work.",FALLBACK,data/evidence/MD/2026-08-29_mdh_pillar2_expand_primary_care_bp1_award_offers.pdf
MD,40,Trusted Doctors,1457596,NONPROFIT_CBO,No,,Yes,No,FY2026,"Maryland Rural Health Transformation Program Pillar 2: Promote Sustainable Access and Innovative Care - Expand Primary Care Access Award Offers, Budget Period 1",https://health.maryland.gov/pophealth/Documents/Rural%20Health/RHTP/Pillar-2-Expand-Primary-Care-Access-BP1-Award-Offers.pdf,NOTICE_OF_INTENT_TO_AWARD,DIRECT_TEXT,AUTO,,,,,DERIVED_FROM_NAME,LOW,RECIPIENT_TYPE_INFERRED,PILLAR2_EXPAND_PRIMARY_CARE,BP1,NON_HOSPITAL,No,NOT_HOSPITAL,"Recipient is named but the source does not state its organisational form; §8 settled fallback (session 10). §10.2 NON_HOSPITAL: the named recipient is not a hospital (§0.3a -- judged on the recipient, not the activity), and the source does not mention hospitals anywhere in the funded work.",FALLBACK,data/evidence/MD/2026-08-29_mdh_pillar2_expand_primary_care_bp1_award_offers.pdf
MD,41,West Cecil Health Center,695532,NONPROFIT_CBO,No,,Yes,No,FY2026,"Maryland Rural Health Transformation Program Pillar 2: Promote Sustainable Access and Innovative Care - Expand Primary Care Access Award Offers, Budget Period 1",https://health.maryland.gov/pophealth/Documents/Rural%20Health/RHTP/Pillar-2-Expand-Primary-Care-Access-BP1-Award-Offers.pdf,NOTICE_OF_INTENT_TO_AWARD,DIRECT_TEXT,AUTO,,,,,DERIVED_FROM_NAME,LOW,RECIPIENT_TYPE_INFERRED,PILLAR2_EXPAND_PRIMARY_CARE,BP1,NON_HOSPITAL,No,NOT_HOSPITAL,"Recipient is named but the source does not state its organisational form; §8 settled fallback (session 10). §10.2 NON_HOSPITAL: the named recipient is not a hospital (§0.3a -- judged on the recipient, not the activity), and the source does not mention hospitals anywhere in the funded work.",FALLBACK,data/evidence/MD/2026-08-29_mdh_pillar2_expand_primary_care_bp1_award_offers.pdf
