state,candidate_rank,url_host,sample_source_title,example_url,n_activity_references,n_document_urls,last_seen_activity,verification_status,lead_agency,program_page_url,award_posting_url,pass_through_admin,pass_through_admin_url,last_verified,verified_by,verification_note,instruction
AK,1,https://health.alaska.gov,AK - 2026 - Year 1 Funding Announcements,https://health.alaska.gov/media/tcvker5a/ak_rhtp_awardsnotice_2026.xlsx,5,4,2026-08-22,UNVERIFIED,NA,NA,NA,NA,NA,NA,NA,NA,"Open example_url. If this host is where notices of award are posted, put that page in award_posting_url and set last_verified. If it is a pass-through administrator, fill pass_through_admin instead (§7.3)."
AK,2,https://www.alaskahha.org,AK - 2025 - About Ahha Advocacy Collaboration & Training Resources Healthcare Careers,https://www.alaskahha.org/rhtp,2,1,2026-08-25,UNVERIFIED,NA,NA,NA,NA,NA,NA,NA,NA,"Open example_url. If this host is where notices of award are posted, put that page in award_posting_url and set last_verified. If it is a pass-through administrator, fill pass_through_admin instead (§7.3)."
AK,3,https://www.grantinterface.com,NA,https://www.grantinterface.com/Opportunity/Catalog?urlkey=alaska,2,1,2026-08-25,UNVERIFIED,NA,NA,NA,NA,NA,NA,NA,NA,"Open example_url. If this host is where notices of award are posted, put that page in award_posting_url and set last_verified. If it is a pass-through administrator, fill pass_through_admin instead (§7.3)."
AK,4,https://aws.state.ak.us,NA,https://aws.state.ak.us/OnlinePublicNotices/Notices/View.aspx?id=222690,1,0,2026-08-21,UNVERIFIED,NA,NA,NA,NA,NA,NA,NA,NA,"Open example_url. If this host is where notices of award are posted, put that page in award_posting_url and set last_verified. If it is a pass-through administrator, fill pass_through_admin instead (§7.3)."
AL,1,https://governor.alabama.gov,AL - 2025 - The Office of Alabama Governor Kay Ivey,https://governor.alabama.gov/newsroom/category/press-releases,4,2,2026-08-26,UNVERIFIED,NA,NA,NA,NA,NA,NA,NA,NA,"Open example_url. If this host is where notices of award are posted, put that page in award_posting_url and set last_verified. If it is a pass-through administrator, fill pass_through_admin instead (§7.3)."
AL,2,https://alabamarhtp.com,AL - 2026 - resources,https://alabamarhtp.com/resources,3,1,2026-08-25,UNVERIFIED,NA,NA,NA,NA,NA,NA,NA,NA,"Open example_url. If this host is where notices of award are posted, put that page in award_posting_url and set last_verified. If it is a pass-through administrator, fill pass_through_admin instead (§7.3)."
AL,3,https://adeca.alabama.gov,2026 Delta Workforce Grant Program,https://adeca.alabama.gov/alruralhealth,2,0,2026-07-09,UNVERIFIED,NA,NA,NA,NA,NA,NA,NA,NA,"Open example_url. If this host is where notices of award are posted, put that page in award_posting_url and set last_verified. If it is a pass-through administrator, fill pass_through_admin instead (§7.3)."
AR,1,https://governor.arkansas.gov,AR - 2025 - Sanders Announces Arkansas’ Application for Rural Health Funding,https://governor.arkansas.gov/news_post/arkansas-awarded-209-million-for-fy26-through-president-trumps-rural-health-transformation-program,6,4,2026-08-27,UNVERIFIED,NA,NA,NA,NA,NA,NA,NA,NA,"Open example_url. If this host is where notices of award are posted, put that page in award_posting_url and set last_verified. If it is a pass-through administrator, fill pass_through_admin instead (§7.3)."
AR,2,https://humanservices.arkansas.gov,NA,https://humanservices.arkansas.gov/divisions-shared-services/shared-services/office-of-procurement/procurement-announcements,3,2,2026-08-26,UNVERIFIED,NA,NA,NA,NA,NA,NA,NA,NA,"Open example_url. If this host is where notices of award are posted, put that page in award_posting_url and set last_verified. If it is a pass-through administrator, fill pass_through_admin instead (§7.3)."
AR,3,https://arkansasrhtp.com,"Healthy Eating, Active Recreation, and Transformation (HEART)",https://arkansasrhtp.com,1,0,2026-06-23,UNVERIFIED,NA,NA,NA,NA,NA,NA,NA,NA,"Open example_url. If this host is where notices of award are posted, put that page in award_posting_url and set last_verified. If it is a pass-through administrator, fill pass_through_admin instead (§7.3)."
AZ,1,https://crh.arizona.edu,AHCCCS Opioid Antagonist Distribution Initiative RFGA,https://crh.arizona.edu/arizona-rural-health-transformation-program-toolkit,9,5,2026-08-19,UNVERIFIED,NA,NA,NA,NA,NA,NA,NA,NA,"Open example_url. If this host is where notices of award are posted, put that page in award_posting_url and set last_verified. If it is a pass-through administrator, fill pass_through_admin instead (§7.3)."
AZ,2,https://www.azahcccs.gov,AZ - 2026 - State of Arizona Visit OpenBooks Ombudsman Citizens Aide Register to Vote Save with AZRx (GrantsAdministration),https://www.azahcccs.gov/shared/News/GeneralNews/RHTP_Launch.html,7,2,2026-08-26,UNVERIFIED,NA,NA,NA,NA,NA,NA,NA,NA,"Open example_url. If this host is where notices of award are posted, put that page in award_posting_url and set last_verified. If it is a pass-through administrator, fill pass_through_admin instead (§7.3)."
AZ,3,https://gn.ecivis.com,AZ - 2026 - Euna Grants - Grants Network,https://gn.ecivis.com/GO/gn_redir/T/iyka3c9jbpfk,6,3,2026-08-25,UNVERIFIED,NA,NA,NA,NA,NA,NA,NA,NA,"Open example_url. If this host is where notices of award are posted, put that page in award_posting_url and set last_verified. If it is a pass-through administrator, fill pass_through_admin instead (§7.3)."
AZ,4,https://azgovernor.gov,NA,https://azgovernor.gov/office-arizona-governor/news/2025/11/governor-katie-hobbs-submits-state-application-federal-rural,1,0,2026-04-23,UNVERIFIED,NA,NA,NA,NA,NA,NA,NA,NA,"Open example_url. If this host is where notices of award are posted, put that page in award_posting_url and set last_verified. If it is a pass-through administrator, fill pass_through_admin instead (§7.3)."
CA,1,https://hcai.ca.gov,CA - 2026 - CalRHT Grant Funding Opportunities,https://hcai.ca.gov/facilities/health-facility-financing/distressed-hospital-loan-program,9,7,2026-08-27,UNVERIFIED,NA,NA,NA,NA,NA,NA,NA,NA,"Open example_url. If this host is where notices of award are posted, put that page in award_posting_url and set last_verified. If it is a pass-through administrator, fill pass_through_admin instead (§7.3)."
CA,2,https://calruralhealth.submittable.com,NA,https://calruralhealth.submittable.com/submit,2,1,2026-08-27,UNVERIFIED,NA,NA,NA,NA,NA,NA,NA,NA,"Open example_url. If this host is where notices of award are posted, put that page in award_posting_url and set last_verified. If it is a pass-through administrator, fill pass_through_admin instead (§7.3)."
CO,1,https://hcpf.colorado.gov,CO - 2026 - RHTP Advisory Committee,https://hcpf.colorado.gov/rhtp-program-history,4,3,2026-08-27,UNVERIFIED,NA,NA,NA,NA,NA,NA,NA,NA,"Open example_url. If this host is where notices of award are posted, put that page in award_posting_url and set last_verified. If it is a pass-through administrator, fill pass_through_admin instead (§7.3)."
CO,2,https://docs.google.com,CO - 2026 - Colorado RHTP Grant Guidance,https://docs.google.com/document/d/1FkFmT2zzr_GmDCA2IfBGhutYo0H_AejTTz_iJXbgF_8/export?format=docx,3,3,2026-08-27,UNVERIFIED,NA,NA,NA,NA,NA,NA,NA,NA,"Open example_url. If this host is where notices of award are posted, put that page in award_posting_url and set last_verified. If it is a pass-through administrator, fill pass_through_admin instead (§7.3)."
CO,3,https://governorsoffice.colorado.gov,Colorado eHealth Solutions Challenge — Three Winning Projects Announced,https://governorsoffice.colorado.gov/governor/news,2,1,2026-08-27,UNVERIFIED,NA,NA,NA,NA,NA,NA,NA,NA,"Open example_url. If this host is where notices of award are posted, put that page in award_posting_url and set last_verified. If it is a pass-through administrator, fill pass_through_admin instead (§7.3)."
CT,1,https://portal.ct.gov,CT - 2025 - Public Comment on Connecticut’s Application for RHTP,https://portal.ct.gov/opm/root/rfp/request-for-proposals,11,7,2026-08-27,UNVERIFIED,NA,NA,NA,NA,NA,NA,NA,NA,"Open example_url. If this host is where notices of award are posted, put that page in award_posting_url and set last_verified. If it is a pass-through administrator, fill pass_through_admin instead (§7.3)."
DE,1,https://news.delaware.gov,DE - 2026 - Governor Meyer Announces Funding to Establish Four New School-Based Health Centers in Sussex County,https://news.delaware.gov/2026/07/29/governor-meyer-announces-funding-to-establish-four-new-school-based-health-centers-in-sussex-county,9,7,2026-08-27,UNVERIFIED,NA,NA,NA,NA,NA,NA,NA,NA,"Open example_url. If this host is where notices of award are posted, put that page in award_posting_url and set last_verified. If it is a pass-through administrator, fill pass_through_admin instead (§7.3)."
DE,2,https://www.ruralhealthinfo.org,DE - 2024 - delaware,https://www.ruralhealthinfo.org/states/delaware/rhtp,5,4,2026-08-27,UNVERIFIED,NA,NA,NA,NA,NA,NA,NA,NA,"Open example_url. If this host is where notices of award are posted, put that page in award_posting_url and set last_verified. If it is a pass-through administrator, fill pass_through_admin instead (§7.3)."
DE,3,https://mmp.delaware.gov,Rural Library-Based Health Access,https://mmp.delaware.gov/Vendor,3,2,2026-08-27,UNVERIFIED,NA,NA,NA,NA,NA,NA,NA,NA,"Open example_url. If this host is where notices of award are posted, put that page in award_posting_url and set last_verified. If it is a pass-through administrator, fill pass_through_admin instead (§7.3)."
DE,4,https://dhss.bonfirehub.com,NA,https://dhss.bonfirehub.com/portal?tab=openOpportunities,2,1,2026-08-27,UNVERIFIED,NA,NA,NA,NA,NA,NA,NA,NA,"Open example_url. If this host is where notices of award are posted, put that page in award_posting_url and set last_verified. If it is a pass-through administrator, fill pass_through_admin instead (§7.3)."
DE,5,https://dhss.delaware.gov,Delaware Rural 'Hope Center' Initiative,https://dhss.delaware.gov/dph/rural-health-transformation-program,1,0,2026-06-17,UNVERIFIED,NA,NA,NA,NA,NA,NA,NA,NA,"Open example_url. If this host is where notices of award are posted, put that page in award_posting_url and set last_verified. If it is a pass-through administrator, fill pass_through_admin instead (§7.3)."
FL,1,https://www.floridahealth.gov,NA,https://www.floridahealth.gov/funding-grants,3,1,2026-08-26,UNVERIFIED,NA,NA,NA,NA,NA,NA,NA,NA,"Open example_url. If this host is where notices of award are posted, put that page in award_posting_url and set last_verified. If it is a pass-through administrator, fill pass_through_admin instead (§7.3)."
FL,2,https://ahca.myflorida.com,RHTP Grant Management Technology Solution,https://ahca.myflorida.com/procurements,2,0,2026-08-27,UNVERIFIED,NA,NA,NA,NA,NA,NA,NA,NA,"Open example_url. If this host is where notices of award are posted, put that page in award_posting_url and set last_verified. If it is a pass-through administrator, fill pass_through_admin instead (§7.3)."
FL,3,https://vendor.myfloridamarketplace.com,Preventive Care & Care-at-Home (Bundle One),https://vendor.myfloridamarketplace.com/search/bids,2,0,2026-06-30,UNVERIFIED,NA,NA,NA,NA,NA,NA,NA,NA,"Open example_url. If this host is where notices of award are posted, put that page in award_posting_url and set last_verified. If it is a pass-through administrator, fill pass_through_admin instead (§7.3)."
FL,4,https://www.ruralcenter.org,Florida RHTP Application Preparation Resources,https://www.ruralcenter.org/resources/flex-program-funding-guidance,2,1,2026-08-26,UNVERIFIED,NA,NA,NA,NA,NA,NA,NA,NA,"Open example_url. If this host is where notices of award are posted, put that page in award_posting_url and set last_verified. If it is a pass-through administrator, fill pass_through_admin instead (§7.3)."
GA,1,https://greathealth.georgia.gov,Care to Consumer – Point-of-Care Telepods,https://greathealth.georgia.gov/about-program/georgias-application/4-proposed-initiatives-and-use-funds/initiative-five,5,0,2026-08-13,UNVERIFIED,NA,NA,NA,NA,NA,NA,NA,NA,"Open example_url. If this host is where notices of award are posted, put that page in award_posting_url and set last_verified. If it is a pass-through administrator, fill pass_through_admin instead (§7.3)."
GA,2,https://dch.georgia.gov,Dual Track Rural Hospital Remote Critical Care Services (RCCS) RFGA FY26,https://dch.georgia.gov/grant-announcements,4,1,2026-08-26,UNVERIFIED,NA,NA,NA,NA,NA,NA,NA,NA,"Open example_url. If this host is where notices of award are posted, put that page in award_posting_url and set last_verified. If it is a pass-through administrator, fill pass_through_admin instead (§7.3)."
GA,3,https://healthcareworkforce.georgia.gov,GME Fellowship Expansion Grant - Rural Health Transformation Program,https://healthcareworkforce.georgia.gov/georgia-board-health-care-workforce-grants/grant-opportunities-timeline,3,2,2026-08-15,UNVERIFIED,NA,NA,NA,NA,NA,NA,NA,NA,"Open example_url. If this host is where notices of award are posted, put that page in award_posting_url and set last_verified. If it is a pass-through administrator, fill pass_through_admin instead (§7.3)."
GA,4,https://www.gha.org,AHEAD Model Pre-Implementation Funding,https://www.gha.org/Advocacy/Rural-Healthcare/Rural-Health-Transformation-Program,3,2,2026-08-26,UNVERIFIED,NA,NA,NA,NA,NA,NA,NA,NA,"Open example_url. If this host is where notices of award are posted, put that page in award_posting_url and set last_verified. If it is a pass-through administrator, fill pass_through_admin instead (§7.3)."
HI,1,https://health.hawaii.gov,NA,https://health.hawaii.gov/news,3,1,2026-08-27,UNVERIFIED,NA,NA,NA,NA,NA,NA,NA,NA,"Open example_url. If this host is where notices of award are posted, put that page in award_posting_url and set last_verified. If it is a pass-through administrator, fill pass_through_admin instead (§7.3)."
HI,2,https://governor.hawaii.gov,NA,https://governor.hawaii.gov/newsroom/office-of-the-governor-news-release-hawaii-awarded-188-9-million-to-transform-rural-healthcare,2,1,2026-08-19,UNVERIFIED,NA,NA,NA,NA,NA,NA,NA,NA,"Open example_url. If this host is where notices of award are posted, put that page in award_posting_url and set last_verified. If it is a pass-through administrator, fill pass_through_admin instead (§7.3)."
HI,3,https://engage.hawaii.gov,NA,https://engage.hawaii.gov/rhtp/,1,0,2026-04-15,UNVERIFIED,NA,NA,NA,NA,NA,NA,NA,NA,"Open example_url. If this host is where notices of award are posted, put that page in award_posting_url and set last_verified. If it is a pass-through administrator, fill pass_through_admin instead (§7.3)."
IA,1,https://hhs.iowa.gov,Centers of Excellence (RFP PHTHORC26008) — Notice of Intent to Award,https://hhs.iowa.gov/about/funding-opportunities/community-access-and-eligibility-rfp,7,2,2026-08-27,UNVERIFIED,NA,NA,NA,NA,NA,NA,NA,NA,"Open example_url. If this host is where notices of award are posted, put that page in award_posting_url and set last_verified. If it is a pass-through administrator, fill pass_through_admin instead (§7.3)."
IA,2,https://governor.iowa.gov,NA,https://governor.iowa.gov/press-release/2026-01-30/iowa-first-nation-award-rural-health-transformation-program-funding,2,1,2026-08-22,UNVERIFIED,NA,NA,NA,NA,NA,NA,NA,NA,"Open example_url. If this host is where notices of award are posted, put that page in award_posting_url and set last_verified. If it is a pass-through administrator, fill pass_through_admin instead (§7.3)."
IA,3,https://bidopportunities.iowa.gov,NA,https://bidopportunities.iowa.gov/,1,1,2026-08-26,UNVERIFIED,NA,NA,NA,NA,NA,NA,NA,NA,"Open example_url. If this host is where notices of award are posted, put that page in award_posting_url and set last_verified. If it is a pass-through administrator, fill pass_through_admin instead (§7.3)."
ID,1,https://publicdocuments.dhw.idaho.gov,Data Analytics and Outcomes Evaluation - RHTP,https://publicdocuments.dhw.idaho.gov/WebLink/Browse.aspx?id=37354&dbid=0&repo=PUBLIC-DOCUMENTS,18,9,2026-08-25,UNVERIFIED,NA,NA,NA,NA,NA,NA,NA,NA,"Open example_url. If this host is where notices of award are posted, put that page in award_posting_url and set last_verified. If it is a pass-through administrator, fill pass_through_admin instead (§7.3)."
ID,2,https://healthandwelfare.idaho.gov,Graduate Medical Education (GME) Expansion for Rural Idaho – FFY26,https://healthandwelfare.idaho.gov/providers/rural-health-transformation-program-grant/funding-opportunities-rural-health,3,1,2026-08-25,UNVERIFIED,NA,NA,NA,NA,NA,NA,NA,NA,"Open example_url. If this host is where notices of award are posted, put that page in award_posting_url and set last_verified. If it is a pass-through administrator, fill pass_through_admin instead (§7.3)."
ID,3,https://gov.idaho.gov,NA,https://gov.idaho.gov/pressrelease/idaho-awarded-nearly-1-billion-to-improve-rural-healthcare-access-affordability,1,0,2026-05-22,UNVERIFIED,NA,NA,NA,NA,NA,NA,NA,NA,"Open example_url. If this host is where notices of award are posted, put that page in award_posting_url and set last_verified. If it is a pass-through administrator, fill pass_through_admin instead (§7.3)."
IL,1,https://hfs.illinois.gov,HFS Social Health Care Network (SHCN) Program,https://hfs.illinois.gov/info/media.html,3,1,2026-08-20,UNVERIFIED,NA,NA,NA,NA,NA,NA,NA,NA,"Open example_url. If this host is where notices of award are posted, put that page in award_posting_url and set last_verified. If it is a pass-through administrator, fill pass_through_admin instead (§7.3)."
IL,2,https://www.icahn.org,NA,https://www.icahn.org/rhtp,2,1,2026-08-21,UNVERIFIED,NA,NA,NA,NA,NA,NA,NA,NA,"Open example_url. If this host is where notices of award are posted, put that page in award_posting_url and set last_verified. If it is a pass-through administrator, fill pass_through_admin instead (§7.3)."
IN,1,https://www.in.gov,Award Recommendation for RFP 26-86529: Centralized Billing Office and Cost Report,https://www.in.gov/idoa/proc/solicitations/files/001000000087941.zip,50,47,2026-08-27,UNVERIFIED,NA,NA,NA,NA,NA,NA,NA,NA,"Open example_url. If this host is where notices of award are posted, put that page in award_posting_url and set last_verified. If it is a pass-through administrator, fill pass_through_admin instead (§7.3)."
IN,2,https://gn.ecivis.com,Indiana RHTP Clinical Social Worker Supervision Program,https://gn.ecivis.com/GO/gn_redir/T/1ttslfxhesbiz/IFRAME/true,2,0,2026-07-27,UNVERIFIED,NA,NA,NA,NA,NA,NA,NA,NA,"Open example_url. If this host is where notices of award are posted, put that page in award_posting_url and set last_verified. If it is a pass-through administrator, fill pass_through_admin instead (§7.3)."
KS,1,https://www.kdhe.ks.gov,Community Health Worker + Accountable Food Is Medicine Grant Program (CHW+AFIM),https://www.kdhe.ks.gov/m/NewsFlash/home/detail/1978,3,2,2026-08-25,UNVERIFIED,NA,NA,NA,NA,NA,NA,NA,NA,"Open example_url. If this host is where notices of award are posted, put that page in award_posting_url and set last_verified. If it is a pass-through administrator, fill pass_through_admin instead (§7.3)."
KS,2,https://www.governor.ks.gov,NA,https://www.governor.ks.gov/Home/Components/News/News/876/55,2,0,2026-07-14,UNVERIFIED,NA,NA,NA,NA,NA,NA,NA,NA,"Open example_url. If this host is where notices of award are posted, put that page in award_posting_url and set last_verified. If it is a pass-through administrator, fill pass_through_admin instead (§7.3)."
KS,3,https://www.kdads.ks.gov,Kansas Dementia-Related Behavioral Supports in Rural Nursing Facilities Pilot,https://www.kdads.ks.gov/partners-providers/funding-opportunities,1,0,2026-08-26,UNVERIFIED,NA,NA,NA,NA,NA,NA,NA,NA,"Open example_url. If this host is where notices of award are posted, put that page in award_posting_url and set last_verified. If it is a pass-through administrator, fill pass_through_admin instead (§7.3)."
KS,4,https://www.kha-net.org,Kansas Healthworks — All-Kansas Payer Scorecard Program RFP,https://www.kha-net.org/aboutkha/healthworks/projects/rhtp/,1,0,2026-07-30,UNVERIFIED,NA,NA,NA,NA,NA,NA,NA,NA,"Open example_url. If this host is where notices of award are posted, put that page in award_posting_url and set last_verified. If it is a pass-through administrator, fill pass_through_admin instead (§7.3)."
KY,1,https://www.chfs.ky.gov,Crisis to Care: Establish or Expand Community Paramedicine Program,https://www.chfs.ky.gov/_layouts/download.aspx?SourceUrl=https://www.chfs.ky.gov/agencies/os/oas/Documents/RHT%20-%20Community%20Health%20Worker%20-%20Attachment%20A%20-%20Budget%20Template.xlsx,4,2,2026-08-18,UNVERIFIED,NA,NA,NA,NA,NA,NA,NA,NA,"Open example_url. If this host is where notices of award are posted, put that page in award_posting_url and set last_verified. If it is a pass-through administrator, fill pass_through_admin instead (§7.3)."
KY,2,https://ruralhealthplan.ky.gov,NA,https://ruralhealthplan.ky.gov/Pages/Request_For_Applications.aspx,2,0,2026-08-18,UNVERIFIED,NA,NA,NA,NA,NA,NA,NA,NA,"Open example_url. If this host is where notices of award are posted, put that page in award_posting_url and set last_verified. If it is a pass-through administrator, fill pass_through_admin instead (§7.3)."
KY,3,https://healthy-ky.org,Kentucky Rural Community Hubs for Chronic Care Innovation — Lead Organization RFA,https://healthy-ky.org/rch,1,0,2026-07-27,UNVERIFIED,NA,NA,NA,NA,NA,NA,NA,NA,"Open example_url. If this host is where notices of award are posted, put that page in award_posting_url and set last_verified. If it is a pass-through administrator, fill pass_through_admin instead (§7.3)."
KY,4,https://www.kentucky.gov,NA,https://www.kentucky.gov/Pages/Activity-stream.aspx?m=47&n=GovernorBeshear&prId=2666,1,0,2026-04-23,UNVERIFIED,NA,NA,NA,NA,NA,NA,NA,NA,"Open example_url. If this host is where notices of award are posted, put that page in award_posting_url and set last_verified. If it is a pass-through administrator, fill pass_through_admin instead (§7.3)."
LA,1,https://ldh.la.gov,Food is Medicine (FIM) Programs NOFO,https://ldh.la.gov/page/rhtp-funding-opportunities,5,2,2026-08-27,UNVERIFIED,NA,NA,NA,NA,NA,NA,NA,NA,"Open example_url. If this host is where notices of award are posted, put that page in award_posting_url and set last_verified. If it is a pass-through administrator, fill pass_through_admin instead (§7.3)."
LA,2,https://rhtla.net,LA - 2026 - Rural Health Atlas,https://rhtla.net/landing,3,2,2026-08-26,UNVERIFIED,NA,NA,NA,NA,NA,NA,NA,NA,"Open example_url. If this host is where notices of award are posted, put that page in award_posting_url and set last_verified. If it is a pass-through administrator, fill pass_through_admin instead (§7.3)."
MA,1,https://www.mass.gov,NA,https://www.mass.gov/doc/rural-health-transformation-program-application/download,4,0,2026-08-01,UNVERIFIED,NA,NA,NA,NA,NA,NA,NA,NA,"Open example_url. If this host is where notices of award are posted, put that page in award_posting_url and set last_verified. If it is a pass-through administrator, fill pass_through_admin instead (§7.3)."
MD,1,https://health.maryland.gov,MD - 2025 - Moore-Miller Administration Secures $168 million in Federal Funding to Advance Health Care in Rural Maryland Communities (fc3327),https://health.maryland.gov/pophealth/Pages/RHTP-Procurement.aspx,5,3,2026-08-27,UNVERIFIED,NA,NA,NA,NA,NA,NA,NA,NA,"Open example_url. If this host is where notices of award are posted, put that page in award_posting_url and set last_verified. If it is a pass-through administrator, fill pass_through_admin instead (§7.3)."
MD,2,https://governor.maryland.gov,NA,https://governor.maryland.gov/news/press/pages/governor-moore-signs-executive-order-to-modernize-and-strengthen-equitable-access-to-state-procurement-system.aspx,2,1,2026-08-27,UNVERIFIED,NA,NA,NA,NA,NA,NA,NA,NA,"Open example_url. If this host is where notices of award are posted, put that page in award_posting_url and set last_verified. If it is a pass-through administrator, fill pass_through_admin instead (§7.3)."
MD,3,https://procurement.maryland.gov,NA,https://procurement.maryland.gov/training,1,1,2026-08-15,UNVERIFIED,NA,NA,NA,NA,NA,NA,NA,NA,"Open example_url. If this host is where notices of award are posted, put that page in award_posting_url and set last_verified. If it is a pass-through administrator, fill pass_through_admin instead (§7.3)."
ME,1,https://www.maine.gov,EMR Modernization Provider Funding (Year 1),https://www.maine.gov/dhhs/oms/providers/provider-bulletins,9,5,2026-08-27,UNVERIFIED,NA,NA,NA,NA,NA,NA,NA,NA,"Open example_url. If this host is where notices of award are posted, put that page in award_posting_url and set last_verified. If it is a pass-through administrator, fill pass_through_admin instead (§7.3)."
ME,2,https://www.mcd.org,ME - 2026 - maine RHTP,https://www.mcd.org/focus-areas/maine-rural-health-transformation-program,2,1,2026-08-17,UNVERIFIED,NA,NA,NA,NA,NA,NA,NA,NA,"Open example_url. If this host is where notices of award are posted, put that page in award_posting_url and set last_verified. If it is a pass-through administrator, fill pass_through_admin instead (§7.3)."
ME,3,https://www1.maine.gov,ME - 2026 - Maine Healthcare Careers Exploration Program,https://www1.maine.gov/doe/index.php/pathways/healthcareexplorations,2,1,2026-08-25,UNVERIFIED,NA,NA,NA,NA,NA,NA,NA,NA,"Open example_url. If this host is where notices of award are posted, put that page in award_posting_url and set last_verified. If it is a pass-through administrator, fill pass_through_admin instead (§7.3)."
ME,4,https://www11.maine.gov,NA,https://www11.maine.gov/dhhs/mecdc/sites/maine.gov.dhhs.mecdc/files/documents/RHTP%20%20Maine%20RHTP_Summary_09-16-2025.pdf,1,0,2026-07-17,UNVERIFIED,NA,NA,NA,NA,NA,NA,NA,NA,"Open example_url. If this host is where notices of award are posted, put that page in award_posting_url and set last_verified. If it is a pass-through administrator, fill pass_through_admin instead (§7.3)."
MI,1,https://www.michigan.gov,MI - 2026 - RHTP Subrecipients Award,https://www.michigan.gov/mdhhs/assistance-programs/medicaid/rural-health-transformation-program/rhtp-subrecipients,15,13,2026-08-27,UNVERIFIED,NA,NA,NA,NA,NA,NA,NA,NA,"Open example_url. If this host is where notices of award are posted, put that page in award_posting_url and set last_verified. If it is a pass-through administrator, fill pass_through_admin instead (§7.3)."
MI,2,https://www.mha.org,MI - 2026 - MHA Center of Rural Excellence,https://www.mha.org/mha-center-of-rural-excellence/rural-health-transformation-program,2,1,2026-08-27,UNVERIFIED,NA,NA,NA,NA,NA,NA,NA,NA,"Open example_url. If this host is where notices of award are posted, put that page in award_posting_url and set last_verified. If it is a pass-through administrator, fill pass_through_admin instead (§7.3)."
MN,1,https://taggs.hhs.gov,MN - 2025 - Award Information,https://taggs.hhs.gov/Detail/AwardDetail,5,4,2026-08-27,UNVERIFIED,NA,NA,NA,NA,NA,NA,NA,NA,"Open example_url. If this host is where notices of award are posted, put that page in award_posting_url and set last_verified. If it is a pass-through administrator, fill pass_through_admin instead (§7.3)."
MN,2,https://www.health.state.mn.us,MN - 2026 - RHTP Funding - MN Dept. of Health,https://www.health.state.mn.us/facilities/ruralhealth/ruraltrans/grants.html,3,1,2026-08-27,UNVERIFIED,NA,NA,NA,NA,NA,NA,NA,NA,"Open example_url. If this host is where notices of award are posted, put that page in award_posting_url and set last_verified. If it is a pass-through administrator, fill pass_through_admin instead (§7.3)."
MO,1,https://governor.mo.gov,"MO - 2025 - Governor Kehoe Secures More Than $216 Million To Strengthen Rural Healthcare In Missouri December 29, 2025 Jefferson City",https://governor.mo.gov/press-releases,4,2,2026-08-26,UNVERIFIED,NA,NA,NA,NA,NA,NA,NA,NA,"Open example_url. If this host is where notices of award are posted, put that page in award_posting_url and set last_verified. If it is a pass-through administrator, fill pass_through_admin instead (§7.3)."
MO,2,https://memsa.org,MO - 2025 - RHT Pillar 1: Workforce Development & Sustainability,https://memsa.org/rht-funding/rht-pillar-3-ems-agency-consolidation,4,3,2026-08-18,UNVERIFIED,NA,NA,NA,NA,NA,NA,NA,NA,"Open example_url. If this host is where notices of award are posted, put that page in award_posting_url and set last_verified. If it is a pass-through administrator, fill pass_through_admin instead (§7.3)."
MO,3,https://dss.mo.gov,MO - 2026 - ToRCH Care Smart Growth and Service Line Modification (Horizon 2) Invitation For Bid,https://dss.mo.gov/bids/files/ifb-DSS26015-ToRCH-Care-Smart-Growth-and-Service-Line-Modification.docx,3,2,2026-08-26,UNVERIFIED,NA,NA,NA,NA,NA,NA,NA,NA,"Open example_url. If this host is where notices of award are posted, put that page in award_posting_url and set last_verified. If it is a pass-through administrator, fill pass_through_admin instead (§7.3)."
MO,4,https://ctf4kids.org,MO - 2026 - ctf funding opportunities,https://ctf4kids.org/ctf-funding-opportunities,2,1,2026-08-25,UNVERIFIED,NA,NA,NA,NA,NA,NA,NA,NA,"Open example_url. If this host is where notices of award are posted, put that page in award_posting_url and set last_verified. If it is a pass-through administrator, fill pass_through_admin instead (§7.3)."
MO,5,https://mydss.mo.gov,MO - 2026 - rural health,https://mydss.mo.gov/mhd/rural-health,2,1,2026-08-27,UNVERIFIED,NA,NA,NA,NA,NA,NA,NA,NA,"Open example_url. If this host is where notices of award are posted, put that page in award_posting_url and set last_verified. If it is a pass-through administrator, fill pass_through_admin instead (§7.3)."
MS,1,https://mississippirhtp.com,2026 Rural Capital Project Care Gap Closure Grant Program (RCGC),https://mississippirhtp.com/funding,10,2,2026-08-27,UNVERIFIED,NA,NA,NA,NA,NA,NA,NA,NA,"Open example_url. If this host is where notices of award are posted, put that page in award_posting_url and set last_verified. If it is a pass-through administrator, fill pass_through_admin instead (§7.3)."
MS,2,https://medicaid.ms.gov,MS - 2026 - Completed Procurements,https://medicaid.ms.gov/resources/procurement/contract-award-analysis-reports,5,3,2026-08-23,UNVERIFIED,NA,NA,NA,NA,NA,NA,NA,NA,"Open example_url. If this host is where notices of award are posted, put that page in award_posting_url and set last_verified. If it is a pass-through administrator, fill pass_through_admin instead (§7.3)."
MT,1,https://dphhs.mt.gov,MT - 2024 - RHTP Vendor Information and Upcoming RFP Webinar Announcement,https://dphhs.mt.gov/RuralHealthTransformationProgram/CoE,12,9,2026-08-27,UNVERIFIED,NA,NA,NA,NA,NA,NA,NA,NA,"Open example_url. If this host is where notices of award are posted, put that page in award_posting_url and set last_verified. If it is a pass-through administrator, fill pass_through_admin instead (§7.3)."
MT,2,https://mtha.org,MT - 2025 - ABOUT MHA NEWS,https://mtha.org/rhtp-latest-news-archive,4,3,2026-08-18,UNVERIFIED,NA,NA,NA,NA,NA,NA,NA,NA,"Open example_url. If this host is where notices of award are posted, put that page in award_posting_url and set last_verified. If it is a pass-through administrator, fill pass_through_admin instead (§7.3)."
MT,3,https://bids.mt.gov,MT - 2026 - Welcome to Montana Acquisition & Contracting System (eMACS),https://bids.mt.gov/,2,1,2026-08-27,UNVERIFIED,NA,NA,NA,NA,NA,NA,NA,NA,"Open example_url. If this host is where notices of award are posted, put that page in award_posting_url and set last_verified. If it is a pass-through administrator, fill pass_through_admin instead (§7.3)."
MT,4,https://bids.sciquest.com,NA,https://bids.sciquest.com/apps/Router/PublicEvent?tab=PHX_NAV_SourcingOpenForBid&CustomerOrg=StateOfMontana&SourcingPublicSite_FilterWorkGroup_PublicSite=%5B%5D&SourcingPublicSite_FILTER_BY_BUSINESS_UNIT=undefined&SourcingPublicSite_FILTER_BY_BUSINESS_UNIT_buDisplayName=&SimpleSearch_Keyword=&tmstmp=1778870788043,1,0,2026-08-27,UNVERIFIED,NA,NA,NA,NA,NA,NA,NA,NA,"Open example_url. If this host is where notices of award are posted, put that page in award_posting_url and set last_verified. If it is a pass-through administrator, fill pass_through_admin instead (§7.3)."
NC,1,https://trilliumhealthresources.org,"NC - 2026 - Together, we can strengthen rural health systems and support healthier communities across North Carolina.",https://trilliumhealthresources.org/NC-ROOTS-Region-2,4,2,2026-08-26,UNVERIFIED,NA,NA,NA,NA,NA,NA,NA,NA,"Open example_url. If this host is where notices of award are posted, put that page in award_posting_url and set last_verified. If it is a pass-through administrator, fill pass_through_admin instead (§7.3)."
NC,2,https://www.ncdhhs.gov,Expanding School Health Centers to Rural Areas Funding Opportunity,https://www.ncdhhs.gov/divisions/office-rural-health/rural-health-transformation-program,4,2,2026-08-26,UNVERIFIED,NA,NA,NA,NA,NA,NA,NA,NA,"Open example_url. If this host is where notices of award are posted, put that page in award_posting_url and set last_verified. If it is a pass-through administrator, fill pass_through_admin instead (§7.3)."
NC,3,https://hpp.nc.gov,NA,https://hpp.nc.gov/mobile-integrated-health-rfa,2,1,2026-08-26,UNVERIFIED,NA,NA,NA,NA,NA,NA,NA,NA,"Open example_url. If this host is where notices of award are posted, put that page in award_posting_url and set last_verified. If it is a pass-through administrator, fill pass_through_admin instead (§7.3)."
NC,4,https://governor.nc.gov,NA,https://governor.nc.gov/news/press-releases/2025/11/21/north-carolina-applies-200-million-rural-health-transformation-program,1,0,2026-04-23,UNVERIFIED,NA,NA,NA,NA,NA,NA,NA,NA,"Open example_url. If this host is where notices of award are posted, put that page in award_posting_url and set last_verified. If it is a pass-through administrator, fill pass_through_admin instead (§7.3)."
ND,1,https://www.hhs.nd.gov,Behavioral Health Promotion Community Grants,https://www.hhs.nd.gov/rural-health-transformation/funding,4,2,2026-08-21,UNVERIFIED,NA,NA,NA,NA,NA,NA,NA,NA,"Open example_url. If this host is where notices of award are posted, put that page in award_posting_url and set last_verified. If it is a pass-through administrator, fill pass_through_admin instead (§7.3)."
NE,1,https://dhhs.ne.gov,Community Health Worker Networks - Phase 1,https://dhhs.ne.gov/Grants%20and%20Contract%20Opportunity%20Docs/RFI%20August%202026.docx,8,6,2026-08-27,UNVERIFIED,NA,NA,NA,NA,NA,NA,NA,NA,"Open example_url. If this host is where notices of award are posted, put that page in award_posting_url and set last_verified. If it is a pass-through administrator, fill pass_through_admin instead (§7.3)."
NH,1,https://www.dhhs.nh.gov,NA,https://www.dhhs.nh.gov/sites/g/files/ehbemt476/files/inline-documents/sonh/rfp-2027-dph-09-ochse-app-f-deliver.xlsx,4,3,2026-08-25,UNVERIFIED,NA,NA,NA,NA,NA,NA,NA,NA,"Open example_url. If this host is where notices of award are posted, put that page in award_posting_url and set last_verified. If it is a pass-through administrator, fill pass_through_admin instead (§7.3)."
NH,2,https://www.gonorth.nh.gov,NA,https://www.gonorth.nh.gov/funding-opportunities-0,3,1,2026-08-20,UNVERIFIED,NA,NA,NA,NA,NA,NA,NA,NA,"Open example_url. If this host is where notices of award are posted, put that page in award_posting_url and set last_verified. If it is a pass-through administrator, fill pass_through_admin instead (§7.3)."
NH,3,https://bids.sciquest.com,NA,https://bids.sciquest.com/apps/Router/PublicEvent?CustomerOrg=USNH,2,1,2026-08-26,UNVERIFIED,NA,NA,NA,NA,NA,NA,NA,NA,"Open example_url. If this host is where notices of award are posted, put that page in award_posting_url and set last_verified. If it is a pass-through administrator, fill pass_through_admin instead (§7.3)."
NH,4,https://healthynh.org,FHC Transformation Technical Assistance Center (T-TAC) RFQ,https://healthynh.org/initiatives/rural-health-transformation-program,2,1,2026-08-26,UNVERIFIED,NA,NA,NA,NA,NA,NA,NA,NA,"Open example_url. If this host is where notices of award are posted, put that page in award_posting_url and set last_verified. If it is a pass-through administrator, fill pass_through_admin instead (§7.3)."
NH,5,https://nhcbha.org,Development of a Needs and Readiness Assessment and Vendor RFP to Modernize Ten Community Mental Health Centers Via Selection and Adoption of a Common Electronic Health Record (EHR) Platform,https://nhcbha.org/,1,0,2026-08-18,UNVERIFIED,NA,NA,NA,NA,NA,NA,NA,NA,"Open example_url. If this host is where notices of award are posted, put that page in award_posting_url and set last_verified. If it is a pass-through administrator, fill pass_through_admin instead (§7.3)."
NJ,1,https://healthapps.nj.gov,NJ - 2026 - Health Department Grants,https://healthapps.nj.gov/noticeofgrant/noticegrants.aspx,2,1,2026-08-27,UNVERIFIED,NA,NA,NA,NA,NA,NA,NA,NA,"Open example_url. If this host is where notices of award are posted, put that page in award_posting_url and set last_verified. If it is a pass-through administrator, fill pass_through_admin instead (§7.3)."
NJ,2,https://www.nj.gov,NA,https://www.nj.gov/health/fhs/primarycare/rural-health/,1,0,2026-08-07,UNVERIFIED,NA,NA,NA,NA,NA,NA,NA,NA,"Open example_url. If this host is where notices of award are posted, put that page in award_posting_url and set last_verified. If it is a pass-through administrator, fill pass_through_admin instead (§7.3)."
NM,1,https://www.hca.nm.gov,ASO Services for Rural and Behavioral Health Program Administration,https://www.hca.nm.gov/rural-health-transformation-program,3,1,2026-08-14,UNVERIFIED,NA,NA,NA,NA,NA,NA,NA,NA,"Open example_url. If this host is where notices of award are posted, put that page in award_posting_url and set last_verified. If it is a pass-through administrator, fill pass_through_admin instead (§7.3)."
NV,1,https://www.nvha.nv.gov,"Graduate Medical Education (GME) Grant Program, Round VIII (SFY26)",https://www.nvha.nv.gov/RHTP/rht-nofos/,10,8,2026-08-27,UNVERIFIED,NA,NA,NA,NA,NA,NA,NA,NA,"Open example_url. If this host is where notices of award are posted, put that page in award_posting_url and set last_verified. If it is a pass-through administrator, fill pass_through_admin instead (§7.3)."
NY,1,https://health.ny.gov,NY - 2025 - Transforming Rural Healthcare in New York,https://health.ny.gov/facilities/transforming_rural_healthcare,3,2,2026-08-20,UNVERIFIED,NA,NA,NA,NA,NA,NA,NA,NA,"Open example_url. If this host is where notices of award are posted, put that page in award_posting_url and set last_verified. If it is a pass-through administrator, fill pass_through_admin instead (§7.3)."
NY,2,https://www.health.ny.gov,New York RHTP Initiative 4 — Cybersecurity Resilience Interest Form,https://www.health.ny.gov/funding,2,1,2026-08-26,UNVERIFIED,NA,NA,NA,NA,NA,NA,NA,NA,"Open example_url. If this host is where notices of award are posted, put that page in award_posting_url and set last_verified. If it is a pass-through administrator, fill pass_through_admin instead (§7.3)."
NY,3,https://www.nyscr.ny.gov,NA,https://www.nyscr.ny.gov/,2,1,2026-08-27,UNVERIFIED,NA,NA,NA,NA,NA,NA,NA,NA,"Open example_url. If this host is where notices of award are posted, put that page in award_posting_url and set last_verified. If it is a pass-through administrator, fill pass_through_admin instead (§7.3)."
OH,1,https://odh.ohio.gov,DOH61365 SFY27 Rural Hospital Peer Group Funding Opportunity,https://odh.ohio.gov/wps/portal/gov/odh/know-our-programs/rural-health-transformation-program/media/rh-transformation-letter,6,2,2026-08-25,UNVERIFIED,NA,NA,NA,NA,NA,NA,NA,NA,"Open example_url. If this host is where notices of award are posted, put that page in award_posting_url and set last_verified. If it is a pass-through administrator, fill pass_through_admin instead (§7.3)."
OH,2,https://governor.ohio.gov,OH - 2025 - Governor DeWine Announces Ohio's RHTP Award,https://governor.ohio.gov/media/news-and-media/governor-dewine-announces-ohios-rural-health-transformation-program-award,2,1,2026-08-26,UNVERIFIED,NA,NA,NA,NA,NA,NA,NA,NA,"Open example_url. If this host is where notices of award are posted, put that page in award_posting_url and set last_verified. If it is a pass-through administrator, fill pass_through_admin instead (§7.3)."
OK,1,https://oklahoma.gov,Behavioral Health Integration – Medications for Opioid and Alcohol Use Disorder,https://oklahoma.gov/health/rhtp.html,9,5,2026-08-27,UNVERIFIED,NA,NA,NA,NA,NA,NA,NA,NA,"Open example_url. If this host is where notices of award are posted, put that page in award_posting_url and set last_verified. If it is a pass-through administrator, fill pass_through_admin instead (§7.3)."
OR,1,https://www.oregon.gov,OR - 2025 - You are here,https://www.oregon.gov/oha/erd/pages/oregon-organizations-awarded-federal-funding-to-improve-rural-healthcare-04.10.2026.aspx,7,4,2026-08-27,UNVERIFIED,NA,NA,NA,NA,NA,NA,NA,NA,"Open example_url. If this host is where notices of award are posted, put that page in award_posting_url and set last_verified. If it is a pass-through administrator, fill pass_through_admin instead (§7.3)."
OR,2,https://content.govdelivery.com,NA,https://content.govdelivery.com/accounts/ORHA/bulletins/4164e4f,1,0,2026-06-09,UNVERIFIED,NA,NA,NA,NA,NA,NA,NA,NA,"Open example_url. If this host is where notices of award are posted, put that page in award_posting_url and set last_verified. If it is a pass-through administrator, fill pass_through_admin instead (§7.3)."
PA,1,https://www.pa.gov,PA - 2026 - Skip to agency navigation Skip to main content Official website,https://www.pa.gov/agencies/dhs/programs-services/healthcare/rural-health/rhtp-funding-opportunities,5,3,2026-08-21,UNVERIFIED,NA,NA,NA,NA,NA,NA,NA,NA,"Open example_url. If this host is where notices of award are posted, put that page in award_posting_url and set last_verified. If it is a pass-through administrator, fill pass_through_admin instead (§7.3)."
RI,1,https://eohhs.ri.gov,"RI - 2025 - Rhode Island Announces $6,695,000 in Primary Care Grant Awards to 85 Practices",https://eohhs.ri.gov/initiatives/rural-health-transformation-program/rural-stakeholder-advisory-council,6,3,2026-08-26,UNVERIFIED,NA,NA,NA,NA,NA,NA,NA,NA,"Open example_url. If this host is where notices of award are posted, put that page in award_posting_url and set last_verified. If it is a pass-through administrator, fill pass_through_admin instead (§7.3)."
RI,2,https://governor.ri.gov,NA,https://governor.ri.gov/press-releases,5,1,2026-08-27,UNVERIFIED,NA,NA,NA,NA,NA,NA,NA,NA,"Open example_url. If this host is where notices of award are posted, put that page in award_posting_url and set last_verified. If it is a pass-through administrator, fill pass_through_admin instead (§7.3)."
RI,3,https://health.ri.gov,RI - 2025 - Application Process for Rhode Island National Health Service Corp Sites,https://health.ri.gov/healthcare/rural-health-transformation-program,4,1,2026-08-20,UNVERIFIED,NA,NA,NA,NA,NA,NA,NA,NA,"Open example_url. If this host is where notices of award are posted, put that page in award_posting_url and set last_verified. If it is a pass-through administrator, fill pass_through_admin instead (§7.3)."
RI,4,https://ridop.ri.gov,NA,https://ridop.ri.gov/agency-procurement-club-and-campus,3,2,2026-08-19,UNVERIFIED,NA,NA,NA,NA,NA,NA,NA,NA,"Open example_url. If this host is where notices of award are posted, put that page in award_posting_url and set last_verified. If it is a pass-through administrator, fill pass_through_admin instead (§7.3)."
SC,1,https://www.scdhhs.gov,RHTP: Wellness Within Reach Initiative,https://www.scdhhs.gov/communications/scdhhs-receives-grant-invest-maternal-health-care,12,9,2026-08-26,UNVERIFIED,NA,NA,NA,NA,NA,NA,NA,NA,"Open example_url. If this host is where notices of award are posted, put that page in award_posting_url and set last_verified. If it is a pass-through administrator, fill pass_through_admin instead (§7.3)."
SC,2,http://www.scdhhs.gov,NA,http://www.scdhhs.gov/RHTP,1,1,2026-08-18,UNVERIFIED,NA,NA,NA,NA,NA,NA,NA,NA,"Open example_url. If this host is where notices of award are posted, put that page in award_posting_url and set last_verified. If it is a pass-through administrator, fill pass_through_admin instead (§7.3)."
SC,3,https://scdhhs.gov,Connections to Care – Expand Remote Patient Monitoring (RPM) & Assistive Technology,https://scdhhs.gov/rhtp,1,0,2026-08-18,UNVERIFIED,NA,NA,NA,NA,NA,NA,NA,NA,"Open example_url. If this host is where notices of award are posted, put that page in award_posting_url and set last_verified. If it is a pass-through administrator, fill pass_through_admin instead (§7.3)."
SC,4,https://scorh.net,South Carolina Cancer Screening Improvement Initiative,https://scorh.net/fundingopportunities/,1,0,2026-07-31,UNVERIFIED,NA,NA,NA,NA,NA,NA,NA,NA,"Open example_url. If this host is where notices of award are posted, put that page in award_posting_url and set last_verified. If it is a pass-through administrator, fill pass_through_admin instead (§7.3)."
SD,1,https://doh.sd.gov,SD - 2026 - Gov. Rhoden Awards RHT Technology and Data Grants,https://doh.sd.gov/media/dw2b1tic/rht-funding-forecast.pdf,7,4,2026-08-20,UNVERIFIED,NA,NA,NA,NA,NA,NA,NA,NA,"Open example_url. If this host is where notices of award are posted, put that page in award_posting_url and set last_verified. If it is a pass-through administrator, fill pass_through_admin instead (§7.3)."
SD,2,https://postingboard.esmsolutions.com,Building a Sustainable Rural Healthcare Workforce: Education,https://postingboard.esmsolutions.com/3444a404-3818-494f-84c5-2a850acd7779/events,2,1,2026-08-27,UNVERIFIED,NA,NA,NA,NA,NA,NA,NA,NA,"Open example_url. If this host is where notices of award are posted, put that page in award_posting_url and set last_verified. If it is a pass-through administrator, fill pass_through_admin instead (§7.3)."
SD,3,https://sdaho.org,SD - 2026 - Member Login About SDAHO,https://sdaho.org/2026/04/02/new-rural-strong-grant-opportunity-for-south-dakota-providers,2,1,2026-08-22,UNVERIFIED,NA,NA,NA,NA,NA,NA,NA,NA,"Open example_url. If this host is where notices of award are posted, put that page in award_posting_url and set last_verified. If it is a pass-through administrator, fill pass_through_admin instead (§7.3)."
SD,4,https://sdhealthlink.org,NA,https://sdhealthlink.org/healthlink-resources/rural-health-transformation-funding/,1,0,2026-06-19,UNVERIFIED,NA,NA,NA,NA,NA,NA,NA,NA,"Open example_url. If this host is where notices of award are posted, put that page in award_posting_url and set last_verified. If it is a pass-through administrator, fill pass_through_admin instead (§7.3)."
SD,5,https://sourcing.esmsolutions.com,NA,https://sourcing.esmsolutions.com/postingboard/entities/3444a404-3818-494f-84c5-2a850acd7779,1,0,2026-08-27,UNVERIFIED,NA,NA,NA,NA,NA,NA,NA,NA,"Open example_url. If this host is where notices of award are posted, put that page in award_posting_url and set last_verified. If it is a pass-through administrator, fill pass_through_admin instead (§7.3)."
TN,1,https://www.tn.gov,Creating Healthier Rural Communities Through the End Zone for Chronic Disease Prevention,https://www.tn.gov/content/dam/tn/generalservices/documents/cpo/swc-files/700/swc-700/SWC_700_Usage_Instructions.docx,9,7,2026-08-27,UNVERIFIED,NA,NA,NA,NA,NA,NA,NA,NA,"Open example_url. If this host is where notices of award are posted, put that page in award_posting_url and set last_verified. If it is a pass-through administrator, fill pass_through_admin instead (§7.3)."
TN,2,https://tha.com,"TN - 2026 - Tennessee Landing Page (updated: August 19, 2026)",https://tha.com/advocacy/rural-health-transformation-program,2,1,2026-08-19,UNVERIFIED,NA,NA,NA,NA,NA,NA,NA,NA,"Open example_url. If this host is where notices of award are posted, put that page in award_posting_url and set last_verified. If it is a pass-through administrator, fill pass_through_admin instead (§7.3)."
TN,3,https://c2cre237.caspio.com,Establish the Tennessee Memory Care Assessment Network (MCAN),https://c2cre237.caspio.com/dp/4cdb40003c407a2328014c28a496,1,0,2026-06-03,UNVERIFIED,NA,NA,NA,NA,NA,NA,NA,NA,"Open example_url. If this host is where notices of award are posted, put that page in award_posting_url and set last_verified. If it is a pass-through administrator, fill pass_through_admin instead (§7.3)."
TN,4,https://tndeptofhealth.caspio.app,NA,https://tndeptofhealth.caspio.app/tdh-partner-portal/home,1,0,2026-06-16,UNVERIFIED,NA,NA,NA,NA,NA,NA,NA,NA,"Open example_url. If this host is where notices of award are posted, put that page in award_posting_url and set last_verified. If it is a pass-through administrator, fill pass_through_admin instead (§7.3)."
TX,1,https://gov.texas.gov,TX - 2025 - Office of the Texas Governor | Greg Abbott Home,https://gov.texas.gov/organization/military/grants,7,6,2026-08-27,UNVERIFIED,NA,NA,NA,NA,NA,NA,NA,NA,"Open example_url. If this host is where notices of award are posted, put that page in award_posting_url and set last_verified. If it is a pass-through administrator, fill pass_through_admin instead (§7.3)."
TX,2,https://hhsgrant.my.site.com,Recovery-Focused Clubhouse Grant Program,https://hhsgrant.my.site.com/Grants,6,1,2026-08-27,UNVERIFIED,NA,NA,NA,NA,NA,NA,NA,NA,"Open example_url. If this host is where notices of award are posted, put that page in award_posting_url and set last_verified. If it is a pass-through administrator, fill pass_through_admin instead (§7.3)."
TX,3,https://resources.hhs.texas.gov,Family Support Services (FSS) Community Services Grant,https://resources.hhs.texas.gov/rfa,3,2,2026-08-27,UNVERIFIED,NA,NA,NA,NA,NA,NA,NA,NA,"Open example_url. If this host is where notices of award are posted, put that page in award_posting_url and set last_verified. If it is a pass-through administrator, fill pass_through_admin instead (§7.3)."
TX,4,https://pfd.hhs.texas.gov,NA,https://pfd.hhs.texas.gov/rural-health-transformation-program,1,0,2026-08-27,UNVERIFIED,NA,NA,NA,NA,NA,NA,NA,NA,"Open example_url. If this host is where notices of award are posted, put that page in award_posting_url and set last_verified. If it is a pass-through administrator, fill pass_through_admin instead (§7.3)."
UT,1,https://docs.google.com,UT - 2024 - RHTP SHIFT 3.4 New Models of Care Q & A,https://docs.google.com/document/d/1GEbypfzMcuyJFrBFUMox4UdPQInx-pQNLjfWAOTnFTY/export?format=docx,9,9,2026-08-24,UNVERIFIED,NA,NA,NA,NA,NA,NA,NA,NA,"Open example_url. If this host is where notices of award are posted, put that page in award_posting_url and set last_verified. If it is a pass-through administrator, fill pass_through_admin instead (§7.3)."
UT,2,https://dhhs.utah.gov,"Behavioral Health–Primary Care Integration (PATH 1.5, 1.G)",https://dhhs.utah.gov/ruralhealth/cms-information,6,4,2026-08-27,UNVERIFIED,NA,NA,NA,NA,NA,NA,NA,NA,"Open example_url. If this host is where notices of award are posted, put that page in award_posting_url and set last_verified. If it is a pass-through administrator, fill pass_through_admin instead (§7.3)."
UT,3,https://ruralhealth.utah.gov,NA,https://ruralhealth.utah.gov,2,0,2026-04-27,UNVERIFIED,NA,NA,NA,NA,NA,NA,NA,NA,"Open example_url. If this host is where notices of award are posted, put that page in award_posting_url and set last_verified. If it is a pass-through administrator, fill pass_through_admin instead (§7.3)."
VA,1,https://vhhafoundation.org,VA - 2026 - RHT IN VIRGINIA,https://vhhafoundation.org/virginia-rural-health-transformation/,3,2,2026-08-26,UNVERIFIED,NA,NA,NA,NA,NA,NA,NA,NA,"Open example_url. If this host is where notices of award are posted, put that page in award_posting_url and set last_verified. If it is a pass-through administrator, fill pass_through_admin instead (§7.3)."
VA,2,https://www.ruralhealthtransformationva.virginia.gov,VA - 2024 - Virginia RHT An official website of the Commonwealth of Virginia Here's how you know,https://www.ruralhealthtransformationva.virginia.gov/,3,1,2026-08-22,UNVERIFIED,NA,NA,NA,NA,NA,NA,NA,NA,"Open example_url. If this host is where notices of award are posted, put that page in award_posting_url and set last_verified. If it is a pass-through administrator, fill pass_through_admin instead (§7.3)."
VA,3,https://www.vhcf.org,Provider Productivity: Technology that Makes Time for Care (RFA-RHTP-2026-02),https://www.vhcf.org/rural-health,3,2,2026-08-22,UNVERIFIED,NA,NA,NA,NA,NA,NA,NA,NA,"Open example_url. If this host is where notices of award are posted, put that page in award_posting_url and set last_verified. If it is a pass-through administrator, fill pass_through_admin instead (§7.3)."
VA,4,https://dmas.virginia.gov,VA - 2026 - The Rural Health Care Transformation initiative is a statewide effort to strengthen health care in Virginia’s rural communities.,https://dmas.virginia.gov/data-reporting/programs-services/rural-health-transformation,2,1,2026-08-27,UNVERIFIED,NA,NA,NA,NA,NA,NA,NA,NA,"Open example_url. If this host is where notices of award are posted, put that page in award_posting_url and set last_verified. If it is a pass-through administrator, fill pass_through_admin instead (§7.3)."
VA,5,https://www.dmas.virginia.gov,NA,https://www.dmas.virginia.gov/news-updates/press-releases,2,1,2026-08-27,UNVERIFIED,NA,NA,NA,NA,NA,NA,NA,NA,"Open example_url. If this host is where notices of award are posted, put that page in award_posting_url and set last_verified. If it is a pass-through administrator, fill pass_through_admin instead (§7.3)."
VA,6,https://vfcce.org,Virginia RHTP: Homegrown Health Heroes — Allied Health Degrees (VFCCE),https://vfcce.org/news/,1,0,2026-08-21,UNVERIFIED,NA,NA,NA,NA,NA,NA,NA,NA,"Open example_url. If this host is where notices of award are posted, put that page in award_posting_url and set last_verified. If it is a pass-through administrator, fill pass_through_admin instead (§7.3)."
VT,1,https://www.vermontbusinessregistry.com,AHS Rural Health Grant Management Solution,https://www.vermontbusinessregistry.com/BidPreview.aspx?BidID=73660,12,0,2026-06-04,UNVERIFIED,NA,NA,NA,NA,NA,NA,NA,NA,"Open example_url. If this host is where notices of award are posted, put that page in award_posting_url and set last_verified. If it is a pass-through administrator, fill pass_through_admin instead (§7.3)."
VT,2,https://taggs.hhs.gov,VT - 2025 - Award Information,https://taggs.hhs.gov/Detail/AwardDetail?arg_AwardNum=RHTCMS332047&arg_ProgOfficeCode=190,5,4,2026-08-27,UNVERIFIED,NA,NA,NA,NA,NA,NA,NA,NA,"Open example_url. If this host is where notices of award are posted, put that page in award_posting_url and set last_verified. If it is a pass-through administrator, fill pass_through_admin instead (§7.3)."
VT,3,https://healthcarereform.vermont.gov,Enhancing Blueprint Transformation Network Capacity: Workforce Support and System Development through Learning Collabs,https://healthcarereform.vermont.gov/rht-program-rfps-nofos,4,2,2026-08-27,UNVERIFIED,NA,NA,NA,NA,NA,NA,NA,NA,"Open example_url. If this host is where notices of award are posted, put that page in award_posting_url and set last_verified. If it is a pass-through administrator, fill pass_through_admin instead (§7.3)."
VT,4,https://gmcboard.vermont.gov,NA,https://gmcboard.vermont.gov/board/news,3,1,2026-08-19,UNVERIFIED,NA,NA,NA,NA,NA,NA,NA,NA,"Open example_url. If this host is where notices of award are posted, put that page in award_posting_url and set last_verified. If it is a pass-through administrator, fill pass_through_admin instead (§7.3)."
VT,5,http://www.bgs.state.vt.us,NA,http://www.bgs.state.vt.us/pca/bids/pdf/GMCB%20RHT%20Health%20Data%20Infrastructure%20Tranformation%20RFP%20Addendum1.pdf,2,0,2026-06-15,UNVERIFIED,NA,NA,NA,NA,NA,NA,NA,NA,"Open example_url. If this host is where notices of award are posted, put that page in award_posting_url and set last_verified. If it is a pass-through administrator, fill pass_through_admin instead (§7.3)."
VT,6,https://dail.vermont.gov,VT DAIL RHT NOFO: Expanding Dialysis & Ventilator Services,https://dail.vermont.gov/news/rural-health-transformation-grant-opportunities,2,1,2026-08-24,UNVERIFIED,NA,NA,NA,NA,NA,NA,NA,NA,"Open example_url. If this host is where notices of award are posted, put that page in award_posting_url and set last_verified. If it is a pass-through administrator, fill pass_through_admin instead (§7.3)."
WA,1,https://www.hca.wa.gov,Embedding Substance Use Disorder Support Services in Washington Emergency Departments,https://www.hca.wa.gov/about-hca/bids-and-contracts,4,1,2026-08-26,UNVERIFIED,NA,NA,NA,NA,NA,NA,NA,NA,"Open example_url. If this host is where notices of award are posted, put that page in award_posting_url and set last_verified. If it is a pass-through administrator, fill pass_through_admin instead (§7.3)."
WI,1,https://www.dhs.wisconsin.gov,Community Health Workers (CHW) Training Providers,https://www.dhs.wisconsin.gov/business/solicitations-list.htm,9,2,2026-08-25,UNVERIFIED,NA,NA,NA,NA,NA,NA,NA,NA,"Open example_url. If this host is where notices of award are posted, put that page in award_posting_url and set last_verified. If it is a pass-through administrator, fill pass_through_admin instead (§7.3)."
WI,2,https://dpi.wi.gov,WI - 2025 - Perkins Webinars,https://dpi.wi.gov/cte/perkins-technical-assistance/perkins-webinars,4,3,2026-08-26,UNVERIFIED,NA,NA,NA,NA,NA,NA,NA,NA,"Open example_url. If this host is where notices of award are posted, put that page in award_posting_url and set last_verified. If it is a pass-through administrator, fill pass_through_admin instead (§7.3)."
WI,3,https://dwd.wisconsin.gov,"Workforce Innovation Grant: Healthcare Employment, Access, and Rural Transformation (WIG:HEART)",https://dwd.wisconsin.gov/det/heart,2,0,2026-07-31,UNVERIFIED,NA,NA,NA,NA,NA,NA,NA,NA,"Open example_url. If this host is where notices of award are posted, put that page in award_posting_url and set last_verified. If it is a pass-through administrator, fill pass_through_admin instead (§7.3)."
WI,4,https://worh.org,NA,https://worh.org/events/,2,0,2026-06-26,UNVERIFIED,NA,NA,NA,NA,NA,NA,NA,NA,"Open example_url. If this host is where notices of award are posted, put that page in award_posting_url and set last_verified. If it is a pass-through administrator, fill pass_through_admin instead (§7.3)."
WV,1,https://health.wv.gov,Connected Care Grid – Interoperable Provider Directory and Scheduling Platform,https://health.wv.gov/news,6,3,2026-08-27,UNVERIFIED,NA,NA,NA,NA,NA,NA,NA,NA,"Open example_url. If this host is where notices of award are posted, put that page in award_posting_url and set last_verified. If it is a pass-through administrator, fill pass_through_admin instead (§7.3)."
WV,2,https://docs.google.com,WV - 2024 - West Virginia RHTP Solicitation Q&A Form: Smart Care Catalyst - Program of All-Inclusive Care for the Elderly (PACE) -Aligned Care Model…,https://docs.google.com/forms/d/e/1FAIpQLScFgHaLqDzCVPh19_PczLRfudcSRbpdOjsDOEn_8iat23kkCQ/viewform,2,2,2026-08-27,UNVERIFIED,NA,NA,NA,NA,NA,NA,NA,NA,"Open example_url. If this host is where notices of award are posted, put that page in award_posting_url and set last_verified. If it is a pass-through administrator, fill pass_through_admin instead (§7.3)."
WV,3,https://prd311.wvoasis.gov,AFA - Mobile Medical Primary Care & Dental Care - FY2027,https://prd311.wvoasis.gov/PRDVSS1X1ERP/Advantage4,2,1,2026-08-26,UNVERIFIED,NA,NA,NA,NA,NA,NA,NA,NA,"Open example_url. If this host is where notices of award are posted, put that page in award_posting_url and set last_verified. If it is a pass-through administrator, fill pass_through_admin instead (§7.3)."
WV,4,https://governor.wv.gov,NA,https://governor.wv.gov/rht,1,0,2026-04-23,UNVERIFIED,NA,NA,NA,NA,NA,NA,NA,NA,"Open example_url. If this host is where notices of award are posted, put that page in award_posting_url and set last_verified. If it is a pass-through administrator, fill pass_through_admin instead (§7.3)."
WY,1,https://health.wyo.gov,"WY - 2025 - Wyoming Landing Page (updated: August 21, 2026)",https://health.wyo.gov/admin/rural-health-transformation-program,3,1,2026-08-21,UNVERIFIED,NA,NA,NA,NA,NA,NA,NA,NA,"Open example_url. If this host is where notices of award are posted, put that page in award_posting_url and set last_verified. If it is a pass-through administrator, fill pass_through_admin instead (§7.3)."
WY,2,https://drive.google.com,NA,https://drive.google.com/file/d/17ThC-OECPErGwky8z6SszwoqaF0tqsTG/view,1,0,2026-07-01,UNVERIFIED,NA,NA,NA,NA,NA,NA,NA,NA,"Open example_url. If this host is where notices of award are posted, put that page in award_posting_url and set last_verified. If it is a pass-through administrator, fill pass_through_admin instead (§7.3)."
WY,3,https://wyrhtp.submittable.com,Wyoming RHTP RFA - 1.1. Critical Access Hospital - Basic,https://wyrhtp.submittable.com/submit,1,0,2026-07-11,UNVERIFIED,NA,NA,NA,NA,NA,NA,NA,NA,"Open example_url. If this host is where notices of award are posted, put that page in award_posting_url and set last_verified. If it is a pass-through administrator, fill pass_through_admin instead (§7.3)."
