state,awardee,new_type,determined_form,basis_type,source,why
MS,Singing River Services,OTHER,Mississippi regional community mental health centre,GENERAL_KNOWLEDGE,"no citable source for the FORM; the answer is this project's own knowledge (§0.4, session 49 policy 3)","THE REGION 14 COMMUNITY MENTAL HEALTH CENTRE, NOT SINGING RIVER HEALTH SYSTEM. The hospital system of that name is in Jackson County; this awardee is in George County and is the regional CMHC. The shared stem is exactly the trap §2 exists for."
MS,Region IV Mental Health Services,OTHER,Mississippi regional community mental health centre,GENERAL_KNOWLEDGE,"no citable source for the FORM; the answer is this project's own knowledge (§0.4, session 49 policy 3)",One of Mississippi's regional community mental health centres.
MS,Kinder Mind,OTHER,outpatient behavioural health practice,GENERAL_KNOWLEDGE,"no citable source for the FORM; the answer is this project's own knowledge (§0.4, session 49 policy 3)",An outpatient behavioural health practice.
MS,"Hattiesburg Clinic, P.A.",PHYSICIAN_PRACTICE,multispecialty physician group (professional association),GENERAL_KNOWLEDGE,"no citable source for the FORM; the answer is this project's own knowledge (§0.4, session 49 policy 3)",A physician-owned multispecialty group practice; the 'P.A.' in the awardee string is Mississippi's professional-association form for a physician practice.
MS,Region 8 Mental Health,OTHER,Mississippi regional community mental health centre,GENERAL_KNOWLEDGE,"no citable source for the FORM; the answer is this project's own knowledge (§0.4, session 49 policy 3)","One of Mississippi's regional community mental health centres, established as a regional commission of its member counties. §8 carries no code for a CMHC; it is not a hospital, and it is not the awarding agency, so STATE_AGENCY would misdescribe it."
MS,Gulf Coast Outpatient Surgery Center,OTHER,ambulatory surgery centre,GENERAL_KNOWLEDGE,"no citable source for the FORM; the answer is this project's own knowledge (§0.4, session 49 policy 3)",An ambulatory surgery centre. An ASC is a Medicare provider type distinct from a hospital and §8 carries no code for it.
MS,Mississippi Children's Home Society dba Canopy Children's Solutions,NONPROFIT_CBO,community-based nonprofit (children's behavioural health and welfare),GENERAL_KNOWLEDGE,"no citable source for the FORM; the answer is this project's own knowledge (§0.4, session 49 policy 3)","A statewide children's nonprofit trading as Canopy Children's Solutions. Determined, not inferred."
MS,Preventive Care MD,PHYSICIAN_PRACTICE,physician practice,GENERAL_KNOWLEDGE,"no citable source for the FORM; the answer is this project's own knowledge (§0.4, session 49 policy 3)",A primary-care practice operating rural sites on the Gulf Coast.
MS,"Family Health Center, Inc.",FQHC_OR_RHC,federally qualified health center,ORG_WEBSITE,"https://data.cms.gov/data-api/v1/dataset/4bcae866-3411-439a-b762-90a6187c194b/data (FQHC Enrollments, 2026-07-17)","CMS FQHC Enrollments carries 'FAMILY HEALTH CENTER, INC' against CCNs 251067 (Waynesboro), 251835 (Laurel), 251899 (Sandersville). Award county is Jones."
MS,Metabolic Medicine of Mississippi,PHYSICIAN_PRACTICE,physician practice,GENERAL_KNOWLEDGE,"no citable source for the FORM; the answer is this project's own knowledge (§0.4, session 49 policy 3)",A single-specialty clinical practice.
MS,"Lampton Medical Associates, P. A.",PHYSICIAN_PRACTICE,physician practice (professional association),GENERAL_KNOWLEDGE,"no citable source for the FORM; the answer is this project's own knowledge (§0.4, session 49 policy 3)",A physician practice; 'Medical Associates ... P. A.' is the professional-association form.
MS,"Southeast Mississippi Rural Health Initiative, Inc",FQHC_OR_RHC,federally qualified health center,ORG_WEBSITE,"https://data.cms.gov/data-api/v1/dataset/4bcae866-3411-439a-b762-90a6187c194b/data (FQHC Enrollments, 2026-07-17)","CMS FQHC Enrollments carries 'SOUTHEAST MISSISSIPPI RURAL HEALTH INITIATIVE, INC.' against many Mississippi FQHC CCNs."
MS,Mission Primary Care Clinic PLLC,PHYSICIAN_PRACTICE,physician practice (PLLC),GENERAL_KNOWLEDGE,"no citable source for the FORM; the answer is this project's own knowledge (§0.4, session 49 policy 3)",A primary-care practice organised as a professional limited liability company.
MS,Magee Benevolent Association,HOSPITAL_OR_SYSTEM,"acute care hospital (Magee General Hospital, CCN 250124)",ORG_WEBSITE,"https://data.cms.gov/provider-data/dataset/xubh-q36u (Hospital Enrollments, 2026-07-31)","CMS Hospital Enrollments carries ORGANIZATION NAME 'MAGEE BENEVOLENT ASSOCIATION', Magee MS (Simpson County), against CCN 250124. The awardee string is the hospital's own legal name and the award's county matches."
MS,"The Greenville Clinic, PA",PHYSICIAN_PRACTICE,physician practice (professional association),GENERAL_KNOWLEDGE,"no citable source for the FORM; the answer is this project's own knowledge (§0.4, session 49 policy 3)",A physician practice organised as a professional association.
MS,Medical Associates of Vicksburg,PHYSICIAN_PRACTICE,physician practice,GENERAL_KNOWLEDGE,"no citable source for the FORM; the answer is this project's own knowledge (§0.4, session 49 policy 3)","A physician group practice in Vicksburg; no federal facility enrolment carries it, which is consistent with an office-based practice."
MS,"Dental Solutions, PLLC",OTHER,dental practice,GENERAL_KNOWLEDGE,"no citable source for the FORM; the answer is this project's own knowledge (§0.4, session 49 policy 3)",A dental practice organised as a PLLC.
MS,AIDS Services Coalition,NONPROFIT_CBO,community-based nonprofit,GENERAL_KNOWLEDGE,"no citable source for the FORM; the answer is this project's own knowledge (§0.4, session 49 policy 3)","A community-based nonprofit providing HIV services and housing. The CODE is the same string §8's fallback uses, but it is now a DETERMINED answer with a basis rather than a statement that the form is unknown, so RECIPIENT_TYPE_INFERRED comes off."
MS,"Aaron E Henry Community Health Services Center, INC",FQHC_OR_RHC,federally qualified health center,ORG_WEBSITE,"https://data.cms.gov/data-api/v1/dataset/4bcae866-3411-439a-b762-90a6187c194b/data (FQHC Enrollments, 2026-07-17)","CMS FQHC Enrollments carries this operator against four Mississippi FQHC CCNs (251030 Coldwater, 251134 and 251832 Clarksdale, 251838 Tunica)."
MS,Positive Pathways LLC,OTHER,outpatient behavioural health practice,GENERAL_KNOWLEDGE,"no citable source for the FORM; the answer is this project's own knowledge (§0.4, session 49 policy 3)",An outpatient behavioural health practice.
MS,"East Central Mississippi Health Care, Inc.",FQHC_OR_RHC,federally qualified health center,ORG_WEBSITE,"https://data.cms.gov/data-api/v1/dataset/4bcae866-3411-439a-b762-90a6187c194b/data (FQHC Enrollments, 2026-07-17)","CMS FQHC Enrollments carries 'EAST CENTRAL MISSISSIPPI HEALTH CARE INC' against CCNs 251031, 251829, 251841, 251851."
MS,"Delta Health Center, Inc.",FQHC_OR_RHC,federally qualified health center,ORG_WEBSITE,"https://data.cms.gov/data-api/v1/dataset/4bcae866-3411-439a-b762-90a6187c194b/data (FQHC Enrollments, 2026-07-17)",The same operator as the row above under Mississippi's second spelling. Both kept (§2).
MS,Mantachie Rural Health Care Inc.,FQHC_OR_RHC,federally qualified health center,ORG_WEBSITE,"https://data.cms.gov/data-api/v1/dataset/4bcae866-3411-439a-b762-90a6187c194b/data (FQHC Enrollments, 2026-07-17)","CMS FQHC Enrollments carries 'MANTACHIE RURAL HEALTH CARE, INC' against CCNs 251043, 251163, 251178, 251852."
MS,Outreach Health Services,FQHC_OR_RHC,federally qualified health center,ORG_WEBSITE,"https://data.cms.gov/data-api/v1/dataset/4bcae866-3411-439a-b762-90a6187c194b/data (FQHC Enrollments, 2026-07-17)","CMS FQHC Enrollments carries 'OUTREACH HEALTH SERVICES,INC.' against CCNs 251831 (Shubuta) and 251839 (Heidelberg)."
MS,"GA Carmichael Family Health Center, Inc.",FQHC_OR_RHC,federally qualified health center,ORG_WEBSITE,"https://data.cms.gov/data-api/v1/dataset/4bcae866-3411-439a-b762-90a6187c194b/data (FQHC Enrollments, 2026-07-17)",CMS FQHC Enrollments carries 'GA CARMICHAEL FAMILY HEALTH CENTER INC' against CCN 251061.
MS,"Access Family Health Services, Inc.",FQHC_OR_RHC,federally qualified health center,ORG_WEBSITE,"https://data.cms.gov/data-api/v1/dataset/4bcae866-3411-439a-b762-90a6187c194b/data (FQHC Enrollments, 2026-07-17)","CMS FQHC Enrollments carries 'ACCESS FAMILY HEALTH SERVICES, INC.' against multiple Mississippi FQHC CCNs (251049, 251074, 251075, 251076)."
MS,Ochsner MS,HOSPITAL_OR_SYSTEM,"health system operating Mississippi hospitals (Ochsner Rush Medical Center, Meridian, CCN 250069)",GENERAL_KNOWLEDGE,"no citable source for the FORM; the answer is this project's own knowledge (§0.4, session 49 policy 3)","A HAND-READ BRIDGE. 'Ochsner MS' is a shorthand no federal record carries. CMS Hospital Enrollments lists OCHSNER RUSH MEDICAL CENTER (Meridian, Lauderdale County, CCN 250069, legal name Rush Medical Foundation) and the award's county is Lauderdale; Ochsner's other Mississippi hospitals (Scott Regional, Stennis) are in other counties. The identification is this project's, so LOW."
MS,Merit Health River Region,HOSPITAL_OR_SYSTEM,acute care hospital (CCN 250031),ORG_WEBSITE,"https://data.cms.gov/provider-data/dataset/xubh-q36u (Hospital Enrollments, 2026-07-31)","CMS Hospital Enrollments carries DOING BUSINESS AS NAME 'MERIT HEALTH RIVER REGION', Vicksburg MS (Warren County), against CCN 250031; the legal name is Vicksburg Healthcare LLC. Award county matches."
MS,Winston County Medical Foundation,HOSPITAL_OR_SYSTEM,"acute care hospital (Winston Medical Center, CCN 250027)",ORG_WEBSITE,"https://data.cms.gov/provider-data/dataset/xubh-q36u (Hospital Enrollments, 2026-07-31)","CMS Hospital Enrollments carries ORGANIZATION NAME 'WINSTON COUNTY MEDICAL FOUNDATION', Louisville MS, against CCN 250027 -- the state's published awardee string IS the hospital's legal name. The IRS Business Master File gives the same body as 'Winston County Medical Foundation Dba Winston Medical Center' and its Form 990 checks 'operated one or more hospital facilities' (Schedule H). Two federal publishers, nothing arranged. This is NOT §10.2's hospital-foundation row -- the foundation IS the hospital, it is not an arm of one -- which is why the queued MS_FOUNDATION_PARENT_NOT_STATED question resolves rather than needing the rule."
MS,Central Mississippi Civic Improvement Association Inc,FQHC_OR_RHC,federally qualified health center (Jackson-Hinds Comprehensive Health Center),ORG_WEBSITE,"https://data.cms.gov/data-api/v1/dataset/4bcae866-3411-439a-b762-90a6187c194b/data (FQHC Enrollments, 2026-07-17)","CMS FQHC Enrollments carries this operator against many Mississippi FQHC CCNs, with DBAs reading 'JACKSON HINDS COMPREHENSIVE HEALTH CENTER'."
MS,Northtown Pharmacy LLC,OTHER,retail pharmacy,GENERAL_KNOWLEDGE,"no citable source for the FORM; the answer is this project's own knowledge (§0.4, session 49 policy 3)",A retail pharmacy -- the same determined form session 49 admitted OTHER for.
MS,"Amite County Medical Services, Inc.",FQHC_OR_RHC,federally qualified health center,ORG_WEBSITE,"https://data.cms.gov/data-api/v1/dataset/4bcae866-3411-439a-b762-90a6187c194b/data (FQHC Enrollments, 2026-07-17)",CMS FQHC Enrollments carries 'AMITE COUNTY MEDICAL SERVICES INC' against CCNs 251032 and 251826.
MS,"Spann Senses, LLC",OTHER,speech-language pathology practice,GENERAL_KNOWLEDGE,"no citable source for the FORM; the answer is this project's own knowledge (§0.4, session 49 policy 3)",A speech-language services practice.
MS,"Medplus Urgent Clinic, LLC",PHYSICIAN_PRACTICE,clinician practice (urgent care),GENERAL_KNOWLEDGE,"no citable source for the FORM; the answer is this project's own knowledge (§0.4, session 49 policy 3)",An urgent-care clinic operator.
MS,"Internal Medicine Clinic of Columbia, PA",FQHC_OR_RHC,rural health clinic,ORG_WEBSITE,"https://data.cms.gov/data-api/v1/dataset/3b7e7659-067e-41ea-8e36-f9ee2036e1f6/data (RHC Enrollments, 2026-07-17)","CMS RHC Enrollments carries 'INTERNAL MEDICINE CLINIC OF COLUMBIA, P.A.' against CCN 258902, Columbia MS (Marion County). Award county matches."
MS,"P & S Clinic OB-GYN, PLLC",PHYSICIAN_PRACTICE,physician practice (PLLC),GENERAL_KNOWLEDGE,"no citable source for the FORM; the answer is this project's own knowledge (§0.4, session 49 policy 3)",An obstetrics and gynaecology practice organised as a PLLC.
MS,"Simpson Community Healthcare, Inc.",HOSPITAL_OR_SYSTEM,"critical access hospital (CCN 251317, Mendenhall MS)",ORG_WEBSITE,"https://data.cms.gov/provider-data/dataset/xubh-q36u (Hospital Enrollments, 2026-07-31)","CMS Hospital Enrollments carries ORGANIZATION NAME 'SIMPSON COMMUNITY HEALTHCARE, INC.', Mendenhall MS, against CCN 251317. Award county is Simpson."
MS,George Regional Health and Rehab,OTHER,skilled nursing and rehabilitation facility,GENERAL_KNOWLEDGE,"no citable source for the FORM; the answer is this project's own knowledge (§0.4, session 49 policy 3)","A skilled nursing and rehabilitation facility. IT IS NOT GEORGE REGIONAL HOSPITAL, which is a separate body and is not an awardee here; typing this row a hospital on the shared 'George Regional' stem is the fuzzy match §2 forbids."
MS,Independent Healthcare Management Inc,HOSPITAL_OR_SYSTEM,"critical access hospital operator (CCN 251300, Forest MS)",ORG_WEBSITE,"https://data.cms.gov/provider-data/dataset/xubh-q36u (Hospital Enrollments, 2026-07-31)","CMS Hospital Enrollments carries ORGANIZATION NAME 'INDEPENDENT HEALTHCARE MANAGEMENT INC', Forest MS (Scott County), against CCN 251300, plus an RHC enrolment at the same address. Award county is Scott."
MS,"Fast Pace Mississippi, PLLC",FQHC_OR_RHC,rural health clinic,ORG_WEBSITE,"https://data.cms.gov/data-api/v1/dataset/3b7e7659-067e-41ea-8e36-f9ee2036e1f6/data (RHC Enrollments, 2026-07-17)","CMS RHC Enrollments carries 'FAST PACE MISSISSIPPI PLLC' against a long series of Mississippi RHC CCNs (A53805 Carthage, A53806 Clarksdale, A53807 Columbia, A53808 Corinth and others)."
MS,"Daniel B. Story II, DMD",OTHER,dental practice (a named dentist),GENERAL_KNOWLEDGE,"no citable source for the FORM; the answer is this project's own knowledge (§0.4, session 49 policy 3)",A dental practice; the awardee string is a dentist's name and post-nominal.
MS,McComb Children’s Clinic,PHYSICIAN_PRACTICE,physician practice,GENERAL_KNOWLEDGE,"no citable source for the FORM; the answer is this project's own knowledge (§0.4, session 49 policy 3)",A paediatric practice.
MS,"Quinn Healthcare, PLLC",PHYSICIAN_PRACTICE,clinician practice (PLLC),GENERAL_KNOWLEDGE,"no citable source for the FORM; the answer is this project's own knowledge (§0.4, session 49 policy 3)",A clinician-owned practice organised as a PLLC.
MS,Jefferson County Nursing Home,OTHER,nursing home,GENERAL_KNOWLEDGE,"no citable source for the FORM; the answer is this project's own knowledge (§0.4, session 49 policy 3)",A nursing home -- the determined form session 49 admitted OTHER for.
MS,Downs Family Dentistry,OTHER,dental practice,GENERAL_KNOWLEDGE,"no citable source for the FORM; the answer is this project's own knowledge (§0.4, session 49 policy 3)",A dental practice.
MS,"Countrywood Manor Assisted Living, Inc.",OTHER,assisted living facility,GENERAL_KNOWLEDGE,"no citable source for the FORM; the answer is this project's own knowledge (§0.4, session 49 policy 3)",An assisted living facility operator.
MS,Delta Health Center,FQHC_OR_RHC,federally qualified health center,ORG_WEBSITE,"https://data.cms.gov/data-api/v1/dataset/4bcae866-3411-439a-b762-90a6187c194b/data (FQHC Enrollments, 2026-07-17)","CMS FQHC Enrollments carries 'DELTA HEALTH CENTER, INC.' against CCNs 251008, 251020, 251022, 251033. Mississippi publishes this awardee both with and without the 'Inc.'; both spellings are kept (§2)."
MS,"Independent Healthcare Management, Inc.",HOSPITAL_OR_SYSTEM,"critical access hospital operator (CCN 251300, Forest MS)",ORG_WEBSITE,"https://data.cms.gov/provider-data/dataset/xubh-q36u (Hospital Enrollments, 2026-07-31)","The same body as the row above under Mississippi's second spelling (a comma and a full stop apart). BOTH SPELLINGS ARE KEPT (§2): they are two award actions, not one, and nothing is merged."
MS,Sai Sanjeevani Medical Group,PHYSICIAN_PRACTICE,physician practice,GENERAL_KNOWLEDGE,"no citable source for the FORM; the answer is this project's own knowledge (§0.4, session 49 policy 3)",A physician group practice.
MS,Progressive Health of Houston,HOSPITAL_OR_SYSTEM,"critical access hospital operator (CCN 250785, Houston MS)",ORG_WEBSITE,"https://data.cms.gov/provider-data/dataset/xubh-q36u (Hospital Enrollments, 2026-07-31)","CMS Hospital Enrollments carries ORGANIZATION NAME 'PROGRESSIVE HEALTH OF HOUSTON LLC', Houston MS (Chickasaw County), against CCN 250785, plus three RHC enrolments. Award county is Chickasaw."
MS,"Webster Healthcare Services, Inc.",HOSPITAL_OR_SYSTEM,"critical access hospital operator (Webster General Hospital, Eupora MS, CCN 250020)",GENERAL_KNOWLEDGE,"no citable source for the FORM; the answer is this project's own knowledge (§0.4, session 49 policy 3)","A HAND-READ BRIDGE AND NOT A RECORD MATCH, SO IT IS LOW. CMS Hospital Enrollments carries 'WEBSTER HEALTH SERVICES INC' dba 'WEBSTER GENERAL HOSPITAL' in Eupora, Webster County, CCN 250020; Mississippi publishes 'Webster HealthCARE Services, Inc.', ONE WORD DIFFERENT. The award's county is Webster and CMS lists no other hospital operator in it, which is what carries the identification -- but the bridge is this project's reading, not either publisher's statement, so §2's ban on a machine resolving a fuzzy hospital match is honoured by making it visible here and pricing it at LOW."
MS,USDR Behavioral Specialists,OTHER,applied behaviour analysis practice,GENERAL_KNOWLEDGE,"no citable source for the FORM; the answer is this project's own knowledge (§0.4, session 49 policy 3)",An applied behaviour analysis and behavioural health practice.
MS,Laurel Surgery & Endoscopy Center,OTHER,ambulatory surgery centre,GENERAL_KNOWLEDGE,"no citable source for the FORM; the answer is this project's own knowledge (§0.4, session 49 policy 3)",An ambulatory surgery and endoscopy centre.
MS,Southwest Mississippi Regional Center,HOSPITAL_OR_SYSTEM,"acute care hospital (Southwest Mississippi Regional Medical Center, McComb, CCN 250097)",GENERAL_KNOWLEDGE,"no citable source for the FORM; the answer is this project's own knowledge (§0.4, session 49 policy 3)","A HAND-READ BRIDGE WITH A REAL RIVAL, AND THE COUNTY IS WHAT DECIDES IT. Two Mississippi organisations answer to something like this name: Southwest Mississippi Regional MEDICAL CENTER, McComb, PIKE County (CCN 250097), and the Department of Mental Health's Southwest Mississippi Regional CENTER, Brookhaven, LINCOLN County. The award's county is PIKE. The state drops the word MEDICAL, so the bridge is this project's reading and is priced at LOW."
MS,Northeast Mental Health - Mental Retardation Commission d.b.a. LIFECORE Health Group,OTHER,Mississippi regional community mental health centre,GENERAL_KNOWLEDGE,"no citable source for the FORM; the answer is this project's own knowledge (§0.4, session 49 policy 3)",A regional community mental health commission trading as LIFECORE Health Group. Mississippi publishes this body under TWO spellings and they are NOT merged (§2).
MS,Endocrine Diabetes & Thyroid Center PLLC,PHYSICIAN_PRACTICE,physician practice (PLLC),GENERAL_KNOWLEDGE,"no citable source for the FORM; the answer is this project's own knowledge (§0.4, session 49 policy 3)",A single-specialty endocrinology practice organised as a PLLC.
MS,Mantachie Rural Health Center,FQHC_OR_RHC,federally qualified health center,GENERAL_KNOWLEDGE,"no citable source for the FORM; the answer is this project's own knowledge (§0.4, session 49 policy 3)","Mississippi's SECOND spelling for the same Itawamba County operator ('Health Center' for 'Health Care Inc.'). No federal record carries this exact string, so the bridge is this project's reading and is priced LOW. NOT MERGED with the row above (§2): two award actions, two rows."
MS,"JWM Therapy Services, LLC",OTHER,outpatient therapy practice,GENERAL_KNOWLEDGE,"no citable source for the FORM; the answer is this project's own knowledge (§0.4, session 49 policy 3)","An outpatient paediatric physical, occupational and speech therapy practice."
MS,"Lafayette LTC, Inc.",OTHER,long-term care facility,GENERAL_KNOWLEDGE,"no citable source for the FORM; the answer is this project's own knowledge (§0.4, session 49 policy 3)",A long-term care facility; 'LTC' in the awardee string is the form.
MS,"Resilience Counseling & Recovery Center, LLC",OTHER,counselling and substance-use recovery practice,GENERAL_KNOWLEDGE,"no citable source for the FORM; the answer is this project's own knowledge (§0.4, session 49 policy 3)",An outpatient counselling and substance-use recovery practice.
MS,Harmony House Calls LLC,PHYSICIAN_PRACTICE,clinician practice (house-call primary care),GENERAL_KNOWLEDGE,"no citable source for the FORM; the answer is this project's own knowledge (§0.4, session 49 policy 3)",A house-call clinical practice.
MS,North Mississippi Commission on Mental Illness/Mental Retardation d.b.a. Communicare,OTHER,Mississippi regional community mental health centre,GENERAL_KNOWLEDGE,"no citable source for the FORM; the answer is this project's own knowledge (§0.4, session 49 policy 3)",A regional community mental health commission trading as Communicare.
MS,"NP Care Anywhere, LLC",PHYSICIAN_PRACTICE,clinician practice (nurse-practitioner-led),GENERAL_KNOWLEDGE,"no citable source for the FORM; the answer is this project's own knowledge (§0.4, session 49 policy 3)",A nurse-practitioner-led clinical practice. §8 carries PHYSICIAN_PRACTICE for a clinician-owned outpatient practice and has no narrower code; the determined form is stated here rather than in the code.
MS,Northeast Mental Health d.b.a. LIFECORE Health Group,OTHER,Mississippi regional community mental health centre,GENERAL_KNOWLEDGE,"no citable source for the FORM; the answer is this project's own knowledge (§0.4, session 49 policy 3)","The same commission under Mississippi's second, shorter spelling. Kept separate (§2)."
MS,"Plan A Health, Inc.",NONPROFIT_CBO,nonprofit community clinic operator,ORG_WEBSITE,https://projects.propublica.org/nonprofits/ (IRS Business Master File / Form 990),"The IRS Business Master File carries Plan A Health Inc as a 501(c)(3) with NTEE E32 (community clinic). Determined as a nonprofit clinic operator, not a hospital."
MS,"TrustCare Health, LLC",PHYSICIAN_PRACTICE,clinician practice (urgent and primary care),GENERAL_KNOWLEDGE,"no citable source for the FORM; the answer is this project's own knowledge (§0.4, session 49 policy 3)",A Mississippi urgent-care and primary-care clinic operator.
MS,"Coastal Family Health Center, Inc.",FQHC_OR_RHC,federally qualified health center,ORG_WEBSITE,"https://data.cms.gov/data-api/v1/dataset/4bcae866-3411-439a-b762-90a6187c194b/data (FQHC Enrollments, 2026-07-17)","CMS FQHC Enrollments carries 'COASTAL FAMILY HEALTH CENTER, INC' against CCNs 251002, 251006, 251053, 251054 and others."
MS,"Jefferson Comprehensive Health Center, Inc.",FQHC_OR_RHC,federally qualified health center,ORG_WEBSITE,"https://data.cms.gov/data-api/v1/dataset/4bcae866-3411-439a-b762-90a6187c194b/data (FQHC Enrollments, 2026-07-17)","CMS FQHC Enrollments carries 'JEFFERSON COMPREHENSIVE HEALTH CENTER, INC.' against CCNs 251007, 251041, 251813, 251875."
MS,PSP Medical Clinic,FQHC_OR_RHC,rural health clinic,ORG_WEBSITE,"https://data.cms.gov/data-api/v1/dataset/3b7e7659-067e-41ea-8e36-f9ee2036e1f6/data (RHC Enrollments, 2026-07-17)","CMS RHC Enrollments carries 'PSP MEDICAL CLINIC LLC' against CCNs 253855 (Yazoo City) and 258999 (Canton). Award county is Madison, which is Canton's county."
SC,Morphis Pediatric Group,PHYSICIAN_PRACTICE,physician practice,GENERAL_KNOWLEDGE,"no citable source for the FORM; the answer is this project's own knowledge (§0.4, session 49 policy 3)",A paediatric group practice.
SC,"Oh the Blood Mobile Phlebotomy, LLC",OTHER,mobile phlebotomy company,GENERAL_KNOWLEDGE,"no citable source for the FORM; the answer is this project's own knowledge (§0.4, session 49 policy 3)",A mobile phlebotomy company.
SC,Bluffton Jasper County Volunteers in Medicine,NONPROFIT_CBO,charitable free clinic,GENERAL_KNOWLEDGE,"no citable source for the FORM; the answer is this project's own knowledge (§0.4, session 49 policy 3)",A volunteer-staffed charitable free clinic.
SC,"Careteam Plus, Inc",FQHC_OR_RHC,federally qualified health center,ORG_WEBSITE,"https://data.cms.gov/data-api/v1/dataset/4bcae866-3411-439a-b762-90a6187c194b/data (FQHC Enrollments, 2026-07-17)","CMS FQHC Enrollments carries 'CARETEAM PLUS INC' against CCNs 421057, 421095, 421113."
SC,Lexington Health,HOSPITAL_OR_SYSTEM,"health system (Lexington Medical Center, CCN 420073)",ORG_WEBSITE,"https://data.cms.gov/provider-data/dataset/xubh-q36u (Hospital Enrollments, 2026-07-31)","CMS Hospital Enrollments carries ORGANIZATION NAME 'LEXINGTON HEALTH INC', West Columbia SC, against CCN 420073, plus RHC enrolments."
SC,Infinity Family Healthcare,PHYSICIAN_PRACTICE,clinician practice (primary care),GENERAL_KNOWLEDGE,"no citable source for the FORM; the answer is this project's own knowledge (§0.4, session 49 policy 3)",A primary-care practice.
SC,Able South Carolina,NONPROFIT_CBO,community-based nonprofit (centre for independent living),ORG_WEBSITE,https://projects.propublica.org/nonprofits/ (IRS Business Master File / Form 990),"The IRS Business Master File carries Able South Carolina, Columbia SC, as a 501(c)(3). A centre for independent living, not a provider."
SC,Aiken Endocrinology,PHYSICIAN_PRACTICE,physician practice,GENERAL_KNOWLEDGE,"no citable source for the FORM; the answer is this project's own knowledge (§0.4, session 49 policy 3)",A single-specialty endocrinology practice.
SC,Healistic Woundcare Management Group,OTHER,mobile wound-care services provider,GENERAL_KNOWLEDGE,"no citable source for the FORM; the answer is this project's own knowledge (§0.4, session 49 policy 3)",A wound-care services provider.
SC,Midlands Neurology and Pain Associates,PHYSICIAN_PRACTICE,physician practice,GENERAL_KNOWLEDGE,"no citable source for the FORM; the answer is this project's own knowledge (§0.4, session 49 policy 3)",A single-specialty neurology and pain practice.
SC,"Ehrhardt Medical Practice, LLC",PHYSICIAN_PRACTICE,physician practice,GENERAL_KNOWLEDGE,"no citable source for the FORM; the answer is this project's own knowledge (§0.4, session 49 policy 3)",A medical practice; the awardee string states the form.
SC,Self Regional Healthcare (Lakelands Region),HOSPITAL_OR_SYSTEM,"health system (Self Regional Healthcare, CCN 420071)",ORG_WEBSITE,"https://data.cms.gov/provider-data/dataset/xubh-q36u (Hospital Enrollments, 2026-07-31)","CMS Hospital Enrollments carries ORGANIZATION NAME 'SELF REGIONAL HEALTHCARE', Greenwood SC, against CCN 420071, plus four RHC enrolments. South Carolina spells it EIGHT ways, each with a different site in parentheses; none is merged (§2)."
SC,"Prisma Health-Upstate (Oconee, Lee, and Laurens)",HOSPITAL_OR_SYSTEM,"health system (Prisma Health, CCNs 420009, 420015, 420018, 420033 and others)",ORG_WEBSITE,"https://data.cms.gov/provider-data/dataset/xubh-q36u (Hospital Enrollments, 2026-07-31)","CMS Hospital Enrollments carries ORGANIZATION NAME 'PRISMA HEALTH-UPSTATE', 'PRISMA HEALTH-MIDLANDS' and 'PRISMA HEALTH OCONEE MEMORIAL HOSPITAL' against South Carolina CCNs. South Carolina spells this system TEN different ways across its award list and NONE is merged (§2) -- session 47 measured the three that differ by a single space run."
SC,"Prisma Health-Upstate (Oconee, Laurens)",HOSPITAL_OR_SYSTEM,"health system (Prisma Health, CCNs 420009, 420015, 420018, 420033 and others)",ORG_WEBSITE,"https://data.cms.gov/provider-data/dataset/xubh-q36u (Hospital Enrollments, 2026-07-31)","CMS Hospital Enrollments carries ORGANIZATION NAME 'PRISMA HEALTH-UPSTATE', 'PRISMA HEALTH-MIDLANDS' and 'PRISMA HEALTH OCONEE MEMORIAL HOSPITAL' against South Carolina CCNs. South Carolina spells this system TEN different ways across its award list and NONE is merged (§2) -- session 47 measured the three that differ by a single space run."
SC,McLeod Health,HOSPITAL_OR_SYSTEM,"health system (McLeod Health, CCNs 420107, 420109 and others)",ORG_WEBSITE,"https://data.cms.gov/provider-data/dataset/xubh-q36u (Hospital Enrollments, 2026-07-31)","CMS Hospital Enrollments carries McLeod Health hospitals (Cheraw 420107, Clarendon 420109, Dillon 420005) under that name."
SC,"New Beginnings Family Healthcare, LLC",PHYSICIAN_PRACTICE,clinician practice (primary care),GENERAL_KNOWLEDGE,"no citable source for the FORM; the answer is this project's own knowledge (§0.4, session 49 policy 3)",A primary-care practice.
SC,Care Net of Lancaster,FQHC_OR_RHC,federally qualified health center,ORG_WEBSITE,"https://data.cms.gov/data-api/v1/dataset/4bcae866-3411-439a-b762-90a6187c194b/data (FQHC Enrollments, 2026-07-17)",CMS FQHC Enrollments carries 'CARE-NET OF LANCASTER' against CCNs 421951 (Kershaw) and 421967 (Lancaster).
SC,Cherokee Community Care,FQHC_OR_RHC,rural health clinic,ORG_WEBSITE,"https://data.cms.gov/data-api/v1/dataset/3b7e7659-067e-41ea-8e36-f9ee2036e1f6/data (RHC Enrollments, 2026-07-17)","CMS RHC Enrollments carries 'CHEROKEE COMMUNITY CARE, LLC' against CCN 428948, Gaffney SC."
SC,Fairfield Medical Associates,FQHC_OR_RHC,rural health clinic,ORG_WEBSITE,"https://data.cms.gov/data-api/v1/dataset/3b7e7659-067e-41ea-8e36-f9ee2036e1f6/data (RHC Enrollments, 2026-07-17)","CMS RHC Enrollments carries 'FAIRFIELD MEDICAL ASSOCIATES, PA.' against CCN 423840, Winnsboro SC."
SC,Edisto Indian Free Clinic,NONPROFIT_CBO,charitable free clinic,ORG_WEBSITE,https://projects.propublica.org/nonprofits/ (IRS Business Master File / Form 990),"The IRS Business Master File carries Edisto Indian Free Clinic, Ridgeville SC, as a 501(c)(3) with NTEE E32 (community clinic)."
SC,Community Initiatives Inc.,NONPROFIT_CBO,"501(c)(3) human-services nonprofit (IRS EIN 31-1741660, NTEE P20), Greenwood SC",ORG_WEBSITE,"https://npiregistry.cms.hhs.gov/ (NPPES NPI Registry) + https://www.irs.gov/pub/irs-soi/eo_sc.csv (IRS EO Business Master File), archived data/evidence/federal_records/2026-09-22/","SESSION 51, AND IT WAS REFUSED IN SESSION 50. Two federal publishers carry the state's awardee string exactly and put it in ONE city: the IRS Exempt Organizations Business Master File has 'COMMUNITY INITIATIVES INC', Greenwood SC, a 501(c)(3) with NTEE code P20 (human service organisations), and it is the ONLY organisation of that name in the South Carolina file; NPPES has 'COMMUNITY INITIATIVES, INC.', Greenwood SC, NPI 1235502808, taxonomy 'Voluntary or Charitable'. Neither is a CMS provider enrolment and neither is a hospital. The form is therefore DETERMINED, and it is the one §8's fallback happened to name -- so the type does not move, but the row stops asserting the form is unknown. $0 either way. Both SC rows keep the state's own spelling."
SC,Bamberg Family Practice,PHYSICIAN_PRACTICE,physician practice,GENERAL_KNOWLEDGE,"no citable source for the FORM; the answer is this project's own knowledge (§0.4, session 49 policy 3)",A family medicine practice.
SC,AnMed,HOSPITAL_OR_SYSTEM,"health system (AnMed Health, CCN 420027)",ORG_WEBSITE,"https://data.cms.gov/provider-data/dataset/xubh-q36u (Hospital Enrollments, 2026-07-31)","CMS Hospital Enrollments carries ORGANIZATION NAME 'ANMED', Anderson SC, against CCN 420027."
SC,Fetter Health Care Network,FQHC_OR_RHC,federally qualified health center,ORG_WEBSITE,"https://data.cms.gov/data-api/v1/dataset/4bcae866-3411-439a-b762-90a6187c194b/data (FQHC Enrollments, 2026-07-17)","CMS FQHC Enrollments carries 'FETTER HEALTH CARE NETWORK INC' against CCNs 421044, 421051, 421053, 421087 and others."
SC,Low Country Health Care System,FQHC_OR_RHC,federally qualified health center,ORG_WEBSITE,"https://data.cms.gov/data-api/v1/dataset/4bcae866-3411-439a-b762-90a6187c194b/data (FQHC Enrollments, 2026-07-17)","CMS FQHC Enrollments carries 'LOW COUNTRY HEALTH CARE SYSTEM INC' against CCNs 421040, 421043, 421054, 421056 and others."
SC,"Carolina Health Centers, Inc.",FQHC_OR_RHC,federally qualified health center,ORG_WEBSITE,"https://data.cms.gov/data-api/v1/dataset/4bcae866-3411-439a-b762-90a6187c194b/data (FQHC Enrollments, 2026-07-17)","CMS FQHC Enrollments carries 'CAROLINA HEALTH CENTERS INC' against CCNs 421042, 421094, 421105, 421107 and others."
SC,Tandem Health SC,FQHC_OR_RHC,federally qualified health center,ORG_WEBSITE,"https://data.cms.gov/data-api/v1/dataset/4bcae866-3411-439a-b762-90a6187c194b/data (FQHC Enrollments, 2026-07-17)","CMS FQHC Enrollments carries 'TANDEM HEALTH SC' against CCNs 421009, 421058, 421102, 421106."
SC,The Center for Women's Health,PHYSICIAN_PRACTICE,physician practice (obstetrics and gynaecology),GENERAL_KNOWLEDGE,"no citable source for the FORM; the answer is this project's own knowledge (§0.4, session 49 policy 3)",An obstetrics and gynaecology practice.
SC,"Family Health Centers, Inc.",FQHC_OR_RHC,federally qualified health center,ORG_WEBSITE,"https://data.cms.gov/data-api/v1/dataset/4bcae866-3411-439a-b762-90a6187c194b/data (FQHC Enrollments, 2026-07-17)","CMS FQHC Enrollments carries 'FAMILY HEALTH CENTERS, INC.' against CCNs 421007, 421026, 421804, 421805 and others."
SC,"Health Care Partners of South Carolina, Inc.",FQHC_OR_RHC,federally qualified health center,ORG_WEBSITE,"https://data.cms.gov/data-api/v1/dataset/4bcae866-3411-439a-b762-90a6187c194b/data (FQHC Enrollments, 2026-07-17)","CMS FQHC Enrollments carries this operator against CCNs 421038, 421069, 421088, 421092 and others."
SC,St. James Health and Wellness,FQHC_OR_RHC,federally qualified health center,ORG_WEBSITE,"https://data.cms.gov/data-api/v1/dataset/4bcae866-3411-439a-b762-90a6187c194b/data (FQHC Enrollments, 2026-07-17)","CMS FQHC Enrollments carries 'ST JAMES HEALTH AND WELLNESS INC' against CCNs 421010, 421022, 421082, 421838."
SC,The Carolina Center for Behavioral Health,HOSPITAL_OR_SYSTEM,psychiatric hospital (CCN 424010),ORG_WEBSITE,"https://data.cms.gov/provider-data/dataset/xubh-q36u (Hospital Enrollments, 2026-07-31)","CMS Hospital Enrollments carries DBA 'CAROLINA CENTER FOR BEHAVIORAL HEALTH', Greer SC, against CCN 424010, SUBGROUP - PSYCHIATRIC = Y; the legal name is UHS of Greenville, LLC."
SC,Acadia Healthcare Co.,HOSPITAL_OR_SYSTEM,behavioural health system operating psychiatric hospitals,GENERAL_KNOWLEDGE,"no citable source for the FORM; the answer is this project's own knowledge (§0.4, session 49 policy 3)","THE LARGEST SINGLE JUDGEMENT IN THIS PASS AND IT IS QUEUED AS WELL AS TYPED. Acadia Healthcare Company is a hospital operator: its South Carolina estate includes Lighthouse Behavioral Health Hospital, Conway (CCN 424002, legal name HHC South Carolina Inc, SUBGROUP - PSYCHIATRIC = Y). But the awardee is the CORPORATE PARENT, whose South Carolina estate ALSO includes two outpatient comprehensive treatment centres that are not hospitals, and no source says how the award divides. §0.3a codes the RECIPIENT and the recipient is a hospital company, so it is typed HOSPITAL_OR_SYSTEM at LOW and queued as SC_ACADIA_PARENT_SCOPE so a reader can subtract it."
SC,Foothills Area YMCA,NONPROFIT_CBO,community-based nonprofit,GENERAL_KNOWLEDGE,"no citable source for the FORM; the answer is this project's own knowledge (§0.4, session 49 policy 3)",A YMCA association.
SC,Prisma Health- Upstate (Anderson),HOSPITAL_OR_SYSTEM,"health system (Prisma Health, CCNs 420009, 420015, 420018, 420033 and others)",ORG_WEBSITE,"https://data.cms.gov/provider-data/dataset/xubh-q36u (Hospital Enrollments, 2026-07-31)","CMS Hospital Enrollments carries ORGANIZATION NAME 'PRISMA HEALTH-UPSTATE', 'PRISMA HEALTH-MIDLANDS' and 'PRISMA HEALTH OCONEE MEMORIAL HOSPITAL' against South Carolina CCNs. South Carolina spells this system TEN different ways across its award list and NONE is merged (§2) -- session 47 measured the three that differ by a single space run."
SC,"Prisma Health-Midlands (Orangeburg, Aiken, Oconee)",HOSPITAL_OR_SYSTEM,"health system (Prisma Health, CCNs 420009, 420015, 420018, 420033 and others)",ORG_WEBSITE,"https://data.cms.gov/provider-data/dataset/xubh-q36u (Hospital Enrollments, 2026-07-31)","CMS Hospital Enrollments carries ORGANIZATION NAME 'PRISMA HEALTH-UPSTATE', 'PRISMA HEALTH-MIDLANDS' and 'PRISMA HEALTH OCONEE MEMORIAL HOSPITAL' against South Carolina CCNs. South Carolina spells this system TEN different ways across its award list and NONE is merged (§2) -- session 47 measured the three that differ by a single space run."
SC,Prisma Health-Upstate,HOSPITAL_OR_SYSTEM,"health system (Prisma Health, CCNs 420009, 420015, 420018, 420033 and others)",ORG_WEBSITE,"https://data.cms.gov/provider-data/dataset/xubh-q36u (Hospital Enrollments, 2026-07-31)","CMS Hospital Enrollments carries ORGANIZATION NAME 'PRISMA HEALTH-UPSTATE', 'PRISMA HEALTH-MIDLANDS' and 'PRISMA HEALTH OCONEE MEMORIAL HOSPITAL' against South Carolina CCNs. South Carolina spells this system TEN different ways across its award list and NONE is merged (§2) -- session 47 measured the three that differ by a single space run."
SC,SCDBHDD Office of Mental Health (Beckman Center),STATE_AGENCY,a South Carolina state agency (Department of Behavioral Health and Developmental Disabilities) and its state-operated community mental health centres,GENERAL_KNOWLEDGE,"no citable source for the FORM; the answer is this project's own knowledge (§0.4, session 49 policy 3)","SCDBHDD is the South Carolina Department of Behavioral Health and Developmental Disabilities -- a STATE AGENCY -- and the centre named in the parenthesis is one of its own state-operated community mental health centres, not an independent grantee. Session 47 deliberately left these nineteen rows on §8's fallback because §8's NAME rule does not reach an acronym; typing them directly is what this pass is for, and it moves $0 because they were already distributed_to_hospital = No."
SC,Good Samaritan Clinic,NONPROFIT_CBO,charitable free clinic,GENERAL_KNOWLEDGE,"no citable source for the FORM; the answer is this project's own knowledge (§0.4, session 49 policy 3)",A charitable free clinic.
SC,The Free Medical Clinic,NONPROFIT_CBO,charitable free clinic,GENERAL_KNOWLEDGE,"no citable source for the FORM; the answer is this project's own knowledge (§0.4, session 49 policy 3)",A charitable free clinic.
SC,Alpha Behavioral Health Center,OTHER,outpatient behavioural health practice,GENERAL_KNOWLEDGE,"no citable source for the FORM; the answer is this project's own knowledge (§0.4, session 49 policy 3)",An outpatient behavioural health practice.
SC,The Palmetto Palace,NONPROFIT_CBO,community-based health nonprofit (mobile health unit),ORG_WEBSITE,https://projects.propublica.org/nonprofits/ (IRS Business Master File / Form 990),"The IRS Business Master File carries The Palmetto Palace, Johns Island SC, as a 501(c)(3) with NTEE E99."
SC,"Due West Pharmacy and Wellness, LLC",OTHER,retail pharmacy,GENERAL_KNOWLEDGE,"no citable source for the FORM; the answer is this project's own knowledge (§0.4, session 49 policy 3)",A retail pharmacy -- session 49's precedent for OTHER.
SC,Prisma Health (Oconee),HOSPITAL_OR_SYSTEM,"health system (Prisma Health, CCNs 420009, 420015, 420018, 420033 and others)",ORG_WEBSITE,"https://data.cms.gov/provider-data/dataset/xubh-q36u (Hospital Enrollments, 2026-07-31)","CMS Hospital Enrollments carries ORGANIZATION NAME 'PRISMA HEALTH-UPSTATE', 'PRISMA HEALTH-MIDLANDS' and 'PRISMA HEALTH OCONEE MEMORIAL HOSPITAL' against South Carolina CCNs. South Carolina spells this system TEN different ways across its award list and NONE is merged (§2) -- session 47 measured the three that differ by a single space run."
SC,Barnwell County,LOCAL_GOVT_OR_PUBLIC_HEALTH,county government,GENERAL_KNOWLEDGE,"no citable source for the FORM; the answer is this project's own knowledge (§0.4, session 49 policy 3)",A county government. The awardee string is a county and nothing else.
SC,ReGenesis Health Care,FQHC_OR_RHC,federally qualified health center,ORG_WEBSITE,"https://data.cms.gov/data-api/v1/dataset/4bcae866-3411-439a-b762-90a6187c194b/data (FQHC Enrollments, 2026-07-17)",CMS FQHC Enrollments carries 'REGENESIS HEALTH CARE INC' against CCNs 421099 and 421878.
SC,"Graceful Health Solutions, LLC",OTHER,"for-profit community health clinic operated as a limited liability company (NPPES taxonomy 'Clinic/Center, Community Health'), Spartanburg SC -- NOT an enrolled FQHC or RHC",ORG_WEBSITE,"https://npiregistry.cms.hhs.gov/ (NPPES NPI Registry), archived data/evidence/federal_records/2026-09-22/","SESSION 51, AND IT WAS REFUSED IN SESSION 50. NPPES carries 'GRACEFUL HEALTH SOLUTIONS LLC', Spartanburg SC, NPI 1841015161, enumerated 2024-11-21, taxonomy 261QC1500X 'Clinic/Center, Community Health' -- the only organisation of that name in South Carolina. It appears in NONE of CMS's FQHC, RHC, hospital, home health, hospice or SNF enrolment files for South Carolina, so FQHC_OR_RHC would assert a federal designation the federal record does not carry. An LLC clinic is not a nonprofit CBO and not a physician practice on any source in hand, so it is §8's OTHER with the determined form stated. Not a hospital: $0 either way."
SC,Pee Dee Regional Transportation Authority,OTHER,regional public transportation authority,GENERAL_KNOWLEDGE,"no citable source for the FORM; the answer is this project's own knowledge (§0.4, session 49 policy 3)",A regional public transportation authority. Session 49 typed a non-emergency medical transport company OTHER; this is the public form of the same thing.
SC,Palmetto Care Connections,NONPROFIT_CBO,telehealth nonprofit,GENERAL_KNOWLEDGE,"no citable source for the FORM; the answer is this project's own knowledge (§0.4, session 49 policy 3)",A South Carolina telehealth nonprofit.
SC,"At Your Place Healthcare, LLC",OTHER,in-home care provider,GENERAL_KNOWLEDGE,"no citable source for the FORM; the answer is this project's own knowledge (§0.4, session 49 policy 3)",An in-home care provider.
SC,HopeHealth Inc.,FQHC_OR_RHC,federally qualified health center,ORG_WEBSITE,"https://data.cms.gov/data-api/v1/dataset/4bcae866-3411-439a-b762-90a6187c194b/data (FQHC Enrollments, 2026-07-17)","CMS FQHC Enrollments carries 'HOPEHEALTH, INC.' against CCNs 421000, 421001, 421008, 421028 and others."
SC,Servants for Sight,NONPROFIT_CBO,charitable vision-care nonprofit,ORG_WEBSITE,https://projects.propublica.org/nonprofits/ (IRS Business Master File / Form 990),"The IRS Business Master File carries Servants For Sight, Greenville SC, as a 501(c)(3) with NTEE G41."
SC,Joseph H. Neal Health Collaborative,NONPROFIT_CBO,community-based health nonprofit,ORG_WEBSITE,https://projects.propublica.org/nonprofits/ (IRS Business Master File / Form 990),"The IRS Business Master File carries Joseph H Neal Health Collaborative, Cayce SC, as a 501(c)(3). Its NTEE code reads E24; the organisation is a community health nonprofit and NOT a hospital, and an NTEE code alone is not read as a hospital determination here."
SC,SCDBHDD Office of Mental Health & Envoy Portfolio (Greater Greenville Mental Health Center),STATE_AGENCY,a South Carolina state agency (Department of Behavioral Health and Developmental Disabilities) and its state-operated community mental health centres,GENERAL_KNOWLEDGE,"no citable source for the FORM; the answer is this project's own knowledge (§0.4, session 49 policy 3)","SCDBHDD is the South Carolina Department of Behavioral Health and Developmental Disabilities -- a STATE AGENCY -- and the centre named in the parenthesis is one of its own state-operated community mental health centres, not an independent grantee. Session 47 deliberately left these nineteen rows on §8's fallback because §8's NAME rule does not reach an acronym; typing them directly is what this pass is for, and it moves $0 because they were already distributed_to_hospital = No."
SC,SCDBHDD Office of Mental Health & Envoy Portfolio (Columbia Area Mental Health Center),STATE_AGENCY,a South Carolina state agency (Department of Behavioral Health and Developmental Disabilities) and its state-operated community mental health centres,GENERAL_KNOWLEDGE,"no citable source for the FORM; the answer is this project's own knowledge (§0.4, session 49 policy 3)","SCDBHDD is the South Carolina Department of Behavioral Health and Developmental Disabilities -- a STATE AGENCY -- and the centre named in the parenthesis is one of its own state-operated community mental health centres, not an independent grantee. Session 47 deliberately left these nineteen rows on §8's fallback because §8's NAME rule does not reach an acronym; typing them directly is what this pass is for, and it moves $0 because they were already distributed_to_hospital = No."
SC,SCDBHDD Office of Mental Health & Envoy Portfolio (Lexington County Community Mental Health Center),STATE_AGENCY,a South Carolina state agency (Department of Behavioral Health and Developmental Disabilities) and its state-operated community mental health centres,GENERAL_KNOWLEDGE,"no citable source for the FORM; the answer is this project's own knowledge (§0.4, session 49 policy 3)","SCDBHDD is the South Carolina Department of Behavioral Health and Developmental Disabilities -- a STATE AGENCY -- and the centre named in the parenthesis is one of its own state-operated community mental health centres, not an independent grantee. Session 47 deliberately left these nineteen rows on §8's fallback because §8's NAME rule does not reach an acronym; typing them directly is what this pass is for, and it moves $0 because they were already distributed_to_hospital = No."
SC,SCDBHDD Office of Mental Health & Envoy Portfolio (Anderson-Oconee-Pickens Mental Health Center),STATE_AGENCY,a South Carolina state agency (Department of Behavioral Health and Developmental Disabilities) and its state-operated community mental health centres,GENERAL_KNOWLEDGE,"no citable source for the FORM; the answer is this project's own knowledge (§0.4, session 49 policy 3)","SCDBHDD is the South Carolina Department of Behavioral Health and Developmental Disabilities -- a STATE AGENCY -- and the centre named in the parenthesis is one of its own state-operated community mental health centres, not an independent grantee. Session 47 deliberately left these nineteen rows on §8's fallback because §8's NAME rule does not reach an acronym; typing them directly is what this pass is for, and it moves $0 because they were already distributed_to_hospital = No."
SC,SCDBHDD Office of Mental Health & Envoy Portfolio (Catawba Community Mental Health Center),STATE_AGENCY,a South Carolina state agency (Department of Behavioral Health and Developmental Disabilities) and its state-operated community mental health centres,GENERAL_KNOWLEDGE,"no citable source for the FORM; the answer is this project's own knowledge (§0.4, session 49 policy 3)","SCDBHDD is the South Carolina Department of Behavioral Health and Developmental Disabilities -- a STATE AGENCY -- and the centre named in the parenthesis is one of its own state-operated community mental health centres, not an independent grantee. Session 47 deliberately left these nineteen rows on §8's fallback because §8's NAME rule does not reach an acronym; typing them directly is what this pass is for, and it moves $0 because they were already distributed_to_hospital = No."
SC,SCDBHDD Office of Mental Health & Envoy Portfolio (Orangeburg Area Mental Health Center),STATE_AGENCY,a South Carolina state agency (Department of Behavioral Health and Developmental Disabilities) and its state-operated community mental health centres,GENERAL_KNOWLEDGE,"no citable source for the FORM; the answer is this project's own knowledge (§0.4, session 49 policy 3)","SCDBHDD is the South Carolina Department of Behavioral Health and Developmental Disabilities -- a STATE AGENCY -- and the centre named in the parenthesis is one of its own state-operated community mental health centres, not an independent grantee. Session 47 deliberately left these nineteen rows on §8's fallback because §8's NAME rule does not reach an acronym; typing them directly is what this pass is for, and it moves $0 because they were already distributed_to_hospital = No."
SC,SCDBHDD Office of Mental Health & Envoy Portfolio (Berkeley Community Mental Health Center),STATE_AGENCY,a South Carolina state agency (Department of Behavioral Health and Developmental Disabilities) and its state-operated community mental health centres,GENERAL_KNOWLEDGE,"no citable source for the FORM; the answer is this project's own knowledge (§0.4, session 49 policy 3)","SCDBHDD is the South Carolina Department of Behavioral Health and Developmental Disabilities -- a STATE AGENCY -- and the centre named in the parenthesis is one of its own state-operated community mental health centres, not an independent grantee. Session 47 deliberately left these nineteen rows on §8's fallback because §8's NAME rule does not reach an acronym; typing them directly is what this pass is for, and it moves $0 because they were already distributed_to_hospital = No."
SC,SCDBHDD Office of Mental Health & Envoy Portfolio (Pee Dee Mental Health Center),STATE_AGENCY,a South Carolina state agency (Department of Behavioral Health and Developmental Disabilities) and its state-operated community mental health centres,GENERAL_KNOWLEDGE,"no citable source for the FORM; the answer is this project's own knowledge (§0.4, session 49 policy 3)","SCDBHDD is the South Carolina Department of Behavioral Health and Developmental Disabilities -- a STATE AGENCY -- and the centre named in the parenthesis is one of its own state-operated community mental health centres, not an independent grantee. Session 47 deliberately left these nineteen rows on §8's fallback because §8's NAME rule does not reach an acronym; typing them directly is what this pass is for, and it moves $0 because they were already distributed_to_hospital = No."
SC,SCDBHDD Office of Mental Health & Envoy Portfolio (Aiken-Barnwell Mental Health Center),STATE_AGENCY,a South Carolina state agency (Department of Behavioral Health and Developmental Disabilities) and its state-operated community mental health centres,GENERAL_KNOWLEDGE,"no citable source for the FORM; the answer is this project's own knowledge (§0.4, session 49 policy 3)","SCDBHDD is the South Carolina Department of Behavioral Health and Developmental Disabilities -- a STATE AGENCY -- and the centre named in the parenthesis is one of its own state-operated community mental health centres, not an independent grantee. Session 47 deliberately left these nineteen rows on §8's fallback because §8's NAME rule does not reach an acronym; typing them directly is what this pass is for, and it moves $0 because they were already distributed_to_hospital = No."
SC,SCDBHDD Office of Mental Health & Envoy Portfolio (Spartanburg Area Mental Health Center),STATE_AGENCY,a South Carolina state agency (Department of Behavioral Health and Developmental Disabilities) and its state-operated community mental health centres,GENERAL_KNOWLEDGE,"no citable source for the FORM; the answer is this project's own knowledge (§0.4, session 49 policy 3)","SCDBHDD is the South Carolina Department of Behavioral Health and Developmental Disabilities -- a STATE AGENCY -- and the centre named in the parenthesis is one of its own state-operated community mental health centres, not an independent grantee. Session 47 deliberately left these nineteen rows on §8's fallback because §8's NAME rule does not reach an acronym; typing them directly is what this pass is for, and it moves $0 because they were already distributed_to_hospital = No."
SC,SCDBHDD Office of Mental Health & Envoy Portfolio (Waccamaw Center for Mental Health),STATE_AGENCY,a South Carolina state agency (Department of Behavioral Health and Developmental Disabilities) and its state-operated community mental health centres,GENERAL_KNOWLEDGE,"no citable source for the FORM; the answer is this project's own knowledge (§0.4, session 49 policy 3)","SCDBHDD is the South Carolina Department of Behavioral Health and Developmental Disabilities -- a STATE AGENCY -- and the centre named in the parenthesis is one of its own state-operated community mental health centres, not an independent grantee. Session 47 deliberately left these nineteen rows on §8's fallback because §8's NAME rule does not reach an acronym; typing them directly is what this pass is for, and it moves $0 because they were already distributed_to_hospital = No."
SC,SCDBHDD Office of Mental Health & Envoy Portfolio (Tri-County Community Mental Health Center),STATE_AGENCY,a South Carolina state agency (Department of Behavioral Health and Developmental Disabilities) and its state-operated community mental health centres,GENERAL_KNOWLEDGE,"no citable source for the FORM; the answer is this project's own knowledge (§0.4, session 49 policy 3)","SCDBHDD is the South Carolina Department of Behavioral Health and Developmental Disabilities -- a STATE AGENCY -- and the centre named in the parenthesis is one of its own state-operated community mental health centres, not an independent grantee. Session 47 deliberately left these nineteen rows on §8's fallback because §8's NAME rule does not reach an acronym; typing them directly is what this pass is for, and it moves $0 because they were already distributed_to_hospital = No."
SC,SCDBHDD Office of Mental Health & Envoy Portfolio (Santee Wateree Community Mental Health Center),STATE_AGENCY,a South Carolina state agency (Department of Behavioral Health and Developmental Disabilities) and its state-operated community mental health centres,GENERAL_KNOWLEDGE,"no citable source for the FORM; the answer is this project's own knowledge (§0.4, session 49 policy 3)","SCDBHDD is the South Carolina Department of Behavioral Health and Developmental Disabilities -- a STATE AGENCY -- and the centre named in the parenthesis is one of its own state-operated community mental health centres, not an independent grantee. Session 47 deliberately left these nineteen rows on §8's fallback because §8's NAME rule does not reach an acronym; typing them directly is what this pass is for, and it moves $0 because they were already distributed_to_hospital = No."
SC,SCDBHDD Office of Mental Health & Envoy Portfolio (Coastal Empire Community Mental Health Center),STATE_AGENCY,a South Carolina state agency (Department of Behavioral Health and Developmental Disabilities) and its state-operated community mental health centres,GENERAL_KNOWLEDGE,"no citable source for the FORM; the answer is this project's own knowledge (§0.4, session 49 policy 3)","SCDBHDD is the South Carolina Department of Behavioral Health and Developmental Disabilities -- a STATE AGENCY -- and the centre named in the parenthesis is one of its own state-operated community mental health centres, not an independent grantee. Session 47 deliberately left these nineteen rows on §8's fallback because §8's NAME rule does not reach an acronym; typing them directly is what this pass is for, and it moves $0 because they were already distributed_to_hospital = No."
SC,SCDBHDD Office of Mental Health & Envoy Portfolio (Aiken Barnwell Mental Health Center),STATE_AGENCY,a South Carolina state agency (Department of Behavioral Health and Developmental Disabilities) and its state-operated community mental health centres,GENERAL_KNOWLEDGE,"no citable source for the FORM; the answer is this project's own knowledge (§0.4, session 49 policy 3)","SCDBHDD is the South Carolina Department of Behavioral Health and Developmental Disabilities -- a STATE AGENCY -- and the centre named in the parenthesis is one of its own state-operated community mental health centres, not an independent grantee. Session 47 deliberately left these nineteen rows on §8's fallback because §8's NAME rule does not reach an acronym; typing them directly is what this pass is for, and it moves $0 because they were already distributed_to_hospital = No."
SC,SCDBHDD Office of Mental Health (Beckman Center for Mental Health Services),STATE_AGENCY,a South Carolina state agency (Department of Behavioral Health and Developmental Disabilities) and its state-operated community mental health centres,GENERAL_KNOWLEDGE,"no citable source for the FORM; the answer is this project's own knowledge (§0.4, session 49 policy 3)","SCDBHDD is the South Carolina Department of Behavioral Health and Developmental Disabilities -- a STATE AGENCY -- and the centre named in the parenthesis is one of its own state-operated community mental health centres, not an independent grantee. Session 47 deliberately left these nineteen rows on §8's fallback because §8's NAME rule does not reach an acronym; typing them directly is what this pass is for, and it moves $0 because they were already distributed_to_hospital = No."
SC,SCDBHDD Office of Mental Health & Envoy Portfolio (Charleston Dorchester Mental Health Center),STATE_AGENCY,a South Carolina state agency (Department of Behavioral Health and Developmental Disabilities) and its state-operated community mental health centres,GENERAL_KNOWLEDGE,"no citable source for the FORM; the answer is this project's own knowledge (§0.4, session 49 policy 3)","SCDBHDD is the South Carolina Department of Behavioral Health and Developmental Disabilities -- a STATE AGENCY -- and the centre named in the parenthesis is one of its own state-operated community mental health centres, not an independent grantee. Session 47 deliberately left these nineteen rows on §8's fallback because §8's NAME rule does not reach an acronym; typing them directly is what this pass is for, and it moves $0 because they were already distributed_to_hospital = No."
SC,SCDBHDD Office of Mental Health (Spartanburg Area Mental Health Center),STATE_AGENCY,a South Carolina state agency (Department of Behavioral Health and Developmental Disabilities) and its state-operated community mental health centres,GENERAL_KNOWLEDGE,"no citable source for the FORM; the answer is this project's own knowledge (§0.4, session 49 policy 3)","SCDBHDD is the South Carolina Department of Behavioral Health and Developmental Disabilities -- a STATE AGENCY -- and the centre named in the parenthesis is one of its own state-operated community mental health centres, not an independent grantee. Session 47 deliberately left these nineteen rows on §8's fallback because §8's NAME rule does not reach an acronym; typing them directly is what this pass is for, and it moves $0 because they were already distributed_to_hospital = No."
SC,Prisma Health-Upstate (Bishopville),HOSPITAL_OR_SYSTEM,"health system (Prisma Health, CCNs 420009, 420015, 420018, 420033 and others)",ORG_WEBSITE,"https://data.cms.gov/provider-data/dataset/xubh-q36u (Hospital Enrollments, 2026-07-31)","CMS Hospital Enrollments carries ORGANIZATION NAME 'PRISMA HEALTH-UPSTATE', 'PRISMA HEALTH-MIDLANDS' and 'PRISMA HEALTH OCONEE MEMORIAL HOSPITAL' against South Carolina CCNs. South Carolina spells this system TEN different ways across its award list and NONE is merged (§2) -- session 47 measured the three that differ by a single space run."
SC,Prisma Health-Upstate (Laurens),HOSPITAL_OR_SYSTEM,"health system (Prisma Health, CCNs 420009, 420015, 420018, 420033 and others)",ORG_WEBSITE,"https://data.cms.gov/provider-data/dataset/xubh-q36u (Hospital Enrollments, 2026-07-31)","CMS Hospital Enrollments carries ORGANIZATION NAME 'PRISMA HEALTH-UPSTATE', 'PRISMA HEALTH-MIDLANDS' and 'PRISMA HEALTH OCONEE MEMORIAL HOSPITAL' against South Carolina CCNs. South Carolina spells this system TEN different ways across its award list and NONE is merged (§2) -- session 47 measured the three that differ by a single space run."
SC,Foothills Community Health Care,FQHC_OR_RHC,federally qualified health center,ORG_WEBSITE,"https://data.cms.gov/data-api/v1/dataset/4bcae866-3411-439a-b762-90a6187c194b/data (FQHC Enrollments, 2026-07-17)","CMS FQHC Enrollments carries 'FOOTHILLS COMMUNITY HEALTH CARE' against CCNs 421048, 421075, 421975."
SC,"South Carolina Comprehensive Treatment Center (CTC), LLC",OTHER,opioid treatment programme (outpatient),GENERAL_KNOWLEDGE,"no citable source for the FORM; the answer is this project's own knowledge (§0.4, session 49 policy 3)",An outpatient comprehensive treatment centre.
SC,Prisma Health-Upstate (Winnsboro),HOSPITAL_OR_SYSTEM,"health system (Prisma Health, CCNs 420009, 420015, 420018, 420033 and others)",ORG_WEBSITE,"https://data.cms.gov/provider-data/dataset/xubh-q36u (Hospital Enrollments, 2026-07-31)","CMS Hospital Enrollments carries ORGANIZATION NAME 'PRISMA HEALTH-UPSTATE', 'PRISMA HEALTH-MIDLANDS' and 'PRISMA HEALTH OCONEE MEMORIAL HOSPITAL' against South Carolina CCNs. South Carolina spells this system TEN different ways across its award list and NONE is merged (§2) -- session 47 measured the three that differ by a single space run."
SC,"Carolina Health Centers, Inc. (CHC)",FQHC_OR_RHC,federally qualified health center,ORG_WEBSITE,"https://data.cms.gov/data-api/v1/dataset/4bcae866-3411-439a-b762-90a6187c194b/data (FQHC Enrollments, 2026-07-17)",The same operator as the row above under South Carolina's second spelling (the acronym appended). Both kept (§2).
SC,"Smith Medical Clinic, LLC",PHYSICIAN_PRACTICE,physician practice,GENERAL_KNOWLEDGE,"no citable source for the FORM; the answer is this project's own knowledge (§0.4, session 49 policy 3)",A medical clinic practice.
SC,"Healthy Smiles of Spartanburg, Inc.",OTHER,nonprofit dental clinic,ORG_WEBSITE,https://projects.propublica.org/nonprofits/ (IRS Business Master File / Form 990),The IRS Business Master File carries Healthy Smiles Of Spartanburg Inc as a 501(c)(3) with NTEE E32 (community clinic); it is a dental clinic.
SC,Low Country Health Care System (LCHCS),FQHC_OR_RHC,federally qualified health center,ORG_WEBSITE,"https://data.cms.gov/data-api/v1/dataset/4bcae866-3411-439a-b762-90a6187c194b/data (FQHC Enrollments, 2026-07-17)",The same operator under South Carolina's second spelling. Both kept (§2).
SC,Tandem Health SC (THSC),FQHC_OR_RHC,federally qualified health center,ORG_WEBSITE,"https://data.cms.gov/data-api/v1/dataset/4bcae866-3411-439a-b762-90a6187c194b/data (FQHC Enrollments, 2026-07-17)",The same operator under South Carolina's second spelling. Both kept (§2).
SC,"Hand of Hope Children's Therapy Center, LLC",OTHER,outpatient paediatric therapy practice,GENERAL_KNOWLEDGE,"no citable source for the FORM; the answer is this project's own knowledge (§0.4, session 49 policy 3)",An outpatient paediatric therapy practice.
SC,Pinner Clinic,PHYSICIAN_PRACTICE,physician practice,GENERAL_KNOWLEDGE,"no citable source for the FORM; the answer is this project's own knowledge (§0.4, session 49 policy 3)",A clinic practice.
SC,Self Regional Healthcare (Saluda),HOSPITAL_OR_SYSTEM,"health system (Self Regional Healthcare, CCN 420071)",ORG_WEBSITE,"https://data.cms.gov/provider-data/dataset/xubh-q36u (Hospital Enrollments, 2026-07-31)","CMS Hospital Enrollments carries ORGANIZATION NAME 'SELF REGIONAL HEALTHCARE', Greenwood SC, against CCN 420071, plus four RHC enrolments. South Carolina spells it EIGHT ways, each with a different site in parentheses; none is merged (§2)."
SC,Pugh Drug Inc.,OTHER,retail pharmacy,GENERAL_KNOWLEDGE,"no citable source for the FORM; the answer is this project's own knowledge (§0.4, session 49 policy 3)",A retail pharmacy.
SC,Self Regional Healthcare (Newberry),HOSPITAL_OR_SYSTEM,"health system (Self Regional Healthcare, CCN 420071)",ORG_WEBSITE,"https://data.cms.gov/provider-data/dataset/xubh-q36u (Hospital Enrollments, 2026-07-31)","CMS Hospital Enrollments carries ORGANIZATION NAME 'SELF REGIONAL HEALTHCARE', Greenwood SC, against CCN 420071, plus four RHC enrolments. South Carolina spells it EIGHT ways, each with a different site in parentheses; none is merged (§2)."
SC,"Iva Drug Store, Inc.",OTHER,retail pharmacy,GENERAL_KNOWLEDGE,"no citable source for the FORM; the answer is this project's own knowledge (§0.4, session 49 policy 3)",A retail pharmacy.
SC,"Self Regional Healthcare (Imaging Center, Greenwood)",HOSPITAL_OR_SYSTEM,"health system (Self Regional Healthcare, CCN 420071)",ORG_WEBSITE,"https://data.cms.gov/provider-data/dataset/xubh-q36u (Hospital Enrollments, 2026-07-31)","CMS Hospital Enrollments carries ORGANIZATION NAME 'SELF REGIONAL HEALTHCARE', Greenwood SC, against CCN 420071, plus four RHC enrolments. South Carolina spells it EIGHT ways, each with a different site in parentheses; none is merged (§2)."
SC,Hospice & Palliative Care of Piedmont,OTHER,hospice,GENERAL_KNOWLEDGE,"no citable source for the FORM; the answer is this project's own knowledge (§0.4, session 49 policy 3)","A hospice -- session 49 typed a hospice's foundation OTHER on the same reasoning, and a hospice is not a hospital."
SC,Community Medical Clinic of Kershaw County,NONPROFIT_CBO,charitable free clinic,GENERAL_KNOWLEDGE,"no citable source for the FORM; the answer is this project's own knowledge (§0.4, session 49 policy 3)","A charitable free clinic. NOT KERSHAW MEDICAL CENTER, the MUSC hospital in the same county -- a different body with a similar county stem (§2)."
SC,Self Regional Healthcare (Abbeville),HOSPITAL_OR_SYSTEM,"health system (Self Regional Healthcare, CCN 420071)",ORG_WEBSITE,"https://data.cms.gov/provider-data/dataset/xubh-q36u (Hospital Enrollments, 2026-07-31)","CMS Hospital Enrollments carries ORGANIZATION NAME 'SELF REGIONAL HEALTHCARE', Greenwood SC, against CCN 420071, plus four RHC enrolments. South Carolina spells it EIGHT ways, each with a different site in parentheses; none is merged (§2)."
SC,"Beaufort Jasper Hampton Comprehensive Health Services, Inc.",FQHC_OR_RHC,federally qualified health center,ORG_WEBSITE,"https://data.cms.gov/data-api/v1/dataset/4bcae866-3411-439a-b762-90a6187c194b/data (FQHC Enrollments, 2026-07-17)","CMS FQHC Enrollments carries this operator against many South Carolina FQHC CCNs (421012, 421013, 421014, 421016 and others)."
SC,"Bishopville Dental, LLC",OTHER,dental practice,GENERAL_KNOWLEDGE,"no citable source for the FORM; the answer is this project's own knowledge (§0.4, session 49 policy 3)",A dental practice.
SC,Tidelands Health,HOSPITAL_OR_SYSTEM,health system (Tidelands Health),ORG_WEBSITE,"https://data.cms.gov/provider-data/dataset/xubh-q36u (Hospital Enrollments, 2026-07-31)",CMS Hospital Enrollments and RHC Enrollments both carry Tidelands Health facilities in Georgetown and Horry counties.
SC,Edgefield County Healthcare,HOSPITAL_OR_SYSTEM,critical access hospital (CCN 421304),ORG_WEBSITE,"https://data.cms.gov/provider-data/dataset/xubh-q36u (Hospital Enrollments, 2026-07-31)","CMS Hospital Enrollments carries 'EDGEFIELD COUNTY HEALTHCARE AN AFFILIATE OF SELF REGIONAL HEALTHCARE', Edgefield SC, against CCN 421304."
SC,Prisma Health-Upstate (Oconee),HOSPITAL_OR_SYSTEM,"health system (Prisma Health, CCNs 420009, 420015, 420018, 420033 and others)",ORG_WEBSITE,"https://data.cms.gov/provider-data/dataset/xubh-q36u (Hospital Enrollments, 2026-07-31)","CMS Hospital Enrollments carries ORGANIZATION NAME 'PRISMA HEALTH-UPSTATE', 'PRISMA HEALTH-MIDLANDS' and 'PRISMA HEALTH OCONEE MEMORIAL HOSPITAL' against South Carolina CCNs. South Carolina spells this system TEN different ways across its award list and NONE is merged (§2) -- session 47 measured the three that differ by a single space run."
SC,"Self Regional Healthcare (Montgomery Center, Greenwood)",HOSPITAL_OR_SYSTEM,"health system (Self Regional Healthcare, CCN 420071)",ORG_WEBSITE,"https://data.cms.gov/provider-data/dataset/xubh-q36u (Hospital Enrollments, 2026-07-31)","CMS Hospital Enrollments carries ORGANIZATION NAME 'SELF REGIONAL HEALTHCARE', Greenwood SC, against CCN 420071, plus four RHC enrolments. South Carolina spells it EIGHT ways, each with a different site in parentheses; none is merged (§2)."
SC,"Self Regional Healthcare (Optimum Life Rehabilitation Center, Greenwood)",HOSPITAL_OR_SYSTEM,"health system (Self Regional Healthcare, CCN 420071)",ORG_WEBSITE,"https://data.cms.gov/provider-data/dataset/xubh-q36u (Hospital Enrollments, 2026-07-31)","CMS Hospital Enrollments carries ORGANIZATION NAME 'SELF REGIONAL HEALTHCARE', Greenwood SC, against CCN 420071, plus four RHC enrolments. South Carolina spells it EIGHT ways, each with a different site in parentheses; none is merged (§2)."
SC,Self Regional Healthcare (Laurens),HOSPITAL_OR_SYSTEM,"health system (Self Regional Healthcare, CCN 420071)",ORG_WEBSITE,"https://data.cms.gov/provider-data/dataset/xubh-q36u (Hospital Enrollments, 2026-07-31)","CMS Hospital Enrollments carries ORGANIZATION NAME 'SELF REGIONAL HEALTHCARE', Greenwood SC, against CCN 420071, plus four RHC enrolments. South Carolina spells it EIGHT ways, each with a different site in parentheses; none is merged (§2)."
SC,McLeod Health on behalf of McLeod Health Dillon (MHD),HOSPITAL_OR_SYSTEM,"acute care hospital (McLeod Medical Center-Dillon, CCN 420005)",ORG_WEBSITE,"https://data.cms.gov/provider-data/dataset/xubh-q36u (Hospital Enrollments, 2026-07-31)",CMS Hospital Enrollments carries 'MCLEOD MEDICAL CENTER - DILLON' against CCN 420005. South Carolina's awardee string names the system and the hospital; both are hospitals.
SC,Ridgeland Comprehensive Treatment Center,OTHER,opioid treatment programme (outpatient),GENERAL_KNOWLEDGE,"no citable source for the FORM; the answer is this project's own knowledge (§0.4, session 49 policy 3)","An outpatient comprehensive treatment centre -- an opioid treatment programme, not a hospital."
SC,Rebound Behavioral Health,HOSPITAL_OR_SYSTEM,psychiatric hospital (CCN 424014),ORG_WEBSITE,"https://data.cms.gov/provider-data/dataset/xubh-q36u (Hospital Enrollments, 2026-07-31)","CMS Hospital Enrollments carries 'REBOUND BEHAVIORAL HEALTH LLC', Lancaster SC, against CCN 424014, SUBGROUP - PSYCHIATRIC = Y. A Medicare-certified psychiatric hospital is a hospital."
